GAMS 54.2.1  d9889eb3 Jul 13, 2026          DAX-DAC arm 64bit/macOS - 08/12/26 09:47:57 Page 1
GAMS CODE FOR "THE GEOGRAPHIC FOOTPRINT OF U.S. DAIRY POLICY," QUANTITATIVE ECONOMICS
C o m p i l a t i o n


   2  *THIS FILE RUNS SEVERAL COUNTERFACTUAL MODELS:
   3  *(1) REMOVAL OF FMMO PRICE DISTORTIONS (MODEL FMMO)
   4  *(2) IDEAL COMPONENT WEDGES THAT MAXIMIZE DOMESTIC CONSUMER SURPLUS WHILE PRESERVING REGIONAL LAND RENTS (MODEL BETTERWEDGESREG)
   5  *(3) REGIONAL MILK QUOTAS THAT MAXIMIZE DOMESTIC CONSUMER SURPLUS WHILE PRESERVING REGIONAL LAND + QUOTA RENTS (MODEL QUOTAREG)
   6  *(4) INCREASE OF FARM MILK TRADE COSTS UNTIL FARM MILK TRADE VANISHES (MODEL MILKTRADECOST)
   7  *(5) COMPONENT WEDGES RESHUFFLING TO INCREASE DOMESTIC LAND RENT TRANSFERS WITHOUT HURTING DOMESTIC CONSUMERS (MODEL BETTERSUPPORT)
   8  *(6) COMPARISON BETWEEN OPTIMAL WEDGES AND QUOTA WHEN EPSILON0 IS MADE EQUAL TO 100 (VERY ELASTIC FOREIGN DEMAND)
   9  *(7) REGIONAL MILK QUOTAS THAT MAXIMIZE DOMESTIC CONSUMER SURPLUS WHILE PRESERVING REGIONAL LAND + QUOTA RENTS BUT KEEPING
  10  *THE FULL ARBITRAGE REGARDING FARM MILK TRADE (MODEL QUOTAREG2)
  11  *(8) SIMULTANEOUS CHANGES IN COMPONENT PRICES TO DERIVE AGGREGATE COMPONENT DEMAND ELASTICITIES FOR BEVERAGE AND OTHER PRODUCTS (MODEL COMPDEMAND) SUPPORTING CLAIMS MADE IN APPENDIX G
  12  *(0) IN ADDITION, PARAMETER CALCULATIONS OR MODEL EQUATIONS ARE USED TO DERIVE KEY MODEL ELASTICITIES AS REPORTED IN SECTION 5 AND SUPPLEMENTAL APPENDIX D
  13   
  14  *THIS FILE HAS MANY SECTIONS. THE FILE SHOULD BE RUN SEPARATELY FOR EACH SECTION. THE USER SHOULD UNCOMMENT THE CODE LOCATED BETWEEN EACH PAIR ($ONTEXT, $OFFTEXT),
  15  *ONE PAIR AT A TIME.
  16   
  17  *THIS CODE WAS TESTED USING GAMS STUDIO 1.25.5 ON A 14-INCH 2021 APPLE MACBOOKPRO WITH APPLE M1 CHIP and 32GB OF MEMORY, RUNNING MACOS SONOMA 14.7
  18   
  19  ** SET OPTIONS
  20   
  21  option nlp = conopt3 ;
  22  option decimals = 8;
  23   
  24  ** DEFINE SETS, SCALARS, AND PARAMETERS
  25   
  26  sets        I           all regions         /Northeast, Appalachian, Florida, Southeast, Upper-Midwest, Central, Mideast, California, Pacific-Northwest, Southwest, Arizona, Unregulated, ROW/
  27              DOMI(I)     domestic regions    /Northeast, Appalachian, Florida, Southeast, Upper-Midwest, Central, Mideast, California, Pacific-Northwest, Southwest, Arizona, Unregulated/
  28   
  29              N           products            /Beverage, Softs, Cheese, Butter-Powder/
  30              SUBN(N)                         /Softs, Cheese, Butter-Powder/
  31   
  32              K           components          /Fat, Protein, Other-Solids/
  33   
  34              L           crops               /Grains, Oilseeds, Hay, Silage, Other-Crops /
  35              SUBL(L)                         /Grains, Oilseeds, Hay, Silage/
  36              SUBSUBL(SUBL)                   /Grains, Oilseeds, Hay/
  37              ;
  38   
  39  alias       (I, J)
  40              (DOMI, DOMJ, DOMII)
  41              (L, M)
  42              (SUBL, SUBM)
  43              (SUBSUBL, SUBSUBM)
  44              (N, O)
  45              (K, S)
  46              ;
  47   
  48  scalars     EPSILON         "absolute value of dairy product demand elasticity, 0 < e < 1"          /0.2/
  49              EPSILON0        "absolute value of foreign dairy product demand elasticity"             /1.3/
  50              KAPPA           "elasticity of substitution between dairy products, k > e"              /0.5/
  51              KAPPA0          "foreign elasticity of substitution between dairy products"             /1.8/
  52              RHO             "elasticity of substitution across feed crops, r > 0"                   /0.2/
  53              THETA           "heterogeneity parameter, > 1"                                          /1.05/
  54              ;
  55   
  56  parameters
  57  SIGMA(N) "elasticity of substitution between dairy product n origin regions, > 0"
  58      /   beverage        2.5
  59          softs           4
  60          cheese          4
  61          butter-powder   7 /
  62   
  63  SIGMA0(SUBN) "foreign elasticity of substitution between dairy product n origins, >0"
  64      /   softs           8
  65          cheese          8
  66          butter-powder   10 /
  67   
  68   
  69  VARSIGMA(N) "elasticity of substitution between components used in product n, > 0"
  70      /   beverage        0.3
  71          softs           0.8
  72          cheese          0.2
  73          butter-powder   0.2 /
  74  ;
  75   
  76   
  77  ** IMPORT CSV DATA
  78   
  79  **dairy products
  80  parameter   VALPRODSHIP(I, J, N)    "value of shipments of product N from region I to region J"
  81  /
INCLUDE    /Users/pierre/Dropbox/MMO analysis/Replication Package/GAMS CODE/CSV DATA FILES/CFS_Dairy_for_GAMS_Gravity.csv
  84  Appalachian,Appalachian,Beverage,1782148165.3015342
  85  Appalachian,Appalachian,Butter-Powder,974192191.1152948
  86  Appalachian,Appalachian,Cheese,389696043.65416527
  87  Appalachian,Appalachian,Softs,986109947.7246263
  88  Appalachian,Arizona,Beverage,14013693.182840606
  89  Appalachian,Arizona,Butter-Powder,20633390.602422774
  90  Appalachian,Arizona,Cheese,1437385.4090711756
  91  Appalachian,Arizona,Softs,6976122.205571187
  92  Appalachian,California,Beverage,56227343.20319041
  93  Appalachian,California,Butter-Powder,143502302.60789412
  94  Appalachian,California,Cheese,6001399.026197774
  95  Appalachian,California,Softs,37603388.852026515
  96  Appalachian,Central,Beverage,191589167.60650522
  97  Appalachian,Central,Butter-Powder,142159863.24882787
  98  Appalachian,Central,Cheese,25450488.162027728
  99  Appalachian,Central,Softs,138712687.54442778
 100  Appalachian,Florida,Beverage,110068392.51722738
 101  Appalachian,Florida,Butter-Powder,129375816.25100529
 102  Appalachian,Florida,Cheese,21468115.6649776
 103  Appalachian,Florida,Softs,42380005.72237762
 104  Appalachian,Mideast,Beverage,134263562.24474934
 105  Appalachian,Mideast,Butter-Powder,412435491.36670053
 106  Appalachian,Mideast,Cheese,28155752.41640289
 107  Appalachian,Mideast,Softs,103743169.36796202
 108  Appalachian,Northeast,Beverage,517675506.0108141
 109  Appalachian,Northeast,Butter-Powder,206273337.37512973
 110  Appalachian,Northeast,Cheese,56960943.42615106
 111  Appalachian,Northeast,Softs,276908056.6549669
 112  Appalachian,Pacific-Northwest,Beverage,32472142.63710408
 113  Appalachian,Pacific-Northwest,Butter-Powder,8625901.720565015
 114  Appalachian,Pacific-Northwest,Cheese,2405048.4919509534
 115  Appalachian,Pacific-Northwest,Softs,7993108.116880877
 116  Appalachian,Southeast,Beverage,282949151.86140907
 117  Appalachian,Southeast,Butter-Powder,235147631.4868147
 118  Appalachian,Southeast,Cheese,24310288.61688672
 119  Appalachian,Southeast,Softs,82103596.78088598
 120  Appalachian,Southwest,Beverage,118353832.9069332
 121  Appalachian,Southwest,Butter-Powder,111343706.16639817
 122  Appalachian,Southwest,Cheese,13235259.7343582
 123  Appalachian,Southwest,Softs,75531429.4267562
 124  Appalachian,Unregulated,Beverage,32672556.379267212
 125  Appalachian,Unregulated,Butter-Powder,21933870.494315352
 126  Appalachian,Unregulated,Cheese,6132806.905458424
 127  Appalachian,Unregulated,Softs,14773175.267404323
 128  Appalachian,Upper-Midwest,Beverage,43782513.45740196
 129  Appalachian,Upper-Midwest,Butter-Powder,43768216.05416336
 130  Appalachian,Upper-Midwest,Cheese,36971582.62482133
 131  Appalachian,Upper-Midwest,Softs,37121147.66268082
 132  Arizona,Appalachian,Beverage,17866286.515069284
 133  Arizona,Appalachian,Butter-Powder,14424424.611041337
 134  Arizona,Appalachian,Cheese,24992425.26359676
 135  Arizona,Appalachian,Softs,10027572.819705434
 136  Arizona,Arizona,Beverage,1073276688.6731968
 137  Arizona,Arizona,Butter-Powder,213138606.29991242
 138  Arizona,Arizona,Cheese,226731590.74111384
 139  Arizona,Arizona,Softs,134659533.98470083
 140  Arizona,California,Beverage,38373846.452539265
 141  Arizona,California,Butter-Powder,288894623.11611915
 142  Arizona,California,Cheese,115182115.17468324
 143  Arizona,California,Softs,77410216.35704601
 144  Arizona,Central,Beverage,39977912.000311166
 145  Arizona,Central,Butter-Powder,33661021.871388815
 146  Arizona,Central,Cheese,53411289.174020804
 147  Arizona,Central,Softs,46544366.04346712
 148  Arizona,Florida,Beverage,12788218.330165306
 149  Arizona,Florida,Butter-Powder,11153176.191206437
 150  Arizona,Florida,Cheese,19640423.069251582
 151  Arizona,Florida,Softs,6320344.810790699
 152  Arizona,Mideast,Beverage,10830220.134814894
 153  Arizona,Mideast,Butter-Powder,28789665.334139604
 154  Arizona,Mideast,Cheese,25616349.38940176
 155  Arizona,Mideast,Softs,14092019.775738066
 156  Arizona,Northeast,Beverage,36155468.79788421
 157  Arizona,Northeast,Butter-Powder,24213298.293374833
 158  Arizona,Northeast,Cheese,47225033.605080724
 159  Arizona,Northeast,Softs,29353180.993811928
 160  Arizona,Pacific-Northwest,Beverage,23909780.796501115
 161  Arizona,Pacific-Northwest,Butter-Powder,6367077.217059891
 162  Arizona,Pacific-Northwest,Cheese,15643285.465188988
 163  Arizona,Pacific-Northwest,Softs,6012884.887201658
 164  Arizona,Southeast,Beverage,23259905.613951266
 165  Arizona,Southeast,Butter-Powder,18382449.00582437
 166  Arizona,Southeast,Cheese,16155465.408957563
 167  Arizona,Southeast,Softs,9645512.517085116
 168  Arizona,Southwest,Beverage,65414047.99888288
 169  Arizona,Southwest,Butter-Powder,61952462.721926786
 170  Arizona,Southwest,Cheese,66522878.85485648
 171  Arizona,Southwest,Softs,78378446.31451443
 172  Arizona,Unregulated,Beverage,39049630.51761418
 173  Arizona,Unregulated,Butter-Powder,24014054.009687215
 174  Arizona,Unregulated,Cheese,57790729.588858515
 175  Arizona,Unregulated,Softs,19061104.08533463
 176  Arizona,Upper-Midwest,Beverage,9960727.344853703
 177  Arizona,Upper-Midwest,Butter-Powder,17174645.227456972
 178  Arizona,Upper-Midwest,Cheese,63404502.318521
 179  Arizona,Upper-Midwest,Softs,3005393.033521334
 180  California,Appalachian,Beverage,79088205.37829962
 181  California,Appalachian,Butter-Powder,69478444.70483364
 182  California,Appalachian,Cheese,257567145.94881192
 183  California,Appalachian,Softs,88793360.89399767
 184  California,Arizona,Beverage,112663471.84316671
 185  California,Arizona,Butter-Powder,35273220.53235473
 186  California,Arizona,Cheese,308155345.98684424
 187  California,Arizona,Softs,125211205.08153307
 188  California,California,Beverage,6218088424.192998
 189  California,California,Butter-Powder,3354859693.256206
 190  California,California,Cheese,4236204074.679033
 191  California,California,Softs,4671798956.650709
 192  California,Central,Beverage,214446680.0702853
 193  California,Central,Butter-Powder,145375854.21411034
 194  California,Central,Cheese,561102540.765449
 195  California,Central,Softs,246729560.46583974
 196  California,Florida,Beverage,51750437.77054885
 197  California,Florida,Butter-Powder,32460155.384400778
 198  California,Florida,Cheese,225203352.07177296
 199  California,Florida,Softs,46952388.418054216
 200  California,Mideast,Beverage,49139248.82425329
 201  California,Mideast,Butter-Powder,53505110.88230598
 202  California,Mideast,Cheese,283036492.92407405
 203  California,Mideast,Softs,96214659.84708942
 204  California,Northeast,Beverage,145662171.4399043
 205  California,Northeast,Butter-Powder,140210871.48425496
 206  California,Northeast,Cheese,546458497.2860597
 207  California,Northeast,Softs,200051076.6108451
 208  California,Pacific-Northwest,Beverage,195832227.67483926
 209  California,Pacific-Northwest,Butter-Powder,53992616.63119268
 210  California,Pacific-Northwest,Cheese,374019900.76191735
 211  California,Pacific-Northwest,Softs,96825813.51203683
 212  California,Southeast,Beverage,124194659.73605901
 213  California,Southeast,Butter-Powder,47130740.550908364
 214  California,Southeast,Cheese,172589477.1093925
 215  California,Southeast,Softs,84634415.13052861
 216  California,Southwest,Beverage,191664560.75176176
 217  California,Southwest,Butter-Powder,97098153.96389659
 218  California,Southwest,Cheese,470490271.87594324
 219  California,Southwest,Softs,199078886.8068884
 220  California,Unregulated,Beverage,242608419.50674713
 221  California,Unregulated,Butter-Powder,89763107.22098216
 222  California,Unregulated,Cheese,872386760.9254197
 223  California,Unregulated,Softs,180223709.29416296
 224  California,Upper-Midwest,Beverage,35522800.01260838
 225  California,Upper-Midwest,Butter-Powder,101264082.0447271
 226  California,Upper-Midwest,Cheese,736931778.661155
 227  California,Upper-Midwest,Softs,61505286.52088835
 228  Central,Appalachian,Beverage,205996773.700956
 229  Central,Appalachian,Butter-Powder,104714800.46161722
 230  Central,Appalachian,Cheese,351770274.009075
 231  Central,Appalachian,Softs,285269630.38315606
 232  Central,Arizona,Beverage,35153324.643965684
 233  Central,Arizona,Butter-Powder,13981933.1257966
 234  Central,Arizona,Cheese,34570898.32536366
 235  Central,Arizona,Softs,25244323.09266768
 236  Central,California,Beverage,93995815.22054815
 237  Central,California,Butter-Powder,181235078.95833313
 238  Central,California,Cheese,148918200.99974906
 239  Central,California,Softs,230276211.031376
 240  Central,Central,Beverage,4165304666.436148
 241  Central,Central,Butter-Powder,852137441.3219827
 242  Central,Central,Cheese,3472406006.611003
 243  Central,Central,Softs,3218915308.4724555
 244  Central,Florida,Beverage,89472736.28608562
 245  Central,Florida,Butter-Powder,48559737.89607743
 246  Central,Florida,Cheese,173272107.07144096
 247  Central,Florida,Softs,110326698.28013669
 248  Central,Mideast,Beverage,196541782.44406298
 249  Central,Mideast,Butter-Powder,257755505.24477273
 250  Central,Mideast,Cheese,542640665.5710855
 251  Central,Mideast,Softs,613316611.667035
 252  Central,Northeast,Beverage,334917289.6604896
 253  Central,Northeast,Butter-Powder,195635300.25667736
 254  Central,Northeast,Cheese,599690689.4016325
 255  Central,Northeast,Softs,714775987.1198728
 256  Central,Pacific-Northwest,Beverage,87292090.6818655
 257  Central,Pacific-Northwest,Butter-Powder,16816536.030550905
 258  Central,Pacific-Northwest,Cheese,62654481.23362813
 259  Central,Pacific-Northwest,Softs,52212235.10534276
 260  Central,Southeast,Beverage,298496810.25095564
 261  Central,Southeast,Butter-Powder,94976772.33102182
 262  Central,Southeast,Cheese,182901088.0147852
 263  Central,Southeast,Softs,226178252.80169317
 264  Central,Southwest,Beverage,300162404.2134282
 265  Central,Southwest,Butter-Powder,133857474.89069982
 266  Central,Southwest,Cheese,291426074.08697516
 267  Central,Southwest,Softs,742150140.3819033
 268  Central,Unregulated,Beverage,96502735.02100815
 269  Central,Unregulated,Butter-Powder,44135520.0861944
 270  Central,Unregulated,Cheese,210124374.46390307
 271  Central,Unregulated,Softs,128774186.25334594
 272  Central,Upper-Midwest,Beverage,151240935.05571365
 273  Central,Upper-Midwest,Butter-Powder,296126102.43552834
 274  Central,Upper-Midwest,Cheese,1801040738.773223
 275  Central,Upper-Midwest,Softs,276170946.4308941
 276  Florida,Appalachian,Beverage,101669777.72856657
 277  Florida,Appalachian,Butter-Powder,4997376.042520601
 278  Florida,Appalachian,Cheese,20079836.870979972
 279  Florida,Appalachian,Softs,23679650.941015314
 280  Florida,Arizona,Beverage,7901390.7471168805
 281  Florida,Arizona,Butter-Powder,302000.1267361917
 282  Florida,Arizona,Cheese,1372401.0477725381
 283  Florida,Arizona,Softs,1415537.6191643262
 284  Florida,California,Beverage,32244860.146072462
 285  Florida,California,Butter-Powder,2813376.1153162774
 286  Florida,California,Cheese,5382381.112063927
 287  Florida,California,Softs,9751234.617848055
 288  Florida,Central,Beverage,79659279.455307
 289  Florida,Central,Butter-Powder,3977154.9615773065
 290  Florida,Central,Cheese,16864633.573616944
 291  Florida,Central,Softs,24312179.524539247
 292  Florida,Florida,Beverage,2637079566.9871693
 293  Florida,Florida,Butter-Powder,54330099.44055619
 294  Florida,Florida,Cheese,348430097.9629998
 295  Florida,Florida,Softs,415506238.22232294
 296  Florida,Mideast,Beverage,36184824.44535234
 297  Florida,Mideast,Butter-Powder,3424848.148089141
 298  Florida,Mideast,Cheese,13502981.484985111
 299  Florida,Mideast,Softs,17284051.1185936
 300  Florida,Northeast,Beverage,111759134.44459991
 301  Florida,Northeast,Butter-Powder,6394636.40222646
 302  Florida,Northeast,Cheese,27725103.39676491
 303  Florida,Northeast,Softs,37705471.94870865
 304  Florida,Pacific-Northwest,Beverage,16007515.007968415
 305  Florida,Pacific-Northwest,Butter-Powder,280261.13859268423
 306  Florida,Pacific-Northwest,Cheese,2036905.811805906
 307  Florida,Pacific-Northwest,Softs,1852084.5828567857
 308  Florida,Southeast,Beverage,194286858.1395501
 309  Florida,Southeast,Butter-Powder,5806923.521583542
 310  Florida,Southeast,Cheese,21998375.13655852
 311  Florida,Southeast,Softs,30617420.15177455
 312  Florida,Southwest,Beverage,74627889.73151663
 313  Florida,Southwest,Butter-Powder,2871416.0708026225
 314  Florida,Southwest,Cheese,13719662.563786933
 315  Florida,Southwest,Softs,25448062.625575226
 316  Florida,Unregulated,Beverage,16748612.123127526
 317  Florida,Unregulated,Butter-Powder,534831.3420144061
 318  Florida,Unregulated,Cheese,5366445.193205801
 319  Florida,Unregulated,Softs,3535264.036541776
 320  Florida,Upper-Midwest,Beverage,15751795.71504568
 321  Florida,Upper-Midwest,Butter-Powder,2551499.1922232946
 322  Florida,Upper-Midwest,Cheese,24426969.02811286
 323  Florida,Upper-Midwest,Softs,4850732.590196578
 324  Mideast,Appalachian,Beverage,301512308.79139876
 325  Mideast,Appalachian,Butter-Powder,58512039.474184915
 326  Mideast,Appalachian,Cheese,357426398.84513223
 327  Mideast,Appalachian,Softs,1211689732.9377985
 328  Mideast,Arizona,Beverage,18645330.30451565
 329  Mideast,Arizona,Butter-Powder,2232419.9433589596
 330  Mideast,Arizona,Cheese,17280205.1283522
 331  Mideast,Arizona,Softs,64019483.063827865
 332  Mideast,California,Beverage,88196633.82635005
 333  Mideast,California,Butter-Powder,29000947.79673909
 334  Mideast,California,Cheese,75628583.88264568
 335  Mideast,California,Softs,437918697.3306303
 336  Mideast,Central,Beverage,409197195.7286667
 337  Mideast,Central,Butter-Powder,103616027.85924317
 338  Mideast,Central,Cheese,454279682.47446436
 339  Mideast,Central,Softs,2487107837.245494
 340  Mideast,Florida,Beverage,92034768.47767721
 341  Mideast,Florida,Butter-Powder,17017415.860724267
 342  Mideast,Florida,Cheese,146500566.70332518
 343  Mideast,Florida,Softs,307300631.5993365
 344  Mideast,Mideast,Beverage,2716847295.526549
 345  Mideast,Mideast,Butter-Powder,386132279.81193686
 346  Mideast,Mideast,Cheese,1949153281.9976914
 347  Mideast,Mideast,Softs,4989154600.191714
 348  Mideast,Northeast,Beverage,539863787.7355149
 349  Mideast,Northeast,Butter-Powder,160252848.2399915
 350  Mideast,Northeast,Cheese,873761892.3807893
 351  Mideast,Northeast,Softs,4235667547.551808
 352  Mideast,Pacific-Northwest,Beverage,46614117.686677545
 353  Mideast,Pacific-Northwest,Butter-Powder,3540059.267671503
 354  Mideast,Pacific-Northwest,Cheese,31805262.38465536
 355  Mideast,Pacific-Northwest,Softs,75211986.58649091
 356  Mideast,Southeast,Beverage,270009836.46223444
 357  Mideast,Southeast,Butter-Powder,28620123.799212012
 358  Mideast,Southeast,Cheese,143452157.50801998
 359  Mideast,Southeast,Softs,869208819.0266387
 360  Mideast,Southwest,Beverage,151908355.81953242
 361  Mideast,Southwest,Butter-Powder,22179404.935240857
 362  Mideast,Southwest,Cheese,139691560.33520833
 363  Mideast,Southwest,Softs,453807476.1292152
 364  Mideast,Unregulated,Beverage,51881703.09524021
 365  Mideast,Unregulated,Butter-Powder,6429998.559339
 366  Mideast,Unregulated,Cheese,84779846.08050793
 367  Mideast,Unregulated,Softs,149352487.02809095
 368  Mideast,Upper-Midwest,Beverage,113994579.28884585
 369  Mideast,Upper-Midwest,Butter-Powder,82768029.75497818
 370  Mideast,Upper-Midwest,Cheese,824396414.4107572
 371  Mideast,Upper-Midwest,Softs,533413854.2993386
 372  Northeast,Appalachian,Beverage,605909328.0973189
 373  Northeast,Appalachian,Butter-Powder,199041486.38035744
 374  Northeast,Appalachian,Cheese,444735164.9701872
 375  Northeast,Appalachian,Softs,762161054.6140616
 376  Northeast,Arizona,Beverage,29315377.363494933
 377  Northeast,Arizona,Butter-Powder,9009986.547103895
 378  Northeast,Arizona,Cheese,24179146.859440077
 379  Northeast,Arizona,Softs,48706714.616706364
 380  Northeast,California,Beverage,106118851.20141794
 381  Northeast,California,Butter-Powder,132690736.0345497
 382  Northeast,California,Cheese,110202440.57796636
 383  Northeast,California,Softs,282924082.3265849
 384  Northeast,Central,Beverage,389257172.9945038
 385  Northeast,Central,Butter-Powder,191043544.7003393
 386  Northeast,Central,Cheese,410467052.36749405
 387  Northeast,Central,Softs,904473445.8622048
 388  Northeast,Florida,Beverage,184128649.86529818
 389  Northeast,Florida,Butter-Powder,68962916.09698069
 390  Northeast,Florida,Cheese,229031953.96973348
 391  Northeast,Florida,Softs,229579982.4636115
 392  Northeast,Mideast,Beverage,322994672.5997734
 393  Northeast,Mideast,Butter-Powder,293394674.0813255
 394  Northeast,Mideast,Cheese,591479093.2348796
 395  Northeast,Mideast,Softs,696172083.4024466
 396  Northeast,Northeast,Beverage,9191514783.011572
 397  Northeast,Northeast,Butter-Powder,3147291291.801977
 398  Northeast,Northeast,Cheese,7430445211.908669
 399  Northeast,Northeast,Softs,10564078835.830465
 400  Northeast,Pacific-Northwest,Beverage,86604780.02981055
 401  Northeast,Pacific-Northwest,Butter-Powder,12521075.42618314
 402  Northeast,Pacific-Northwest,Cheese,49202866.463192254
 403  Northeast,Pacific-Northwest,Softs,70008305.60913096
 404  Northeast,Southeast,Beverage,351750749.1879591
 405  Northeast,Southeast,Butter-Powder,99471271.59028196
 406  Northeast,Southeast,Cheese,186066533.1086931
 407  Northeast,Southeast,Softs,273263659.61819506
 408  Northeast,Southwest,Beverage,226804280.9397532
 409  Northeast,Southwest,Butter-Powder,90530573.02739057
 410  Northeast,Southwest,Cheese,187219054.4850441
 411  Northeast,Southwest,Softs,467376915.69868916
 412  Northeast,Unregulated,Beverage,73384055.49130313
 413  Northeast,Unregulated,Butter-Powder,24102291.617244206
 414  Northeast,Unregulated,Cheese,121255233.58839604
 415  Northeast,Unregulated,Softs,122026391.94804597
 416  Northeast,Upper-Midwest,Beverage,114468550.5818064
 417  Northeast,Upper-Midwest,Butter-Powder,150895134.4055418
 418  Northeast,Upper-Midwest,Cheese,734337027.8748566
 419  Northeast,Upper-Midwest,Softs,279132497.5616598
 420  Pacific-Northwest,Appalachian,Beverage,79488083.7413986
 421  Pacific-Northwest,Appalachian,Butter-Powder,13411491.252569512
 422  Pacific-Northwest,Appalachian,Cheese,59890164.62399403
 423  Pacific-Northwest,Appalachian,Softs,13668198.665310223
 424  Pacific-Northwest,Arizona,Beverage,33892532.74064454
 425  Pacific-Northwest,Arizona,Butter-Powder,1263634.7432021352
 426  Pacific-Northwest,Arizona,Cheese,23959520.639276437
 427  Pacific-Northwest,Arizona,Softs,4175874.4252714035
 428  Pacific-Northwest,California,Beverage,278902620.63055867
 429  Pacific-Northwest,California,Butter-Powder,49080640.10107305
 430  Pacific-Northwest,California,Cheese,261781962.68188417
 431  Pacific-Northwest,California,Softs,81016017.82390974
 432  Pacific-Northwest,Central,Beverage,204467893.17994872
 433  Pacific-Northwest,Central,Butter-Powder,28292153.409835953
 434  Pacific-Northwest,Central,Cheese,130685953.07393926
 435  Pacific-Northwest,Central,Softs,46147155.90079037
 436  Pacific-Northwest,Florida,Beverage,42706576.33346935
 437  Pacific-Northwest,Florida,Butter-Powder,4843881.502509961
 438  Pacific-Northwest,Florida,Cheese,46656247.21938088
 439  Pacific-Northwest,Florida,Softs,6998577.706419797
 440  Pacific-Northwest,Mideast,Beverage,53376022.26531151
 441  Pacific-Northwest,Mideast,Butter-Powder,8033184.049581468
 442  Pacific-Northwest,Mideast,Cheese,72594142.16140336
 443  Pacific-Northwest,Mideast,Softs,17650922.233432915
 444  Pacific-Northwest,Northeast,Beverage,151907028.46119794
 445  Pacific-Northwest,Northeast,Butter-Powder,31368155.725059878
 446  Pacific-Northwest,Northeast,Cheese,137698845.67139387
 447  Pacific-Northwest,Northeast,Softs,39365271.15389263
 448  Pacific-Northwest,Pacific-Northwest,Beverage,2737229836.632861
 449  Pacific-Northwest,Pacific-Northwest,Butter-Powder,353467882.1278649
 450  Pacific-Northwest,Pacific-Northwest,Cheese,908076548.9464532
 451  Pacific-Northwest,Pacific-Northwest,Softs,899212063.8927355
 452  Pacific-Northwest,Southeast,Beverage,110798688.52084543
 453  Pacific-Northwest,Southeast,Butter-Powder,6788155.432355802
 454  Pacific-Northwest,Southeast,Cheese,36940438.48674529
 455  Pacific-Northwest,Southeast,Softs,10620487.708541567
 456  Pacific-Northwest,Southwest,Beverage,128667585.07906982
 457  Pacific-Northwest,Southwest,Butter-Powder,9295499.868041009
 458  Pacific-Northwest,Southwest,Cheese,78811235.18921402
 459  Pacific-Northwest,Southwest,Softs,34412809.04041453
 460  Pacific-Northwest,Unregulated,Beverage,183102593.88084593
 461  Pacific-Northwest,Unregulated,Butter-Powder,22317113.75769579
 462  Pacific-Northwest,Unregulated,Cheese,272087228.37479126
 463  Pacific-Northwest,Unregulated,Softs,34049368.57618199
 464  Pacific-Northwest,Upper-Midwest,Beverage,39995679.82802493
 465  Pacific-Northwest,Upper-Midwest,Butter-Powder,23275581.88778646
 466  Pacific-Northwest,Upper-Midwest,Cheese,200284668.5228947
 467  Pacific-Northwest,Upper-Midwest,Softs,9037481.514672603
 468  Southeast,Appalachian,Beverage,125206042.99951926
 469  Southeast,Appalachian,Butter-Powder,10368691.314146604
 470  Southeast,Appalachian,Cheese,17026117.32980395
 471  Southeast,Appalachian,Softs,39095792.01815898
 472  Southeast,Arizona,Beverage,6722423.134828737
 473  Southeast,Arizona,Butter-Powder,1183157.8821934196
 474  Southeast,Arizona,Cheese,934036.3178278585
 475  Southeast,Arizona,Softs,1410887.840682808
 476  Southeast,California,Beverage,32101698.94946484
 477  Southeast,California,Butter-Powder,8323615.102405743
 478  Southeast,California,Cheese,3616122.3233059314
 479  Southeast,California,Softs,10505794.371146975
 480  Southeast,Central,Beverage,88181159.50367579
 481  Southeast,Central,Butter-Powder,8577698.834620107
 482  Southeast,Central,Cheese,16087723.344167031
 483  Southeast,Central,Softs,32674451.70291733
 484  Southeast,Florida,Beverage,76937966.63488464
 485  Southeast,Florida,Butter-Powder,8533242.201216001
 486  Southeast,Florida,Cheese,8429667.639269693
 487  Southeast,Florida,Softs,21269505.129929464
 488  Southeast,Mideast,Beverage,38165934.88709544
 489  Southeast,Mideast,Butter-Powder,12071045.245349096
 490  Southeast,Mideast,Cheese,9038738.754818236
 491  Southeast,Mideast,Softs,22890466.67600817
 492  Southeast,Northeast,Beverage,95554854.43118408
 493  Southeast,Northeast,Butter-Powder,9940454.359433353
 494  Southeast,Northeast,Cheese,14620593.320886465
 495  Southeast,Northeast,Softs,44044978.13199625
 496  Southeast,Pacific-Northwest,Beverage,13054620.304866677
 497  Southeast,Pacific-Northwest,Butter-Powder,518665.1083101257
 498  Southeast,Pacific-Northwest,Cheese,1261137.412923113
 499  Southeast,Pacific-Northwest,Softs,1964839.4130863815
 500  Southeast,Southeast,Beverage,811911165.7288762
 501  Southeast,Southeast,Butter-Powder,119832625.63867043
 502  Southeast,Southeast,Cheese,112303524.50261576
 503  Southeast,Southeast,Softs,431600898.10544175
 504  Southeast,Southwest,Beverage,86759749.15130918
 505  Southeast,Southwest,Butter-Powder,10177681.515244486
 506  Southeast,Southwest,Cheese,13851372.10243956
 507  Southeast,Southwest,Softs,34207521.01973472
 508  Southeast,Unregulated,Beverage,15132461.056525065
 509  Southeast,Unregulated,Butter-Powder,1227727.9082689867
 510  Southeast,Unregulated,Cheese,3353771.8260050626
 511  Southeast,Unregulated,Softs,3781345.708534771
 512  Southeast,Upper-Midwest,Beverage,14267154.993693663
 513  Southeast,Upper-Midwest,Butter-Powder,3392743.013985046
 514  Southeast,Upper-Midwest,Cheese,18295462.94843526
 515  Southeast,Upper-Midwest,Softs,6060987.689544918
 516  Southwest,Appalachian,Beverage,154752779.73820478
 517  Southwest,Appalachian,Butter-Powder,21799439.72495921
 518  Southwest,Appalachian,Cheese,115558890.1753245
 519  Southwest,Appalachian,Softs,112344797.7693242
 520  Southwest,Arizona,Beverage,52840021.668149896
 521  Southwest,Arizona,Butter-Powder,10745835.469769701
 522  Southwest,Arizona,Cheese,61953323.71207037
 523  Southwest,Arizona,Softs,29241055.682620104
 524  Southwest,California,Beverage,173593607.11382887
 525  Southwest,California,Butter-Powder,111821410.4038907
 526  Southwest,California,Cheese,176875795.31999716
 527  Southwest,California,Softs,147558495.30813193
 528  Southwest,Central,Beverage,440719152.1091129
 529  Southwest,Central,Butter-Powder,52306784.939698525
 530  Southwest,Central,Cheese,291199603.2782322
 531  Southwest,Central,Softs,292024634.11674446
 532  Southwest,Florida,Beverage,106329829.70381758
 533  Southwest,Florida,Butter-Powder,20320921.13621627
 534  Southwest,Florida,Cheese,92302757.7169995
 535  Southwest,Florida,Softs,71369296.27912079
 536  Southwest,Mideast,Beverage,88124262.78594293
 537  Southwest,Mideast,Butter-Powder,41927534.16395569
 538  Southwest,Mideast,Cheese,117827084.77112734
 539  Southwest,Mideast,Softs,94772342.9502594
 540  Southwest,Northeast,Beverage,208014957.3918026
 541  Southwest,Northeast,Butter-Powder,32986787.820057232
 542  Southwest,Northeast,Cheese,202615612.1929786
 543  Southwest,Northeast,Softs,198331827.45242378
 544  Southwest,Pacific-Northwest,Beverage,65112103.88386947
 545  Southwest,Pacific-Northwest,Butter-Powder,4594265.126500615
 546  Southwest,Pacific-Northwest,Cheese,40670335.30592838
 547  Southwest,Pacific-Northwest,Softs,23071011.032325394
 548  Southwest,Southeast,Beverage,447561462.1939381
 549  Southwest,Southeast,Butter-Powder,37418100.5509621
 550  Southwest,Southeast,Cheese,78826924.14167053
 551  Southwest,Southeast,Softs,128523177.15662195
 552  Southwest,Southwest,Beverage,3678258215.7053323
 553  Southwest,Southwest,Butter-Powder,535061428.4035361
 554  Southwest,Southwest,Cheese,816382387.8813924
 555  Southwest,Southwest,Softs,3221622181.66457
 556  Southwest,Unregulated,Beverage,82326774.73112185
 557  Southwest,Unregulated,Butter-Powder,15795643.86590695
 558  Southwest,Unregulated,Cheese,199132047.06586745
 559  Southwest,Unregulated,Softs,48884618.96040699
 560  Southwest,Upper-Midwest,Beverage,49700500.82906832
 561  Southwest,Upper-Midwest,Butter-Powder,25768689.22026668
 562  Southwest,Upper-Midwest,Cheese,304113619.56019527
 563  Southwest,Upper-Midwest,Softs,56654164.07613267
 564  Unregulated,Appalachian,Beverage,37558416.0054804
 565  Unregulated,Appalachian,Butter-Powder,39783010.39590427
 566  Unregulated,Appalachian,Cheese,177854018.33958587
 567  Unregulated,Appalachian,Softs,97029696.71347702
 568  Unregulated,Arizona,Beverage,24820590.223980136
 569  Unregulated,Arizona,Butter-Powder,6452566.841223725
 570  Unregulated,Arizona,Cheese,91941449.7176219
 571  Unregulated,Arizona,Softs,56863101.30151542
 572  Unregulated,California,Beverage,115575760.75685744
 573  Unregulated,California,Butter-Powder,153859043.97015452
 574  Unregulated,California,Cheese,463013548.72942597
 575  Unregulated,California,Softs,401692658.64232236
 576  Unregulated,Central,Beverage,136538403.95881423
 577  Unregulated,Central,Butter-Powder,99030970.8943076
 578  Unregulated,Central,Cheese,449172848.460793
 579  Unregulated,Central,Softs,361328389.08934885
 580  Unregulated,Florida,Beverage,21536246.693727292
 581  Unregulated,Florida,Butter-Powder,15195750.056957673
 582  Unregulated,Florida,Cheese,138953850.92418677
 583  Unregulated,Florida,Softs,48704156.06960808
 584  Unregulated,Mideast,Beverage,25487423.139373295
 585  Unregulated,Mideast,Butter-Powder,27597272.703986637
 586  Unregulated,Mideast,Cheese,211746115.79774994
 587  Unregulated,Mideast,Softs,97001946.27785936
 588  Unregulated,Northeast,Beverage,72949484.97222178
 589  Unregulated,Northeast,Butter-Powder,85434249.36171824
 590  Unregulated,Northeast,Cheese,408797481.5905545
 591  Unregulated,Northeast,Softs,241239610.74090135
 592  Unregulated,Pacific-Northwest,Beverage,134203395.2636077
 593  Unregulated,Pacific-Northwest,Butter-Powder,36391154.24049382
 594  Unregulated,Pacific-Northwest,Cheese,408342481.5963968
 595  Unregulated,Pacific-Northwest,Softs,205302632.7729666
 596  Unregulated,Southeast,Beverage,54793537.32349483
 597  Unregulated,Southeast,Butter-Powder,22669144.208432227
 598  Unregulated,Southeast,Cheese,110309557.80889963
 599  Unregulated,Southeast,Softs,63618737.8579951
 600  Unregulated,Southwest,Beverage,78409043.43179502
 601  Unregulated,Southwest,Butter-Powder,39735654.26117395
 602  Unregulated,Southwest,Cheese,255892828.38829762
 603  Unregulated,Southwest,Softs,225581370.09945193
 604  Unregulated,Unregulated,Beverage,1482301672.8041866
 605  Unregulated,Unregulated,Butter-Powder,762297138.938707
 606  Unregulated,Unregulated,Cheese,1604688766.80985
 607  Unregulated,Unregulated,Softs,1110042053.0176759
 608  Unregulated,Upper-Midwest,Beverage,19709072.54798452
 609  Unregulated,Upper-Midwest,Butter-Powder,68618111.25860952
 610  Unregulated,Upper-Midwest,Cheese,620221583.0974972
 611  Unregulated,Upper-Midwest,Softs,88609298.02754197
 612  Upper-Midwest,Appalachian,Beverage,80649140.25839287
 613  Upper-Midwest,Appalachian,Butter-Powder,223531999.4589789
 614  Upper-Midwest,Appalachian,Cheese,909026173.2165561
 615  Upper-Midwest,Appalachian,Softs,225972836.28083226
 616  Upper-Midwest,Arizona,Beverage,10683949.191836707
 617  Upper-Midwest,Arizona,Butter-Powder,11099544.93029798
 618  Upper-Midwest,Arizona,Cheese,82340463.03412251
 619  Upper-Midwest,Arizona,Softs,21599060.08094122
 620  Upper-Midwest,California,Beverage,34961232.94927624
 621  Upper-Midwest,California,Butter-Powder,162858361.19591808
 622  Upper-Midwest,California,Cheese,377328768.2508719
 623  Upper-Midwest,California,Softs,156399769.98409918
 624  Upper-Midwest,Central,Beverage,252264721.57108822
 625  Upper-Midwest,Central,Butter-Powder,970724023.8937238
 626  Upper-Midwest,Central,Cheese,2926123309.0376596
 627  Upper-Midwest,Central,Softs,1057475960.5772822
 628  Upper-Midwest,Florida,Beverage,39082034.09696034
 629  Upper-Midwest,Florida,Butter-Powder,74236472.27232741
 630  Upper-Midwest,Florida,Cheese,511800655.99302757
 631  Upper-Midwest,Florida,Softs,86270721.69327989
 632  Upper-Midwest,Mideast,Beverage,84932653.37155007
 633  Upper-Midwest,Mideast,Butter-Powder,341287213.1846083
 634  Upper-Midwest,Mideast,Cheese,1660735023.3694894
 635  Upper-Midwest,Mideast,Softs,426231642.9529491
 636  Upper-Midwest,Northeast,Beverage,161780245.91184136
 637  Upper-Midwest,Northeast,Butter-Powder,470716667.6711963
 638  Upper-Midwest,Northeast,Cheese,1870193743.208078
 639  Upper-Midwest,Northeast,Softs,557320485.9500979
 640  Upper-Midwest,Pacific-Northwest,Beverage,37157345.029865436
 641  Upper-Midwest,Pacific-Northwest,Butter-Powder,25390860.24930963
 642  Upper-Midwest,Pacific-Northwest,Cheese,185502383.8710988
 643  Upper-Midwest,Pacific-Northwest,Softs,41554417.45142987
 644  Upper-Midwest,Southeast,Beverage,94205084.54462351
 645  Upper-Midwest,Southeast,Butter-Powder,122685338.31346856
 646  Upper-Midwest,Southeast,Cheese,475925491.78217983
 647  Upper-Midwest,Southeast,Softs,141170905.14765075
 648  Upper-Midwest,Southwest,Beverage,84436672.58670896
 649  Upper-Midwest,Southwest,Butter-Powder,119691333.79836938
 650  Upper-Midwest,Southwest,Cheese,634170557.5833236
 651  Upper-Midwest,Southwest,Softs,285341049.51078886
 652  Upper-Midwest,Unregulated,Beverage,32816912.360383548
 653  Upper-Midwest,Unregulated,Butter-Powder,44809650.85377819
 654  Upper-Midwest,Unregulated,Cheese,483247176.35721004
 655  Upper-Midwest,Unregulated,Softs,86241885.14595068
 656  Upper-Midwest,Upper-Midwest,Beverage,1352555026.717352
 657  Upper-Midwest,Upper-Midwest,Butter-Powder,1185532515.80731
 658  Upper-Midwest,Upper-Midwest,Cheese,10628417340.910646
 659  Upper-Midwest,Upper-Midwest,Softs,1954861786.5899827
 660  ROW,Appalachian,Butter-Powder,8258777
 661  ROW,Appalachian,Cheese,12624995
 662  ROW,Appalachian,Softs,19935551
 663  ROW,Arizona,Butter-Powder,381153
 664  ROW,Arizona,Cheese,217693
 665  ROW,Arizona,Softs,2341228
 666  ROW,California,Beverage,175389
 667  ROW,California,Butter-Powder,50637546
 668  ROW,California,Cheese,160560602
 669  ROW,California,Softs,130060563
 670  ROW,Central,Beverage,9792
 671  ROW,Central,Butter-Powder,29272823
 672  ROW,Central,Cheese,585353770
 673  ROW,Central,Softs,31874082
 674  ROW,Florida,Beverage,250619
 675  ROW,Florida,Butter-Powder,19108541
 676  ROW,Florida,Cheese,31003989
 677  ROW,Florida,Softs,36290839
 678  ROW,Mideast,Beverage,2339870
 679  ROW,Mideast,Butter-Powder,25338640
 680  ROW,Mideast,Cheese,34979031
 681  ROW,Mideast,Softs,28112924
 682  ROW,Northeast,Beverage,3321323
 683  ROW,Northeast,Butter-Powder,145821398
 684  ROW,Northeast,Cheese,1127653438
 685  ROW,Northeast,Softs,182056060
 686  ROW,Pacific-Northwest,Butter-Powder,3939388
 687  ROW,Pacific-Northwest,Cheese,3888795
 688  ROW,Pacific-Northwest,Softs,48073091
 689  ROW,Southeast,Beverage,228065
 690  ROW,Southeast,Butter-Powder,12591644
 691  ROW,Southeast,Cheese,9950473
 692  ROW,Southeast,Softs,21619848
 693  ROW,Southwest,Beverage,52331
 694  ROW,Southwest,Butter-Powder,15222248
 695  ROW,Southwest,Cheese,6226540
 696  ROW,Southwest,Softs,36924257
 697  ROW,Unregulated,Butter-Powder,29339
 698  ROW,Unregulated,Cheese,2001323
 699  ROW,Unregulated,Softs,4024321
 700  ROW,Upper-Midwest,Beverage,596875
 701  ROW,Upper-Midwest,Butter-Powder,25350739
 702  ROW,Upper-Midwest,Cheese,100515950
 703  ROW,Upper-Midwest,Softs,6805905
 704  Appalachian,ROW,Butter-Powder,30441241
 705  Appalachian,ROW,Cheese,36485478
 706  Appalachian,ROW,Softs,54097238
 707  Arizona,ROW,Butter-Powder,36846570
 708  Arizona,ROW,Cheese,15090186
 709  Arizona,ROW,Softs,22084776
 710  California,ROW,Butter-Powder,707895847
 711  California,ROW,Cheese,828819525
 712  California,ROW,Softs,102969299
 713  Central,ROW,Butter-Powder,187576069
 714  Central,ROW,Cheese,214457848
 715  Central,ROW,Softs,112148861
 716  Florida,ROW,Butter-Powder,101312448
 717  Florida,ROW,Cheese,140874176
 718  Florida,ROW,Softs,49355227
 719  Mideast,ROW,Butter-Powder,19019332
 720  Mideast,ROW,Cheese,74072359
 721  Mideast,ROW,Softs,186534502
 722  Northeast,ROW,Butter-Powder,99048433
 723  Northeast,ROW,Cheese,192183308
 724  Northeast,ROW,Softs,198423155
 725  Pacific-Northwest,ROW,Butter-Powder,227347189
 726  Pacific-Northwest,ROW,Cheese,123546914
 727  Pacific-Northwest,ROW,Softs,23909033
 728  Southeast,ROW,Butter-Powder,2971426
 729  Southeast,ROW,Cheese,16974291
 730  Southeast,ROW,Softs,40121387
 731  Southwest,ROW,Butter-Powder,176838647
 732  Southwest,ROW,Cheese,200533448
 733  Southwest,ROW,Softs,60581042
 734  Unregulated,ROW,Butter-Powder,111758076
 735  Unregulated,ROW,Cheese,244086938
 736  Unregulated,ROW,Softs,11757883
 737  Upper-Midwest,ROW,Butter-Powder,168312471
 738  Upper-Midwest,ROW,Cheese,420028539
 739  Upper-Midwest,ROW,Softs,74625174
 741  / ;
 742   
 743  **milk components
 744  parameter   VALCOMPUSE(DOMI, N, K)  "value of component K used in product N in region I"
 745  /
INCLUDE    /Users/pierre/Dropbox/MMO analysis/Replication Package/GAMS CODE/CSV DATA FILES/Comp_Value_for_GAMS_May2025.csv
 748  Northeast,Beverage,Fat,498795620.1
 749  Appalachian,Beverage,Fat,211839225.1
 750  Florida,Beverage,Fat,116848870.3
 751  Southeast,Beverage,Fat,200403855.2
 752  Upper-Midwest,Beverage,Fat,137349182.9
 753  Central,Beverage,Fat,236403253.2
 754  Mideast,Beverage,Fat,323690965.4
 755  California,Beverage,Fat,312457322.2
 756  Pacific-Northwest,Beverage,Fat,101798189.7
 757  Southwest,Beverage,Fat,234296030.3
 758  Arizona,Beverage,Fat,70558501.2
 759  Unregulated,Beverage,Fat,76135006.32
 760  Northeast,Softs,Fat,1059768541
 761  Appalachian,Softs,Fat,234648758.1
 762  Florida,Softs,Fat,96405543.74
 763  Southeast,Softs,Fat,182003888.5
 764  Upper-Midwest,Softs,Fat,457350310.1
 765  Central,Softs,Fat,408087112.6
 766  Mideast,Softs,Fat,745032459.3
 767  California,Softs,Fat,519656524.7
 768  Pacific-Northwest,Softs,Fat,139084735
 769  Southwest,Softs,Fat,417835522.5
 770  Arizona,Softs,Fat,145888718.2
 771  Unregulated,Softs,Fat,226024466.7
 772  Northeast,Cheese,Fat,820476161.9
 773  Appalachian,Cheese,Fat,38920782.68
 774  Florida,Cheese,Fat,5977574.579
 775  Southeast,Cheese,Fat,36161230.01
 776  Upper-Midwest,Cheese,Fat,3142592657
 777  Central,Cheese,Fat,894424491
 778  Mideast,Cheese,Fat,609126593.6
 779  California,Cheese,Fat,1669439961
 780  Pacific-Northwest,Cheese,Fat,394734689.3
 781  Southwest,Cheese,Fat,866272211.5
 782  Arizona,Cheese,Fat,222646418.9
 783  Unregulated,Cheese,Fat,1016850332
 784  Northeast,Butter-Powder,Fat,497144610.1
 785  Appalachian,Butter-Powder,Fat,86335259.11
 786  Florida,Butter-Powder,Fat,19986613.34
 787  Southeast,Butter-Powder,Fat,86872184.71
 788  Upper-Midwest,Butter-Powder,Fat,527651287.4
 789  Central,Butter-Powder,Fat,405411708.6
 790  Mideast,Butter-Powder,Fat,436382409.3
 791  California,Butter-Powder,Fat,1343999000
 792  Pacific-Northwest,Butter-Powder,Fat,308436101.2
 793  Southwest,Butter-Powder,Fat,198364529.3
 794  Arizona,Butter-Powder,Fat,40525320.2
 795  Unregulated,Butter-Powder,Fat,376768237.1
 796  Northeast,Beverage,Protein,325830857.9
 797  Appalachian,Beverage,Protein,143367275.9
 798  Florida,Beverage,Protein,88998453.74
 799  Southeast,Beverage,Protein,136149088.1
 800  Upper-Midwest,Beverage,Protein,100676297.3
 801  Central,Beverage,Protein,147756742.6
 802  Mideast,Beverage,Protein,205472016.3
 803  California,Beverage,Protein,164238232.1
 804  Pacific-Northwest,Beverage,Protein,60622165.94
 805  Southwest,Beverage,Protein,147097852
 806  Arizona,Beverage,Protein,42391158.68
 807  Unregulated,Beverage,Protein,30663526.68
 808  Northeast,Softs,Protein,161567783.3
 809  Appalachian,Softs,Protein,19980824.38
 810  Florida,Softs,Protein,5793724.005
 811  Southeast,Softs,Protein,16325096.35
 812  Upper-Midwest,Softs,Protein,61022726.56
 813  Central,Softs,Protein,47299759.44
 814  Mideast,Softs,Protein,95466159.89
 815  California,Softs,Protein,56990315.8
 816  Pacific-Northwest,Softs,Protein,12303092.32
 817  Southwest,Softs,Protein,33339258.43
 818  Arizona,Softs,Protein,10051285.03
 819  Unregulated,Softs,Protein,50036795.79
 820  Northeast,Cheese,Protein,412393954.9
 821  Appalachian,Cheese,Protein,6750024.42
 822  Florida,Cheese,Protein,1445674.644
 823  Southeast,Cheese,Protein,10947437.15
 824  Upper-Midwest,Cheese,Protein,1648605504
 825  Central,Cheese,Protein,428553114.6
 826  Mideast,Cheese,Protein,385092094.8
 827  California,Cheese,Protein,460133959.5
 828  Pacific-Northwest,Cheese,Protein,187037455.7
 829  Southwest,Cheese,Protein,386416825.2
 830  Arizona,Cheese,Protein,28441535.29
 831  Unregulated,Cheese,Protein,177664836.4
 832  Northeast,Butter-Powder,Protein,113756658.5
 833  Appalachian,Butter-Powder,Protein,13487324.38
 834  Florida,Butter-Powder,Protein,1629885.243
 835  Southeast,Butter-Powder,Protein,8130697.434
 836  Upper-Midwest,Butter-Powder,Protein,39537406.9
 837  Central,Butter-Powder,Protein,69852842.58
 838  Mideast,Butter-Powder,Protein,77609468.25
 839  California,Butter-Powder,Protein,249981471.7
 840  Pacific-Northwest,Butter-Powder,Protein,57857142.63
 841  Southwest,Butter-Powder,Protein,59878436.36
 842  Arizona,Butter-Powder,Protein,44804714.87
 843  Unregulated,Butter-Powder,Protein,110493877.6
 844  Northeast,Beverage,Other-Solids,620129697.3
 845  Appalachian,Beverage,Other-Solids,272860299.4
 846  Florida,Beverage,Other-Solids,169384153.9
 847  Southeast,Beverage,Other-Solids,259122458
 848  Upper-Midwest,Beverage,Other-Solids,191609727.1
 849  Central,Beverage,Other-Solids,281214445.6
 850  Mideast,Beverage,Other-Solids,391059643.8
 851  California,Beverage,Other-Solids,312582441.7
 852  Pacific-Northwest,Beverage,Other-Solids,115377670.7
 853  Southwest,Beverage,Other-Solids,279960428
 854  Arizona,Beverage,Other-Solids,80679947.17
 855  Unregulated,Beverage,Other-Solids,58359615.3
 856  Northeast,Softs,Other-Solids,307499974.6
 857  Appalachian,Softs,Other-Solids,38028020.59
 858  Florida,Softs,Other-Solids,11026765.04
 859  Southeast,Softs,Other-Solids,31070344.67
 860  Upper-Midwest,Softs,Other-Solids,116140028
 861  Central,Softs,Other-Solids,90022122.8
 862  Mideast,Softs,Other-Solids,181693659.1
 863  California,Softs,Other-Solids,108465439.7
 864  Pacific-Northwest,Softs,Other-Solids,23415562.8
 865  Southwest,Softs,Other-Solids,63452137.01
 866  Arizona,Softs,Other-Solids,19129865.06
 867  Unregulated,Softs,Other-Solids,91301174.36
 868  Northeast,Cheese,Other-Solids,105945715.1
 869  Appalachian,Cheese,Other-Solids,12815080.71
 870  Florida,Cheese,Other-Solids,2742117.514
 871  Southeast,Cheese,Other-Solids,20815929.61
 872  Upper-Midwest,Cheese,Other-Solids,691182548.8
 873  Central,Cheese,Other-Solids,203271995.6
 874  Mideast,Cheese,Other-Solids,116936769.1
 875  California,Cheese,Other-Solids,873918800.1
 876  Pacific-Northwest,Cheese,Other-Solids,87972263.63
 877  Southwest,Cheese,Other-Solids,209120914.6
 878  Arizona,Cheese,Other-Solids,54078551.54
 879  Unregulated,Cheese,Other-Solids,324181593.8
 880  Northeast,Butter-Powder,Other-Solids,216504608.1
 881  Appalachian,Butter-Powder,Other-Solids,25669423.82
 882  Florida,Butter-Powder,Other-Solids,3102039.656
 883  Southeast,Butter-Powder,Other-Solids,15474553.18
 884  Upper-Midwest,Butter-Powder,Other-Solids,75248613.14
 885  Central,Butter-Powder,Other-Solids,132945732.6
 886  Mideast,Butter-Powder,Other-Solids,147708342.8
 887  California,Butter-Powder,Other-Solids,475771188.1
 888  Pacific-Northwest,Butter-Powder,Other-Solids,110115206.9
 889  Southwest,Butter-Powder,Other-Solids,113962185.3
 890  Arizona,Butter-Powder,Other-Solids,85273489.58
 891  Unregulated,Butter-Powder,Other-Solids,201616043.3
 893  /;
 894   
 895  parameter   QTYCOMPUSE(DOMI, N, K)  "quantity of component K used in product N in region I"
 896  /
INCLUDE    /Users/pierre/Dropbox/MMO analysis/Replication Package/GAMS CODE/CSV DATA FILES/Comp_Quantity_for_GAMS_May2025.csv
 899  Northeast,Beverage,Fat,188666169.9
 900  Appalachian,Beverage,Fat,80063201.59
 901  Florida,Beverage,Fat,43972780.77
 902  Southeast,Beverage,Fat,75855957.9
 903  Upper-Midwest,Beverage,Fat,52351419.02
 904  Central,Beverage,Fat,89965845.86
 905  Mideast,Beverage,Fat,123146648.4
 906  California,Beverage,Fat,118970155
 907  Pacific-Northwest,Beverage,Fat,38677123.73
 908  Southwest,Beverage,Fat,88846092.41
 909  Arizona,Beverage,Fat,26803867.65
 910  Unregulated,Beverage,Fat,29122520.87
 911  Northeast,Softs,Fat,404641251.6
 912  Appalachian,Softs,Fat,89592575.75
 913  Florida,Softs,Fat,36808054.83
 914  Southeast,Softs,Fat,69488511.76
 915  Upper-Midwest,Softs,Fat,174748548.1
 916  Central,Softs,Fat,155856471
 917  Mideast,Softs,Fat,284495513.6
 918  California,Softs,Fat,198402766
 919  Pacific-Northwest,Softs,Fat,53108409.82
 920  Southwest,Softs,Fat,159553547.5
 921  Arizona,Softs,Fat,55700413.32
 922  Unregulated,Softs,Fat,86456973.84
 923  Northeast,Cheese,Fat,313841625.7
 924  Appalachian,Cheese,Fat,14887649.72
 925  Florida,Cheese,Fat,2286491.443
 926  Southeast,Cheese,Fat,13832088.9
 927  Upper-Midwest,Cheese,Fat,1202078054
 928  Central,Cheese,Fat,342127717.2
 929  Mideast,Cheese,Fat,232997970.2
 930  California,Cheese,Fat,638580102.1
 931  Pacific-Northwest,Cheese,Fat,150990586.1
 932  Southwest,Cheese,Fat,331359144.5
 933  Arizona,Cheese,Fat,85164831.46
 934  Unregulated,Cheese,Fat,388957018.1
 935  Northeast,Butter-Powder,Fat,190163565.8
 936  Appalachian,Butter-Powder,Fat,33024235.59
 937  Florida,Butter-Powder,Fat,7645110.869
 938  Southeast,Butter-Powder,Fat,33229615.85
 939  Upper-Midwest,Butter-Powder,Fat,201832722.9
 940  Central,Butter-Powder,Fat,155074669.5
 941  Mideast,Butter-Powder,Fat,166921320.9
 942  California,Butter-Powder,Fat,514095169
 943  Pacific-Northwest,Butter-Powder,Fat,117980377.6
 944  Southwest,Butter-Powder,Fat,75876727.72
 945  Arizona,Butter-Powder,Fat,15501403.89
 946  Unregulated,Butter-Powder,Fat,144118210.2
 947  Northeast,Beverage,Protein,275816292.2
 948  Appalachian,Beverage,Protein,119782457.7
 949  Florida,Beverage,Protein,62835610.82
 950  Southeast,Beverage,Protein,109743453.4
 951  Upper-Midwest,Beverage,Protein,98565408.63
 952  Central,Beverage,Protein,141951003.5
 953  Mideast,Beverage,Protein,197320661.6
 954  California,Beverage,Protein,171238065.6
 955  Pacific-Northwest,Beverage,Protein,59542546.72
 956  Southwest,Beverage,Protein,129208781.5
 957  Arizona,Beverage,Protein,39174681.52
 958  Unregulated,Beverage,Protein,44324265.22
 959  Northeast,Softs,Protein,205051833.2
 960  Appalachian,Softs,Protein,28038921.67
 961  Florida,Softs,Protein,8460447.551
 962  Southeast,Softs,Protein,22784360.07
 963  Upper-Midwest,Softs,Protein,81306457.11
 964  Central,Softs,Protein,61101647.12
 965  Mideast,Softs,Protein,121938842.1
 966  California,Softs,Protein,72017357.22
 967  Pacific-Northwest,Softs,Protein,15674514.33
 968  Southwest,Softs,Protein,42590056.61
 969  Arizona,Softs,Protein,14427812.62
 970  Unregulated,Softs,Protein,72328412.54
 971  Northeast,Cheese,Protein,222394557.4
 972  Appalachian,Cheese,Protein,8853315.243
 973  Florida,Cheese,Protein,1873979.621
 974  Southeast,Cheese,Protein,13998080.56
 975  Upper-Midwest,Cheese,Protein,1041329230
 976  Central,Cheese,Protein,286869392.4
 977  Mideast,Cheese,Protein,218275771.2
 978  California,Cheese,Protein,603109631.6
 979  Pacific-Northwest,Cheese,Protein,126311799.7
 980  Southwest,Cheese,Protein,276722324.8
 981  Arizona,Cheese,Protein,37864404.8
 982  Unregulated,Cheese,Protein,256815317.2
 983  Northeast,Butter-Powder,Protein,164435759.6
 984  Appalachian,Butter-Powder,Protein,20394030.17
 985  Florida,Butter-Powder,Protein,2581402.604
 986  Southeast,Butter-Powder,Protein,12763252.82
 987  Upper-Midwest,Butter-Powder,Protein,57151498.85
 988  Central,Butter-Powder,Protein,100972597
 989  Mideast,Butter-Powder,Protein,112184834.1
 990  California,Butter-Powder,Protein,361349337.6
 991  Pacific-Northwest,Butter-Powder,Protein,83632758.93
 992  Southwest,Butter-Powder,Protein,86554548.08
 993  Arizona,Butter-Powder,Protein,65197920.47
 994  Unregulated,Butter-Powder,Protein,159719395.2
 995  Northeast,Beverage,Other-Solids,524940685.1
 996  Appalachian,Beverage,Other-Solids,227973064.7
 997  Florida,Beverage,Other-Solids,119590356.1
 998  Southeast,Beverage,Other-Solids,208866572.7
 999  Upper-Midwest,Beverage,Other-Solids,187592229.3
1000  Central,Beverage,Other-Solids,270164813.2
1001  Mideast,Beverage,Other-Solids,375545775.3
1002  California,Beverage,Other-Solids,325904705.4
1003  Pacific-Northwest,Beverage,Other-Solids,113322911.5
1004  Southwest,Beverage,Other-Solids,245913487.3
1005  Arizona,Beverage,Other-Solids,74558264.82
1006  Unregulated,Beverage,Other-Solids,84359085.42
1007  Northeast,Softs,Other-Solids,390259940.6
1008  Appalachian,Softs,Other-Solids,53364399.31
1009  Florida,Softs,Other-Solids,16102142.11
1010  Southeast,Softs,Other-Solids,43363782.06
1011  Upper-Midwest,Softs,Other-Solids,154744547.4
1012  Central,Softs,Other-Solids,116290231.6
1013  Mideast,Softs,Other-Solids,232077151.2
1014  California,Softs,Other-Solids,137065292.8
1015  Pacific-Northwest,Softs,Other-Solids,29832140.18
1016  Southwest,Softs,Other-Solids,81058494.85
1017  Arizona,Softs,Other-Solids,27459385.31
1018  Unregulated,Softs,Other-Solids,131976256.7
1019  Northeast,Cheese,Other-Solids,412104257.8
1020  Appalachian,Cheese,Other-Solids,16803977.79
1021  Florida,Cheese,Other-Solids,3553123.034
1022  Southeast,Cheese,Other-Solids,26613298.73
1023  Upper-Midwest,Cheese,Other-Solids,1928082459
1024  Central,Cheese,Other-Solids,518728094
1025  Mideast,Cheese,Other-Solids,402159112
1026  California,Cheese,Other-Solids,1092605186
1027  Pacific-Northwest,Cheese,Other-Solids,221716399.3
1028  Southwest,Cheese,Other-Solids,488233762.3
1029  Arizona,Cheese,Other-Solids,71989183.64
1030  Unregulated,Cheese,Other-Solids,468605946.5
1031  Northeast,Butter-Powder,Other-Solids,312958381.2
1032  Appalachian,Butter-Powder,Other-Solids,38814444.52
1033  Florida,Butter-Powder,Other-Solids,4912992.053
1034  Southeast,Butter-Powder,Other-Solids,24291352.13
1035  Upper-Midwest,Butter-Powder,Other-Solids,108772207.5
1036  Central,Butter-Powder,Other-Solids,192173652.3
1037  Mideast,Butter-Powder,Other-Solids,213513071.4
1038  California,Butter-Powder,Other-Solids,687729384.4
1039  Pacific-Northwest,Butter-Powder,Other-Solids,159172025.1
1040  Southwest,Butter-Powder,Other-Solids,164732849.6
1041  Arizona,Butter-Powder,Other-Solids,124086364.8
1042  Unregulated,Butter-Powder,Other-Solids,291436894.1
1044  /;
1045   
1046  **farm milk
1047  table       QTYMILKSHIP(DOMI, DOMJ) "quantity of milk shipped from region I to region J"
INCLUDE    /Users/pierre/Dropbox/MMO analysis/Replication Package/GAMS CODE/CSV DATA FILES/Milk_Shipments.csv
1050  "","Northeast","Appalachian","Florida","Southeast","Upper-Midwest","Central","Mideast","California","Pacific-Northwest","Southwest","Arizona","Unregulated"
1051  "Northeast",28522176037,501816951,341080,11233814,0,0,2085132118,0,0,0,0,0
1052  "Appalachian",0,3931361305,0,707823970,0,0,0,0,0,0,0,0
1053  "Florida",0,0,2.49e+09,0,0,0,0,0,0,0,0,0
1054  "Southeast",0,0,111057369,2180203247,0,0,0,0,0,0,0,0
1055  "Upper-Midwest",0,130494,0,819658,40180049848,0,0,0,0,0,0,0
1056  "Central",0,101666176,0,1418405392,1875087206,17270253761,45587465,0,0,0,0,0
1057  "Mideast",0,1294310280,0,547315100,21859583,0,19255515037,0,0,0,0,0
1058  "California",0,0,0,0,0,0,0,39608998075.9251,0,0,159001924.074936,0
1059  "Pacific-Northwest",0,0,0,0,0,299520,0,20649439.1863541,8995051040.81365,0,0,0
1060  "Southwest",0,86787485,12300604,601301616,10797438,2474947014.02006,17146310,0,0,16993719532.9799,0,0
1061  "Arizona",0,0,0,0,0,0,0,0,0,20950236.0749358,4975049763.92506,0
1062  "Unregulated",0,0,0,0,11231527,134574044,4851442,594420992.427021,7339287,186792575,0,16980490132.573
1064  ;
1065   
1066  **crops
1067  parameter VALCROPPROD(DOMI, L)  "value of crop production"
1068  /
INCLUDE    /Users/pierre/Dropbox/MMO analysis/Replication Package/GAMS CODE/CSV DATA FILES/Crop_Prod_Values.csv
1071  Appalachian,Grains,2569167000
1072  Appalachian,Hay,1704019000
1073  Appalachian,Oilseeds,3376161000
1074  Appalachian,Other-Crops,4970842000
1075  Appalachian,Silage,250627658.33600003
1076  Arizona,Grains,144229000
1077  Arizona,Hay,445368000
1078  Arizona,Oilseeds,197605000
1079  Arizona,Other-Crops,1777463026.6292787
1080  Arizona,Silage,53502271.13072128
1081  California,Grains,906020000
1082  California,Hay,1067060000
1083  California,Oilseeds,634555000
1084  California,Other-Crops,31866218584.97795
1085  California,Silage,519206711.4220481
1086  Central,Grains,32666845000
1087  Central,Hay,3869042000
1088  Central,Oilseeds,21501149000
1089  Central,Other-Crops,4224384523.938302
1090  Central,Silage,362771623.965698
1091  Florida,Grains,41800000
1092  Florida,Hay,117750000
1093  Florida,Oilseeds,58821000
1094  Florida,Other-Crops,5603912000
1095  Florida,Silage,46619734.624000005
1096  Mideast,Grains,7295746000
1097  Mideast,Hay,994621000
1098  Mideast,Oilseeds,6634241000
1099  Mideast,Other-Crops,3458101349.0020723
1100  Mideast,Silage,487598772.5339276
1101  Northeast,Grains,1698162000
1102  Northeast,Hay,1307837000
1103  Northeast,Oilseeds,810029000
1104  Northeast,Other-Crops,6167648000
1105  Northeast,Silage,1219626572.608
1106  Pacific-Northwest,Grains,1143439000
1107  Pacific-Northwest,Hay,1076853000
1108  Pacific-Northwest,Oilseeds,184169000
1109  Pacific-Northwest,Other-Crops,8988888110.70601
1110  Pacific-Northwest,Silage,177121069.56598955
1111  Southeast,Grains,2853686000
1112  Southeast,Hay,874952000
1113  Southeast,Oilseeds,5651457000
1114  Southeast,Other-Crops,3956897000
1115  Southeast,Silage,67134056.848
1116  Southwest,Grains,2154136000
1117  Southwest,Hay,1244448000
1118  Southwest,Oilseeds,2801955000
1119  Southwest,Other-Crops,2694086606.589279
1120  Southwest,Silage,190744293.73072076
1121  Unregulated,Grains,2003060000
1122  Unregulated,Hay,2297098000
1123  Unregulated,Oilseeds,445059000
1124  Unregulated,Other-Crops,3689197419.9464397
1125  Unregulated,Silage,296817157.7495601
1126  Upper-Midwest,Grains,9926368000
1127  Upper-Midwest,Hay,1109992000
1128  Upper-Midwest,Oilseeds,7765195000
1129  Upper-Midwest,Other-Crops,3313654483.410661
1130  Upper-Midwest,Silage,958652909.5493388
1132  / ;
1133   
1134  parameter VALCROPUSE(DOMI, SUBSUBL)  "value of crop use in dairy (other than silage)"
1135  /
INCLUDE    /Users/pierre/Dropbox/MMO analysis/Replication Package/GAMS CODE/CSV DATA FILES/Dairy_Crop_Cons_Value.csv
1138  Appalachian,Grains,65686301.19845443
1139  Appalachian,Hay,76295596.718533
1140  Appalachian,Oilseeds,41950502.86368115
1141  Arizona,Grains,55641078.42799535
1142  Arizona,Hay,64627923.98525988
1143  Arizona,Oilseeds,35535129.5071376
1144  California,Grains,424632719.24128664
1145  California,Hay,493217095.64443475
1146  California,Oilseeds,271191340.95745754
1147  Central,Grains,253144519.2876639
1148  Central,Hay,294031050.65585494
1149  Central,Oilseeds,161670541.4606631
1150  Florida,Grains,27073977.10744852
1151  Florida,Hay,31446819.219062526
1152  Florida,Oilseeds,17290773.471105132
1153  Mideast,Grains,216750483.50871995
1154  Mideast,Hay,251758847.3792378
1155  Mideast,Oilseeds,138427520.09532818
1156  Northeast,Grains,375397849.0605394
1157  Northeast,Hay,436030075.95747447
1158  Northeast,Oilseeds,239747531.13978732
1159  Pacific-Northwest,Grains,99834476.52908
1160  Pacific-Northwest,Hay,115959200.33396186
1161  Pacific-Northwest,Oilseeds,63759207.279368386
1162  Southeast,Grains,28130175.99569886
1163  Southeast,Hay,32673609.62988272
1164  Southeast,Oilseeds,17965314.03249703
1165  Southwest,Grains,209706733.04337198
1166  Southwest,Hay,243577428.49759722
1167  Southwest,Oilseeds,133929034.58653253
1168  Unregulated,Grains,192930525.9421542
1169  Unregulated,Hay,224091619.30894983
1170  Unregulated,Oilseeds,123214923.55879961
1171  Upper-Midwest,Grains,468331510.4318582
1172  Upper-Midwest,Hay,543973878.853925
1173  Upper-Midwest,Oilseeds,299099538.4283575
1175  /
1176  ;
1177   
1178  parameter   CROPACRES(DOMI, L)      "acres of crop L harvested in region I"
1179  /
INCLUDE    /Users/pierre/Dropbox/MMO analysis/Replication Package/GAMS CODE/CSV DATA FILES/Crop_Areas.csv
1182  Appalachian,Grains,4966348
1183  Appalachian,Hay,5494225
1184  Appalachian,Oilseeds,7314234
1185  Appalachian,Other-Crops,2549870
1186  Appalachian,Silage,837618
1187  Arizona,Grains,155287
1188  Arizona,Hay,348518
1189  Arizona,Oilseeds,182175
1190  Arizona,Other-Crops,425308.53453357867
1191  Arizona,Silage,80814.46546642134
1192  California,Grains,823261
1193  California,Hay,1243865
1194  California,Oilseeds,301665
1195  California,Other-Crops,6055733.908789869
1196  California,Silage,713306.0912101301
1197  Central,Grains,68860769
1198  Central,Hay,15999832
1199  Central,Oilseeds,44637520
1200  Central,Other-Crops,25383671.03908289
1201  Central,Silage,1132137.9609171124
1202  Florida,Grains,68513
1203  Florida,Hay,336723
1204  Florida,Oilseeds,112945
1205  Florida,Other-Crops,1877935
1206  Florida,Silage,122985
1207  Mideast,Grains,12186010
1208  Mideast,Hay,2704454
1209  Mideast,Oilseeds,13586718
1210  Mideast,Other-Crops,2633619.4054221436
1211  Mideast,Silage,1225293.5945778566
1212  Northeast,Grains,2981497
1213  Northeast,Hay,2999057
1214  Northeast,Oilseeds,1735474
1215  Northeast,Other-Crops,1856572
1216  Northeast,Silage,2763313
1217  Pacific-Northwest,Grains,3384415
1218  Pacific-Northwest,Hay,1661492
1219  Pacific-Northwest,Oilseeds,62108
1220  Pacific-Northwest,Other-Crops,6407881.350436489
1221  Pacific-Northwest,Silage,292055.6495635108
1222  Southeast,Grains,4140065
1223  Southeast,Hay,3829164
1224  Southeast,Oilseeds,10401201
1225  Southeast,Other-Crops,4974664
1226  Southeast,Silage,215038
1227  Southwest,Grains,6716364
1228  Southwest,Hay,4458863
1229  Southwest,Oilseeds,6030153
1230  Southwest,Other-Crops,9824014.157777177
1231  Southwest,Silage,464915.8422228227
1232  Unregulated,Grains,7724350
1233  Unregulated,Hay,6398853
1234  Unregulated,Oilseeds,213171
1235  Unregulated,Other-Crops,11091990.101783512
1236  Unregulated,Silage,463782.89821648714
1237  Upper-Midwest,Grains,22790689
1238  Upper-Midwest,Hay,4970359
1239  Upper-Midwest,Oilseeds,19296489
1240  Upper-Midwest,Other-Crops,8994872.596147213
1241  Upper-Midwest,Silage,2890271.403852787
1243  / ;
1244   
1245  parameter   CROPLANDRENT(DOMI)        "Rent of cropland in region I in $/acre"
1246  /
INCLUDE    /Users/pierre/Dropbox/MMO analysis/Replication Package/GAMS CODE/CSV DATA FILES/Cropland_Rent_Jul2026.csv
1249  "Appalachian",100.626006148792
1250  "Arizona",237.8
1251  "California",345.2
1252  "Central",146.791644826071
1253  "Florida",112
1254  "Mideast",158.908511504306
1255  "Northeast",77.3302265355804
1256  "Pacific-Northwest",180.957611340534
1257  "Southeast",102.233654096744
1258  "Southwest",43.3248571332649
1259  "Unregulated",68.0480025595121
1260  "Upper-Midwest",116.588784776432
1262  / ;
1263   
1264   
1265  ** SUM UP SOME DATA
1266   
1267  parameters  VALPRODUCTS(I, N)           "value of dairy product N produced in region I (or exported to US regions for ROW)"
1268              QTYMILKUSE(DOMJ)            "quantity of milk used (received) in region DOMJ"
1269              VALMILKUSE(DOMJ)            "value of milk used in region DOMJ"
1270              MILKPRICE(DOMI)             "price of milk in region DOMI"
1271              VALMILKPROD(DOMI)           "value of milk produced in region DOMI"
1272              QTYMILKPROD(DOMI)           "quantity of milk produced in region DOMI (used only to compute aggregate milk production and price effects)"
1273              PC                          "total value of dairy consumption (including foreign)"
1274              ;
1275   
1276  VALPRODUCTS(I, N) = sum(J, VALPRODSHIP(I, J, N)) ;
1277  QTYMILKUSE(DOMJ) = sum(DOMI, QTYMILKSHIP(DOMI, DOMJ)) ;
1278  VALMILKUSE(DOMJ) = sum((N, K), VALCOMPUSE(DOMJ, N, K)) ;
1279  MILKPRICE(DOMI) = VALMILKUSE(DOMI) / QTYMILKUSE(DOMI) ;
1280  VALMILKPROD(DOMI) = sum(DOMJ, QTYMILKSHIP(DOMI, DOMJ) * MILKPRICE(DOMJ)) ;
1281  QTYMILKPROD(DOMI) = VALMILKPROD(DOMI)  / MILKPRICE(DOMI) ;
1282  PC = sum((I, N), VALPRODUCTS(I,N)) ;
1283   
1284   
1285  ** CALCULATE PARAMETERS DEFINED BY THE DATA
1286   
1287  parameters  A0                          "share of domestic production in total dairy product revenue"
1288              A1(DOMI)                    "share of region DOMI in value of domestic dairy production"
1289              A2(I,N)                     "share of product N in value of dairy production in region DOMI (or in US exports for ROW)"
1290              A3(I,J,N)                   "share of region I production of N shipped to J"
1291              MU2(DOMI, DOMJ)             "share of milk used in region DOMJ shipped from region DOMI"
1292              THETA1(DOMI)                "overall cost share of milk in dairy products made in region DOMI"
1293              THETA2(DOMI, K)             "share of component K in total milk value in region DOMI"
1294              THETA3(DOMI, N, K)          "share of product N in value of component K in region DOMI"
1295              CHI(DOMI, N, K)             "share of product N in volume of component K in region DOMI"
1296              RHO1(DOMI)                  "share of region DOMI in value of domestic crop production"
1297              RHO2(DOMI, L)               "share of crop L in region i value of crop production"
1298              XI1(I)                      "share of total feed crop value used in region I"
1299              XI2(DOMI, SUBL)             "share of crop SUBL in value of region DOMI's feed crop use"
1300              PHI0                        "feed crop share of the milk dollar"
1301              VARPHI1(DOMI)               "land share of the crop dollar in region DOMI"
1302              PI(DOMI,L)                  "share of crop L in region DOMI's total cropland"
1303              ;
1304   
1305  A0 = sum((DOMJ, N), VALPRODUCTS(DOMJ, N)) / sum((I, N), VALPRODUCTS(I, N))  ;
1306   
1307  A1(DOMI) = sum(N, VALPRODUCTS(DOMI, N)) / sum((DOMJ, N), VALPRODUCTS(DOMJ, N)) ;
1308   
1309  A2(I, N) = VALPRODUCTS(I, N) / sum(O, VALPRODUCTS(I, O)) ;
1310   
1311  A3(I, J, N)$(VALPRODUCTS(I, N) > 0) = VALPRODSHIP(I, J, N) / VALPRODUCTS(I, N) ;
1312   
1313  MU2(DOMI, DOMJ) = QTYMILKSHIP(DOMI, DOMJ) / QTYMILKUSE(DOMJ) ;
1314   
1315  THETA1(DOMI) = VALMILKUSE(DOMI) / sum(N, VALPRODUCTS(DOMI, N)) ;
1316   
1317  THETA2(DOMI, K) = sum(N, VALCOMPUSE(DOMI, N, K)) / sum((N, S), VALCOMPUSE(DOMI, N, S)) ;
1318   
1319  THETA3(DOMI, N, K) = VALCOMPUSE(DOMI, N, K) / sum(O, VALCOMPUSE(DOMI, O, K)) ;
1320   
1321  CHI(DOMI, N, K) = QTYCOMPUSE(DOMI, N, K) / sum(O, QTYCOMPUSE(DOMI, O, K)) ;
1322   
1323  RHO1(DOMI) = sum(L, VALCROPPROD(DOMI, L)) / sum((DOMJ, L), VALCROPPROD(DOMJ, L)) ;
1324   
1325  RHO2(DOMI, L) = VALCROPPROD(DOMI, L) / sum(M, VALCROPPROD(DOMI, M)) ;
1326   
1327  XI1(DOMI) = (VALCROPPROD(DOMI,"silage") + sum(SUBSUBL, VALCROPUSE(DOMI, SUBSUBL))) / sum((DOMJ, SUBL), VALCROPPROD(DOMJ, SUBL)) ;
1328   
1329  XI2(DOMI, SUBSUBL) = VALCROPUSE(DOMI, SUBSUBL) / (VALCROPPROD(DOMI,"silage") + sum(SUBSUBM, VALCROPUSE(DOMI, SUBSUBM))) ;
1330  XI2(DOMI, "silage") = VALCROPPROD(DOMI,"silage") / (VALCROPPROD(DOMI,"silage") + sum(SUBSUBL, VALCROPUSE(DOMI, SUBSUBL))) ;
1331   
1332  PHI0 = sum(DOMI, VALCROPPROD(DOMI,"silage") + sum(SUBSUBL, VALCROPUSE(DOMI, SUBSUBL))) / sum(DOMI, VALMILKUSE(DOMI)) ;
1333   
1334  VARPHI1(DOMI) = CROPLANDRENT(DOMI)*sum(L, CROPACRES(DOMI,L)) / sum(L, VALCROPPROD(DOMI, L)) ;
1335   
1336  PI(DOMI, L) = CROPACRES(DOMI, L) / sum(M, CROPACRES(DOMI, M)) ;
1337   
1338   
1339  ** CALCULATE PARAMETERS DEDUCED FROM OTHER PARAMETERS
1340   
1341  parameters  B1(J)                   "expenditure share of region J in total dairy consumption"
1342              B2(J, N)                "expenditure share of dairy product N in region J"
1343              B3(I, J, N)             "budget share of product N from region I in region J"
1344              PSI2(DOMI, N)           "cost share of milk components for product N in region DOMI"
1345              C3(DOMI, N, K)          "cost share of component K for product N in region DOMI"
1346              PSI                     "milk share of domestic dairy product dollar"
1347              MU1(DOMI)               "share of region DOMI in value of domestic milk production"
1348              A(DOMI,DOMJ)            "share of region DOMI milk value shipped to region DOMJ"
1349              RHO0                    "share of non-feed crop in value of total crop production"
1350              PHI1(DOMI)              "feed crop share of the milk dollar in region DOMI"
1351              VARPHI2(DOMI,L)         "land share of the crop dollar for crop L in region DOMI"
1352              DELTA(DOMI, N, K)       "policy distortion parameter"
1353              ;
1354   
1355  B1(J) = A0 * sum(DOMI, A1(DOMI) * sum(N, A2(DOMI, N) * A3(DOMI, J, N))) + (1 - A0) * sum(N, A2("ROW", N) * A3("ROW", J, N)) ;
1356   
1357  B2(J, N)$(B1(J) > 0) = [A0 * sum(DOMI, A1(DOMI) * A2(DOMI, N) * A3(DOMI, J, N)) + (1 - A0) * A2("ROW", N) * A3("ROW", J, N)] / B1(J) ;
1358   
1359  B3(DOMI, J, N)$(B2(J, N) > 0) = A0 * A1(DOMI) * A2(DOMI, N) * A3(DOMI, J, N) / (B1(J) * B2(J, N)) ;
1360  B3("ROW", J, N)$(B2(J, N) > 0) = (1 - A0) * A2("ROW", N) * A3("ROW", J, N) / (B1(J) * B2(J, N)) ;
1361   
1362  PSI2(DOMI, N) = THETA1(DOMI) / A2(DOMI, N) * sum(K, THETA2(DOMI, K) * THETA3(DOMI, N, K)) ;
1363   
1364  C3(DOMI, N, K) = THETA1(DOMI) * THETA2(DOMI, K) * THETA3(DOMI, N, K) / (A2(DOMI, N) * PSI2(DOMI, N)) ;
1365   
1366  PSI = sum(DOMI, A1(DOMI) * THETA1(DOMI)) ;
1367   
1368  MU1(DOMI) = sum(DOMJ, A1(DOMJ) * THETA1(DOMJ) * MU2(DOMI, DOMJ)) / PSI ;
1369   
1370  A(DOMI, DOMJ) = A1(DOMJ) * THETA1(DOMJ) * MU2(DOMI, DOMJ) / (PSI * MU1(DOMI)) ;
1371   
1372  RHO0 = sum(DOMI, RHO2(DOMI, "Other-Crops") * RHO1(DOMI)) ;
1373   
1374  XI1("ROW") = 1 -sum(DOMI, XI1(DOMI)) ;
1375   
1376  PHI1(DOMI) = XI1(DOMI) * PHI0 / (MU1(DOMI) * (1 - XI1("ROW"))) ;
1377   
1378  VARPHI2(DOMI, L)$(RHO2(DOMI, L) > 0) = PI(DOMI, L) * VARPHI1(DOMI) / RHO2(DOMI, L) ;
1379   
1380  DELTA(DOMI, N, K) = THETA3(DOMI, N, K) / THETA3(DOMI, "Butter-Powder", K) * CHI(DOMI, "Butter-Powder", K) / CHI(DOMI, N, K) ;
1381   
1382   
1383  ****************************************************************************
1384  ***************************COUNTERFACTUAL MODELS****************************
1385  ****************************************************************************
1386   
1387  **EXOGENOUS CHANGES FOR COUNTERFACTUAL MODELS
1388   
1389  parameters  DELTAHAT(DOMI, N, K)      "hat value of policy distortion parameter (for MODEL FMMO)"
1390              TAU(DOMI, DOMJ)           "relative change in farm milk trade cost (for MODEL MILKTRADECOST)"
1391              VINDEXEX(DOMI,N)          "exogenous relative change in price index for components used in product N in region DOMI"
1392              ;
1393   
1394  **VARIABLES AND POSITIVE VARIABLES
1395   
1396  variables   C(I, DOMJ, N)             "relative change in region DOMJ demand for product N from origin I"
1397              C0(DOMI, N)               "relative change in foreign demand for product N from origin DOMI"
1398              PINDEX1(DOMJ)             "relative change in dairy product price index in region DOMJ"
1399              PINDEX2(DOMJ, N)          "relative change in price of product N in region DOMJ"
1400              PINDEX10                  "relative change in foreign price index for dairy products"
1401              PINDEX20(SUBN)            "relative change in foreign price of product SUBN"
1402              Q(DOMI, N)                "relative change in production of product N in region DOMI"
1403              Z(DOMI, N, K)             "relative change in derived demand for component K used in product N in region DOMI"
1404              VINDEX(DOMI, N)           "relative change in price index for components used in product N in region DOMI"
1405              V(DOMI, K)                "relative change in price of component K in region DOMI"
1406              P(I, N)                   "relative change in producer price of product N in region I"
1407              MQUANT(DOMI)              "relative change in milk production in region DOMI"
1408              MSHIP(DOMI, DOMJ)         "relative change in quantity of milk used in region DOMJ that comes from region DOMI"
1409              MPRICE(DOMI)              "relative change in milk price in region DOMI"
1410              MMPRICE(DOMI)             "relative change in processor milk price in region DOMI (for MODEL QUOTAREG)"
1411              WINDEX1(DOMI)             "relative change in feed crop price index in region DOMI"
1412              R(DOMI, L)                "relative change in land rent for crop L in region DOMI"
1413              W(DOMI, L)                "relative change in producer price of crop L in region DOMI"
1414              Y(DOMI, L)                "relative change in production of crop L in region DOMI"
1415              OBJ                       "constant objective variable for optimization algorithm"
1416              DELTAHATOPT(DOMI, N, K)   "wedges as choice variables"
1417              DOMCONSSURP               "domestic consumer surplus (for MODELS BETTERWEDGESREG and QUOTAREG)"
1418              TRANSFER
1419              ;
1420   
1421  **EQUATIONS
1422   
1423  equations   EQ1(I, DOMJ, N)         "domestic consumer demand in region DOMJ for dairy products from region I"
1424              EQ2(DOMI, SUBN)         "foreign consumer demand for US regional dairy products"
1425              EQ3(DOMJ)               "definition of region DOMJ dairy product price index"
1426              EQ4(DOMJ, N)            "definition of region DOMJ price index for product N"
1427              EQ5                     "definition of foreign dairy product price index"
1428              EQ6(SUBN)               "definition of foreign price index for product N"
1429              EQ7(DOMI, N)            "dairy product market clearing"
1430              EQ8(DOMI, N, K)         "derived demand for component K used in product N in region DOMI"
1431              EQ8OPT(DOMI, N, K)      "EQ8 with endogenous deltahat (for for MODELS BETTERWEDGESREG AND BETTERSUPPORT)"
1432              EQ9(DOMI, N)            "definition of component price index for product N in region DOMI"
1433              EQ9OPT(DOMI, N)         "EQ9 with endogenous deltahat (for MODELS BETTERWEDGESREG AND BETTERSUPPORT)"
1434              EQ10(DOMI, N)           "dairy product price relationship"
1435              EQ10EX(DOMI, N)         "EQ10 with exogenous VINDEX (for MODEL COMPDEMAND)"
1436              EQ11(DOMI)              "milk market clearing"
1437              EQ11TRC(DOMI)           "EQ11 for MODEL MILKTRADECOST"
1438              EQ12(DOMI, K)           "component market clearing"
1439              EQ13(DOMI)              "milk value and component value relationship"
1440              EQ13OPT(DOMI)           "EQ13 with endogenous deltahat (for for MODELS BETTERWEDGESREG and BETTERSUPPORT)"
1441              EQ13QU(DOMI)            "milk processing value and component value relationship for MODELS QUOTAREG and QUOTAREG2"
1442              EQ14A(DOMJ, DOMI)       "milk price co-movements between trading regions"
1443              EQ14B(DOMJ, DOMI)       "milk price co-movements between trading regions"
1444              EQ14AQU(DOMJ, DOMI)     "EQ14A for MODELS QUOTAREG and QUOTAREG2"
1445              EQ14BQU(DOMJ, DOMI)     "EQ14B for MODEL QUOTAREG2"
1446              EQ14ATRC(DOMJ, DOMI)    "EQ14A for MODEL MILKTRADECOST"
1447              EQ14BTRC(DOMJ, DOMI)    "EQ14B for MODEL MILKTRADECOST"
1448              EQ15(DOMI)              "milk price and crop price relationship"
1449              EQ16(DOMI)              "demand for silage"
1450              EQ17(DOMI)              "definition of feed crop price index"
1451              EQ18(DOMI, L)           "crop price and land rent relationship"
1452              EQ19(DOMI, SUBSUBL)     "feed crop price change equal to one for SUBSUBL crops"
1453              EQ20(DOMI, L)           "crop supply"
1454              EQ21                    "objective function"
1455              EQ22                    "domestic consumer surplus (objective for MODELS BETTERWEDGESREG and QUOTAREG/QUOTAREG2)"
1456              EQ23(DOMI)              "regional land rents preserved"
1457              EQ24(DOMI)              "sum of regional land rents and regional quota value unchanged (for MODEL QUOTAREG/QUOTAREG2)"
1458              EQ25                    "aggregate land rent transfer (objective for MODEL BETTERSUPPORT)"
1459              EQ26                    "domestic consumer surplus preserved"
1460              ;
1461   
1462  EQ1(I, DOMJ, N)..       C(I, DOMJ, N)       =E= PINDEX1(DOMJ) ** (KAPPA - EPSILON) * PINDEX2(DOMJ, N) ** (SIGMA(N) - KAPPA) * P(I, N) ** (-SIGMA(N)) ;
1463  EQ2(DOMI, SUBN)..       C0(DOMI, SUBN)      =E= PINDEX10 ** (KAPPA0 - EPSILON0) * PINDEX20(SUBN) ** (SIGMA0(SUBN) - KAPPA0) * P(DOMI,SUBN) ** (-SIGMA0(SUBN)) ;
1464  EQ3(DOMJ)..             PINDEX1(DOMJ)       =E= sum(N, B2(DOMJ, N) * (PINDEX2(DOMJ, N)) ** (1 - KAPPA)) ** (1 / (1 - KAPPA)) ;
1465  EQ4(DOMJ, N)..          PINDEX2(DOMJ, N)    =E= sum(I, B3(I, DOMJ, N) * (P(I, N)) ** (1 - SIGMA(N))) ** (1 / (1 - SIGMA(N))) ;
1466  EQ5..                   PINDEX10            =E= sum(SUBN, B2("ROW", SUBN) * (PINDEX20(SUBN) ** (1 - KAPPA0))) ** (1 / (1 - KAPPA0)) ;
1467  EQ6(SUBN)..             PINDEX20(SUBN)      =E= sum(DOMI, B3(DOMI, "ROW", SUBN) * (P(DOMI, SUBN)) ** (1 - SIGMA0(SUBN))) ** (1 / (1 - SIGMA0(SUBN))) ;
1468  EQ7(DOMI, N)..          Q(DOMI, N)          =E= sum(DOMJ, A3(DOMI, DOMJ, N) * C(DOMI, DOMJ, N)) + A3(DOMI, "ROW", N) * C0(DOMI, N) ;
1469  EQ8(DOMI, N, K)..       Z(DOMI, N, K)       =E= Q(DOMI, N) * VINDEX(DOMI, N) ** VARSIGMA(N) * (DELTAHAT(DOMI, N, K) * V(DOMI, K)) ** (- VARSIGMA(N)) ;
1470  EQ9(DOMI, N)..          VINDEX(DOMI, N)     =E= sum(K, C3(DOMI, N, K) * (DELTAHAT(DOMI, N, K) * V(DOMI, K)) ** (1 - VARSIGMA(N))) ** (1 / (1 - VARSIGMA(N))) ;
1471   
1472  EQ10(DOMI, N)..         P(DOMI, N)          =E= PSI2(DOMI, N) * VINDEX(DOMI, N) + 1 - PSI2(DOMI, N) ;
1473   
1474  EQ10EX(DOMI, N)..       P(DOMI, N)          =E= PSI2(DOMI, N) * VINDEXEX(DOMI, N) + 1 - PSI2(DOMI, N) ;
1475   
1476  EQ11(DOMI)..            MQUANT(DOMI)        =E= sum(DOMJ, A(DOMI, DOMJ) * MSHIP(DOMI, DOMJ)) ;
1477  EQ11TRC(DOMI)..         MQUANT(DOMI)        =E= sum(DOMJ, A(DOMI, DOMJ) * TAU(DOMI, DOMJ) * MSHIP(DOMI, DOMJ)) ;
1478   
1479  EQ12(DOMI, K)..         sum(N, CHI(DOMI, N, K) * Z(DOMI, N, K)) =E= sum(DOMJ, MU2(DOMJ, DOMI) * MSHIP(DOMJ, DOMI)) ;
1480   
1481  EQ13(DOMI)..            MPRICE(DOMI) * sum(DOMJ, MU2(DOMJ, DOMI) * MSHIP(DOMJ, DOMI))  =E=  sum(K, THETA2(DOMI, K) * V(DOMI, K) * sum(N, THETA3(DOMI, N, K) * DELTAHAT(DOMI, N, K) * Z(DOMI, N, K))) ;
1482  EQ14A(DOMJ, DOMI)$(MU2(DOMJ, DOMI)>0)..      0 =E= MSHIP(DOMJ, DOMI) * (MPRICE(DOMI) - MPRICE(DOMJ)) ;
1483  EQ14B(DOMJ, DOMI)$(MU2(DOMJ, DOMI)>0)..      MPRICE(DOMI)  =L= MPRICE(DOMJ) ;
1484   
1485  EQ14ATRC(DOMJ, DOMI)$(MU2(DOMJ, DOMI)>0)..   0 =E= MSHIP(DOMJ, DOMI) * (MPRICE(DOMI) - TAU(DOMJ, DOMI) * MPRICE(DOMJ)) ;
1486  EQ14BTRC(DOMJ, DOMI)$(MU2(DOMJ, DOMI)>0)..   MPRICE(DOMI)  =L= TAU(DOMJ, DOMI) * MPRICE(DOMJ) ;
1487   
1488  EQ13QU(DOMI)..          MMPRICE(DOMI) * sum(DOMJ, MU2(DOMJ, DOMI) * MSHIP(DOMJ, DOMI))  =E= sum(K, THETA2(DOMI, K) * V(DOMI, K) * sum(N, THETA3(DOMI, N, K) * DELTAHAT(DOMI, N, K) * Z(DOMI, N, K))) ;
1489  EQ14AQU(DOMJ, DOMI)$(MU2(DOMJ, DOMI)>0)..   0 =E= MSHIP(DOMJ, DOMI) * (MMPRICE(DOMI) - MMPRICE(DOMJ)) ;
1490  EQ14BQU(DOMJ, DOMI)$(MU2(DOMJ, DOMI)>0)..   MMPRICE(DOMI)  =L= MMPRICE(DOMJ) ;
1491   
1492  EQ8OPT(DOMI, N, K)..    Z(DOMI, N, K)       =E= Q(DOMI, N) * VINDEX(DOMI, N) ** VARSIGMA(N) * (DELTAHATOPT(DOMI, N, K) * V(DOMI, K)) ** (- VARSIGMA(N)) ;
1493  EQ9OPT(DOMI, N)..       VINDEX(DOMI, N)     =E= sum(K, C3(DOMI, N, K) * (DELTAHATOPT(DOMI, N, K) * V(DOMI, K)) ** (1 - VARSIGMA(N))) ** (1 / (1 - VARSIGMA(N))) ;
1494  EQ13OPT(DOMI)..         MPRICE(DOMI) * sum(DOMJ, MU2(DOMJ, DOMI) * MSHIP(DOMJ, DOMI))  =E= sum(K, THETA2(DOMI, K) * V(DOMI, K) * sum(N, THETA3(DOMI, N, K) * DELTAHATOPT(DOMI, N, K) * Z(DOMI, N, K))) ;
1495   
1496  EQ15(DOMI)..            MPRICE(DOMI)        =E= PHI1(DOMI) * WINDEX1(DOMI) + 1 - PHI1(DOMI) ;
1497   
1498  EQ16(DOMI)..            Y(DOMI, "SILAGE")   =E= MQUANT(DOMI) * WINDEX1(DOMI) ** RHO * W(DOMI, "SILAGE") ** (- RHO) ;
1499   
1500  EQ17(DOMI)..            WINDEX1(DOMI)       =E= (XI2(DOMI, "SILAGE") * W(DOMI, "SILAGE") ** (1 - RHO) + 1 - XI2(DOMI, "SILAGE")) ** (1 / (1 - RHO)) ;
1501   
1502  EQ18(DOMI, L)..         W(DOMI, L)          =E= VARPHI2(DOMI, L) * R(DOMI, L) + 1 - VARPHI2(DOMI, L) ;
1503   
1504  EQ19(DOMI, SUBSUBL)..   W(DOMI, SUBSUBL)    =E= 1 ;
1505   
1506  EQ20(DOMI, L)..         Y(DOMI, L)          =E= R(DOMI, L) ** (THETA - 1) / sum(M, PI(DOMI, M) * R(DOMI, M) ** THETA) ** ((THETA - 1) / THETA) ;
1507   
1508  EQ21..                  OBJ                 =E=  1 ;
1509   
1510  EQ22..                  DOMCONSSURP         =E= [sum(DOMI, B1(DOMI) * (1 - PINDEX1(DOMI) ** (1 - EPSILON)) ) / (1 - EPSILON) ] * 1E6  ;
1511   
1512  EQ23(DOMI)..            0                   =L=  A0 * PSI * PHI0 / (1 - XI1("ROW")) * RHO1(DOMI) / (1 - RHO0) * sum(L, VARPHI2(DOMI, L) * RHO2(DOMI, L) * (R(DOMI, L) * Y(DOMI, L) - 1))   ;
1513   
1514  EQ24(DOMI)..            0                   =L=  A0 * PSI * PHI0 / (1 - XI1("ROW")) * RHO1(DOMI) / (1 - RHO0) * sum(L, VARPHI2(DOMI, L) * RHO2(DOMI, L) * (R(DOMI, L) * Y(DOMI, L) - 1)) +
1515                                                   A0 * PSI * PHI0 / (1 - XI1("ROW")) * XI1(DOMI) / PHI1(DOMI) * (MMPRICE(DOMI) - MPRICE(DOMI)) * MQUANT(DOMI) ;
1516   
1517  EQ25..                 TRANSFER             =L= sum(DOMI,  RHO1(DOMI) / sum(DOMJ, RHO1(DOMJ) * VARPHI1(DOMJ)) * sum(L, VARPHI2(DOMI, L) * RHO2(DOMI, L) * (R(DOMI, L) * Y(DOMI, L) - 1))) ;
1518  EQ26..                 0                    =L= sum(DOMI, B1(DOMI) * (1 - PINDEX1(DOMI) ** (1 - EPSILON)) )    ;
1519   
1520  * Non-negativity constraints
1521  V.LO(DOMI, K) = 0.001 ;
1522  P.LO(I, N) = 0 ;
1523  MSHIP.LO(DOMI, DOMJ) = 0 ;
1524  MPRICE.LO(DOMI) = 0 ;
1525  R.LO(DOMI, L) = 0 ;
1526  W.LO(DOMI, SUBL) = 0 ;
1527   
1528  PINDEX2.LO(DOMI, N) = 0 ;
1529  PINDEX1.LO(DOMI) = 0 ;
1530  PINDEX20.LO(SUBN) = 0 ;
1531  PINDEX10.LO = 0 ;
1532  WINDEX1.LO(DOMI) = 0 ;
1533  VINDEX.LO(DOMI, N) = 0 ;
1534   
1535  DELTAHATOPT.LO(DOMI, N, K) = 0.0001 ;
1536  MMPRICE.LO(DOMI) = 0 ;
1537   
1538  * Fixed Values To Close the Model
1539  P.FX("ROW", N) = 1 ;
1540  W.FX(DOMI,"Other-Crops") = 1 ;
1541  MSHIP.FX(DOMI, DOMJ)$(MU2(DOMI, DOMJ) = 0) = 1 ;
1542  C0.FX(DOMI, "Beverage") = 1 ;
1543  DELTAHATOPT.FX(DOMI, "Butter-Powder", K) = 1 ;
1544   
1545   
1546  *parameters that are used to generate tables after model runs
1547  parameters MUTILDE(DOMI)                 "share of regional milk use in total milk use (in value)"
1548             DELTAMILKVAL(DOMI)            "change in regional milk production value"
1549             DELTAMILKVALTOT               "change in total milk production value"
1550             DELTAMILKPRICE(DOMI)          "change in regional milk price"
1551             DELTAMILKPRICETOT             "change in aggregate milk price (uses baseline milk quantity data)"
1552             DELTAMILKPROD(DOMI)           "change in regional quantity of milk produced"
1553             DELTAMILKPRODTOT              "change in total quantity of milk produced (uses baseline milk quantity data)"
1554             DELTAMILKUSE(DOMI)            "change in regional quantity of milk used"
1555             DELTAMILKUSETOT               "change in total quantity of milk used (uses baseline milk quantity data)"
1556             MILKPRODSHARESHIP(DOMI)       "regional share of milk production shipped out in baseline"
1557             MILKPRODSHARESHIPPRIME(DOMI)  "regional share of milk production shipped out in counterfactual"
1558             DELTAMILKPRODSHARESHIP(DOMI)  "change in regional share of milk production shipped out"
1559             MILKPRODSHARESHIPTOT          "total share of milk produced that is shipped out in baseline"
1560             MILKPRODSHARESHIPTOTPRIME     "total share of milk produced that is shipped out in counterfactual"
1561             DELTAMILKPRODSHARESHIPTOT     "change in total share of milk production shipped out"
1562             MILKUSESHARESHIP(DOMI)        "regional share of milk use shipped in in baseline"
1563             MILKUSESHARESHIPPRIME(DOMI)   "regional share of milk use shipped in in counterfactual"
1564             DELTAMILKUSESHARESHIP(DOMI)   "change in regional share of milk use shipped in"
1565             ;
1566   
1567  MUTILDE(DOMI) = sum(DOMJ, MU1(DOMJ) * A(DOMJ, DOMI)) ;
1568  MILKPRODSHARESHIP(DOMI) = 1 - A(DOMI, DOMI) - 1 / MU1(DOMI) * sum(DOMJ$(ORD(DOMJ) NE ORD(DOMI)), MU2(DOMJ, DOMI) * MUTILDE(DOMI)) ;
1569  MILKPRODSHARESHIPTOT = sum(DOMI$(MILKPRODSHARESHIP(DOMI) > 0), MU1(DOMI) * MILKPRODSHARESHIP(DOMI)) ;
1570  MILKUSESHARESHIP(DOMI) = 1 - MU2(DOMI, DOMI) - 1 / MUTILDE(DOMI) * sum(DOMJ$(ORD(DOMJ) NE ORD(DOMI)), MU1(DOMI) * A(DOMI, DOMJ))   ;
1571   
1572   
1573  parameters    DAIRYQUANT(DOMI, N)    "regional change in dairy product quantity produced"
1574                DAIRYVAL(DOMI)         "regional change in total dairy product value"
1575                DAIRYVALTOT            "aggregate change in total dairy product value"
1576                DAIRYEXP(DOMI)         "regional change in dairy export value"
1577                DAIRYEXPSHARE(DOMI)    "regional share of total US dairy exports"
1578                DAIRYEXPTOT            "total change in dairy export value"
1579                ;
1580   
1581  parameters       CS(DOMI)        "regional change in consumer surplus relative to regional consumption value"
1582                   CSDOM           "domestic change in consumer surplus relative to domestic consumption value"
1583                   CSFOR           "foreign change in consumer surplus relative to foreign consumption value"
1584                   CSTOT           "change in total consumer surplus relative to total consumption value"
1585                   PS(DOMI)        "relative change in regional land rents"
1586                   PSDOM           "relative change in domestic land rents"
1587                   PSTOT           "change in domestic land rents relative to total consumption value"
1588                   WELF(DOMI)      "change in regional welfare relative to total consumption value"
1589                   WELFDOM         "change in domestic welfare relative to total consumption value"
1590                   WELFFOR         "change in foreign welfare relative to total consumption value"
1591                   WELFTOT         "change in total welfare relative to total consumption value"
1592                   PC              "total value of dairy consumption"
1593                   CSVAL(DOMI)     "change in regional consumer surplus in USD"
1594                   CSDOMVAL        "change in domestic consumer surplus in USD"
1595                   CSFORVAL        "change in foreign consumer surplus in USD"
1596                   CSTOTVAL        "change in total consumer surplus in USD"
1597                   PSVAL(DOMI)     "change in regional land rents in USD"
1598                   PSDOMVAL        "chnage in domestic land rents in USD"
1599                   WELFVAL(DOMI)   "change in regional welfare in USD"
1600                   WELFDOMVAL      "change in domestic welfare in USD"
1601                   WELFTOTVAL      "change in total welfare in USD"
1602                   ;
1603   
1604   
1605  *************************************************************
1606  ********(0) DERIVATION OF SELECTED MODEL ELASTICITIES********
1607  *************************************************************
1608  **THIS PART OF THE CODE GENERATES THE VALUES REPORTED
1609  *IN TABLE 1 OF SECTION 5 AND TABLES D.1-D.4 OF THE SUPPLEMENTAL APPENDIX
1610  *THIS PART OF THE CODE ALSO SUBSTANTIATES THE CLAIM THAT THE SHARE OF FARM MILK IN TOTAL DAIRY PRODUCT VALUE IS 18% (SECTION 1)
1611   
1613   
1614  ***************************************************
1615  *(0.1) REGIONAL MILK SUPPLY ELASTICITIES (TABLE 1)
1616   
1618   
1619  *************************************************************
1620  *(0.2) REGIONAL DAIRY PRODUCT DEMAND ELASTICITIES (TABLE D.1)
1621   
1623   
1624  **************************************************************
1625  *(0.5) REGIONAL MILK COMPONENT DEMAND ELASTICITIES (TABLE D.4)
1626   
1627  MODEL COMPDEMAND /EQ1,EQ2,EQ3,EQ4,EQ5,EQ6,EQ7,EQ10EX,EQ21/ ;
1628   
1630   
1631  *************************************************************
1632  ****(1) COUNTERFACTUAL REMOVAL OF FMMO COMPONENT WEDGES******
1633  *************************************************************
1634  **THIS PART OF THE CODE PROVIDES THE VALUES REPORTED IN TABLES 2-6 AND THOSE REPORTED IN
1635  *TABLE E.1 (SENSITIVITY ANALYSIS)
1636  *IT ALSO PROVIDES SUPPORT FOR SOME OF THE NUMBERS REPORTED IN SECTION 1 THAT ARE DIRECTLY
1637  *TAKEN FROM THESE TABLES, NOTABLY REGARDING WELFARE EFFECTS OF FMMO REMOVAL
1638   
1639  ***********************************************
1640  *(1.1) EXTRACT WEDGE PARAMETERS (FOR TABLE 2)
1641   
1643   
1644  ********************************************************************
1645  **THEN RUN MAIN COUNTERFACTUAL WITH BASELINE SHAPE PARAMETER VALUES
1646  ********************************************************************
1647   
1648  MODEL FMMO /EQ1, EQ2, EQ3, EQ4, EQ5, EQ6, EQ7, EQ8, EQ9, EQ10, EQ11, EQ12, EQ13, EQ14A, EQ14B, EQ15, EQ16, EQ17, EQ18, EQ19, EQ20, EQ21/ ;
1649   
1651   
1652   
1653  ************************************************
1654  *(1.6) SENSITIVITY ANALYSIS (TABLE E.1)
1655   
1656  ****THIS CODE RUNS THE 7 SCENARIOS IN TABLE E.1, AND ADDITIONAL SCENARIOS TO SUPPORT THE CLAIM IN SECTION 6.5 THAT
1657  *VARSIGMA^CHEESE IS THE MOST CRITICAL SUBSTITUTION ELASTICITY AMONG DAIRY PRODUCTS
1658   
1660   
1661   
1662  ******************************************************************
1663  ***(2) COUNTERFACTUAL OPTIMAL WEDGLES (FIRST COLUMN OF TABLE 7)***
1664  ******************************************************************
1665   
1666  MODEL BETTERWEDGESREG /EQ1, EQ2, EQ3, EQ4, EQ5, EQ6, EQ7, EQ8OPT, EQ9OPT, EQ10, EQ11, EQ12, EQ13OPT, EQ14A, EQ14B, EQ15, EQ16, EQ17, EQ18, EQ19, EQ20, EQ22, EQ23 / ;
1667  *THIS MODEL IMPROVES ON THE BASELINE BY MAXIMIZING DOMESTIC CONS SURPLUS SUBJ TO NO HARM TO REGIONAL LAND RENT
1668   
1670   
1671   
1672  ************************************************************************
1673  ***(3) COUNTERFACTUAL REGIONAL MILK QUOTAS (SECOND COLUMN OF TABLE 7)***
1674  ************************************************************************
1675   
1676  MODEL QUOTAREG /EQ1, EQ2, EQ3, EQ4, EQ5, EQ6, EQ7, EQ8, EQ9, EQ10, EQ11, EQ12, EQ13QU, EQ14AQU, EQ15, EQ16, EQ17, EQ18, EQ19, EQ20, EQ22, EQ24 / ;
1677  *THIS MODEL USES A DAIRY QUOTA TO SUSTAIN THE SUM OF LAND RENTS AND DAIRY QUOTA RENTS AT REGIONAL LEVEL
1678   
1679   
1680  * Starting Values
1681  P.L(DOMI, N) = 1 ;
1682  PINDEX2.L(DOMI, N) = 1 ;
1683  PINDEX1.L(DOMI) = 1 ;
1684  PINDEX20.L(SUBN) = 1 ;
1685  PINDEX10.L = 1 ;
1686  C.L(I, DOMJ, N) = 1 ;
1687  C0.L(DOMI, SUBN) = 1 ;
1688  Q.L(DOMI, N) = 1 ;
1689  V.L(DOMI, K) = 1 ;
1690  VINDEX.L(DOMI, N) = 1 ;
1691  Z.L(DOMI, N, K) = 1 ;
1692  R.L(DOMI, L) = 1 ;
1693  W.L(DOMI, L) = 1 ;
1694  WINDEX1.L(DOMI) = 1 ;
1695  MSHIP.L(DOMI, DOMJ) = 1 ;
1696  MQUANT.L(DOMI) = 1 ;
1697  MPRICE.L(DOMI) = 1 ;
1698  Y.L(DOMI, L) = 1 ;
1699   
1700  MMPRICE.L(DOMI) = 1 ;
1701   
1703   
1704  *************************************************************
1705  ******(4) COUNTERFACTUAL INCREASE IN MILK TRADE COSTS********
1706  *************************************************************
1707   
1708  *THIS PROGRAM SUBSTANTIATES CLAIMS REGARDING COUNTERFACTUAL INCREASES IN MILK TRADE COSTS
1709  *MADE IN SECTION 1 AND IN SECTION 6.1
1710   
1711  MODEL MILKTRADECOST /EQ1, EQ2, EQ3, EQ4, EQ5, EQ6, EQ7, EQ8, EQ9, EQ10, EQ11TRC, EQ12, EQ13, EQ14ATRC, EQ14BTRC, EQ15, EQ16, EQ17, EQ18, EQ19, EQ20, EQ21/ ;
1712  *THIS MODEL INCREASES MILK TRADE COSTS UNIFORMLY UNTIL ALL TRADE IN FARM MILK DISAPPEARS
1713  *THE FOLLOWING ITERATIONS OF THE MODEL DEMONSTRATE THAT A SMALL MILK TRADE FLOW EXISTS AT TAU(DOMI, DOMJ) = 1.75 YET DISAPPEARS AT TAU(DOMI, DOMJ) = 1.76
1714  *TRADE IS ASSUMED TO DISAPPEAR IF THE PARAMETER DELTAMILKPRODSHARESHIPTOT IS EQUAL TO THE NEGATIVE OF MILKPRODSHARESHIPTOT (ITS BASELINE VALUE)
1715   
1717   
1718   
1719  ********************************************************************
1720  ***(5) MAXIMUM TRANSFER THAT PRESERVES DOMESTIC CONSUMER SURPLUS****
1721  ********************************************************************
1722   
1723  *THIS PROGRAM SUBSTANTIATES THE CLAIM MADE IN SECTION 6.6 REGARDING THE POSSIBILITY TO
1724  *INCREASE THE LAND RENT TRANSFER WHITHOUT HURTING DOMESTIC CONSUMERS VIA CHANGES IN COMPONENT WEDGES
1725   
1726  MODEL BETTERSUPPORT /EQ1, EQ2, EQ3, EQ4, EQ5, EQ6, EQ7, EQ8OPT, EQ9OPT, EQ10, EQ11, EQ12, EQ13OPT, EQ14A, EQ14B, EQ15, EQ16, EQ17, EQ18, EQ19, EQ20, EQ25, EQ23, EQ26 / ;
1727  *THIS PROGRAM RESHUFFLES COMPONENT PRICE WEDGES TO MAXIMIZE AGGREGATE LAND RENTS SUBJECT TO NO HARM TO CONSUMERS OR TO ANY REGIONAL
1728  *LAND RENT RELATIVE TO BASELINE
1729   
1731   
1732  ****************************************************************************************
1733  *************(6) ALTERNATIVE POLICY COMPARISON WITH EPSILON0=100************************
1734  ****************************************************************************************
1735   
1736  *THIS PART OF THE CODE SUBSTANTIATES THE CONTENTS OF FOOTNOTE 25
1737   
1739   
1740   
1741  ****************************************************************************************
1742  *************(7) REGIONAL MILK QUOTAS WITH FULL ARBITRAGE CONDITION*********************
1743  ****************************************************************************************
1744  *THIS PART OF THE CODE SUBSTANTIATES THE CLAIM MADE IN APPENDIX F.3 THAT IF ONE KEEPS
1745  *ALL THE CONDITIONS IN EQUATION (19), THEN THE REGIONAL LAND RENT CONSTRAINT BECOMES NON-BINDING
1746  *IN SOME MILK EXPORTING REGIONS, REDUCING THE VALUE OF DOMESTIC CONSUMER SURPLUS THAT CAN BE ACHIEVED.
1747   
1748  MODEL QUOTAREGALT /EQ1, EQ2, EQ3, EQ4, EQ5, EQ6, EQ7, EQ8, EQ9, EQ10, EQ11, EQ12, EQ13QU, EQ14AQU, EQ14BQU, EQ15, EQ16, EQ17, EQ18, EQ19, EQ20, EQ22, EQ24 / ;
1749   
1751   
1752   
1753  ****************************************************************************************
1754  ***(8) AGGREGATE COMPONENT DEMAND ELASTICITIES FOR USE IN BEVERAGE AND OTHER PRODUCTS***
1755  ****************************************************************************************
1756  *THIS PART OF THE CODE SUBSTANTIATES THE VALUES OF EPSILON1 (0.1) AND EPSILON2 (0.3)
1757  *USED IN APPENDIX G
1758  *IT ALSO SUBSTANTIATES THE CLAIM THAT THE VALUE SHARE OF BEVERAGE PRODUCTS IN THE TOTAL VALUE OF DAIRY PRODUCTS IS 19.4% (APPENDIX G.1)
1759  *IT ALSO RECOMPUTES THE DERIVED DEMAND ELASTICITY FOR MANUFACTURED PRODUCTS WHEN SETTING EPSILON_0 EQUAL TO 100
1760  *AND CONFIRMS THAT THE SHARE OF FOREIGN IN TOTAL CONSUMPTION OF MANUFACTURED PRODUCTS OF US ORIGIN IS 3.6% (APPENDIX G.2)
1761  *NOTE: TO AGGREGATE COMPONENT DEMAND ACROSS REGIONS GIVEN DIFFERENTIATED DAIRY PRODUCTS BY ORIGIN, THE RELATIVE CHANGE IN THE AGGREGATE VALUE (NOT QUANTITY) OF COMPONENTS
1762  *IS COMPUTED, AND WE SUBTRACT 1 TO THE ELASTICITY OF AGGREGATE VALUE W.R.T. TO THE COMMON PRICE INCREASE TO TURN THE VALUE
1763  *ELASTICITY BACK INTO A QUANTITY ELASTICITY
1764   
1766   
1767  parameters ELASCOMPUSEBEV(DOMI)      "elasticity of component demand for use in beverage products"
1768             ELASCOMPUSEMAN(DOMI)      "elasticity of component demand for use in other dairy products"
1769             ELASCOMPUSEBEVTOT         "aggregate elasticity of component demand for use in beverage products"
1770             ELASCOMPUSEMANTOT         "aggregate elasticity of component demand for use in other dairy products"
1771             ELASCOMPUSEMANTOT100      "aggregate elasticity of component demand for use in other dairy products when EPSILON0=100"
1772             SHAREBEV                  "share of component value used in beverage products"
1773             SHAREMANFOR               "share of foreign in value of consumption of non-beverage dairy products"
1774             ;
1775   
1776  VINDEXEX(DOMI , SUBN) = 1 ;
1777  VINDEXEX(DOMI, "beverage") = 1.0001 ;
1778   
1779  * Starting Values
1780    P.L(DOMI, N) = 1 ;
1781    PINDEX2.L(DOMI, N) = 1 ;
1782    PINDEX1.L(DOMI) = 1 ;
1783    PINDEX20.L(SUBN) = 1 ;
1784    PINDEX10.L = 1 ;
1785    C.L(I, DOMJ, N) = 1 ;
1786    C0.L(DOMI, SUBN) = 1 ;
1787    Q.L(DOMI, N) = 1 ;
1788   
1789   
1790  SOLVE COMPDEMAND USING NLP MAXIMIZING OBJ ;
1791  ELASCOMPUSEBEV(DOMI) = ( Q.L(DOMI, "beverage")- 1 ) / ( 1.0001 - 1 ) ;
1792  ELASCOMPUSEBEVTOT = (sum(DOMI, A1(DOMI)*A2(DOMI,"beverage")*PSI2(DOMI,"beverage")/sum(DOMJ, A1(DOMJ)*A2(DOMJ,"beverage")*PSI2(DOMJ,"beverage")) * VINDEXEX(DOMI, "beverage") * Q.L(DOMI, "beverage")) -1 )/0.0001 -1 ;
1793   
1794  VINDEXEX(DOMI, "beverage") = 1 ;
1795  VINDEXEX(DOMI , SUBN) = 1.0001 ;
1796   
1797  * Starting Values
1798    P.L(DOMI, N) = 1 ;
1799    PINDEX2.L(DOMI, N) = 1 ;
1800    PINDEX1.L(DOMI) = 1 ;
1801    PINDEX20.L(SUBN) = 1 ;
1802    PINDEX10.L = 1 ;
1803    C.L(I, DOMJ, N) = 1 ;
1804    C0.L(DOMI, SUBN) = 1 ;
1805    Q.L(DOMI, N) = 1 ;
1806   
1807  SOLVE COMPDEMAND USING NLP MAXIMIZING OBJ ;
1808   
1809  ELASCOMPUSEMAN(DOMI) = ( sum(SUBN, Q.L(DOMI, SUBN) * B2(DOMI, SUBN) /(1 - B2(DOMI, "beverage"))) - 1 ) / ( 1.0001 - 1 ) ;
1810  ELASCOMPUSEMANTOT = (sum((DOMI, SUBN), A1(DOMI)*A2(DOMI,SUBN)*PSI2(DOMI,SUBN)* VINDEXEX(DOMI, SUBN) * Q.L(DOMI,SUBN)) / sum((DOMJ, SUBN), A1(DOMJ)*A2(DOMJ, SUBN)*PSI2(DOMJ, SUBN))  -1 )/0.0001 -1 ;
1811   
1812  SHAREBEV = sum(DOMI, A1(DOMI)*A2(DOMI,"beverage")*PSI2(DOMI,"beverage")) / sum((DOMI, N), A1(DOMI)*A2(DOMI,N)*PSI2(DOMI,N) ) ;
1813   
1814  SHAREMANFOR = sum((SUBN, DOMJ), B1("ROW") * B2("ROW", SUBN) * B3(DOMJ, "ROW", SUBN)) / sum((DOMI, SUBN, DOMJ), B1(DOMI) * B2(DOMI, SUBN) * B3(DOMJ, DOMI, SUBN)) ;
1815   
1816  EPSILON0 = 100 ;
1817  * Starting Values
1818    P.L(DOMI, N) = 1 ;
1819    PINDEX2.L(DOMI, N) = 1 ;
1820    PINDEX1.L(DOMI) = 1 ;
1821    PINDEX20.L(SUBN) = 1 ;
1822    PINDEX10.L = 1 ;
1823    C.L(I, DOMJ, N) = 1 ;
1824    C0.L(DOMI, SUBN) = 1 ;
1825    Q.L(DOMI, N) = 1 ;
1826   
1827  SOLVE COMPDEMAND USING NLP MAXIMIZING OBJ ;
1828   
1829  ELASCOMPUSEMANTOT100 = (sum((DOMI, SUBN), A1(DOMI)*A2(DOMI,SUBN)*PSI2(DOMI,SUBN)* VINDEXEX(DOMI, SUBN) * Q.L(DOMI,SUBN)) / sum((DOMJ, SUBN), A1(DOMJ)*A2(DOMJ, SUBN)*PSI2(DOMJ, SUBN))  -1 )/0.0001 -1 ;
1830   
1831   
1832  display ELASCOMPUSEBEVTOT, ELASCOMPUSEMANTOT, SHAREBEV, SHAREMANFOR, ELASCOMPUSEMANTOT100, PSI ;
1833   
1835  execute_unload "../MANUSCRIPT CLAIMS/Appendix G/output_ex.gdx", ELASCOMPUSEBEVTOT, ELASCOMPUSEMANTOT, SHAREBEV, SHAREMANFOR, ELASCOMPUSEMANTOT100 ;
1836  execute 'gdxdump "../MANUSCRIPT CLAIMS/Appendix G/output_ex" format=csv output="../MANUSCRIPT CLAIMS/Appendix G/sharebev.csv" symb=SHAREBEV' ;
1837  execute 'gdxdump "../MANUSCRIPT CLAIMS/Appendix G/output_ex" format=csv output="../MANUSCRIPT CLAIMS/Appendix G/sharemanfor.csv" symb=SHAREMANFOR' ;
1838  execute 'gdxdump "../MANUSCRIPT CLAIMS/Appendix G/output_ex" format=csv output="../MANUSCRIPT CLAIMS/Appendix G/elascompusebevtot.csv" symb=ELASCOMPUSEBEVTOT' ;
1839  execute 'gdxdump "../MANUSCRIPT CLAIMS/Appendix G/output_ex" format=csv output="../MANUSCRIPT CLAIMS/Appendix G/elascompusemantot.csv" symb=ELASCOMPUSEMANTOT' ;
1840  execute 'gdxdump "../MANUSCRIPT CLAIMS/Appendix G/output_ex" format=csv output="../MANUSCRIPT CLAIMS/Appendix G/elascompusemantot100.csv" symb=ELASCOMPUSEMANTOT100' ;
1841   
GAMS 54.2.1  d9889eb3 Jul 13, 2026          DAX-DAC arm 64bit/macOS - 08/12/26 09:47:57 Page 2
GAMS CODE FOR "THE GEOGRAPHIC FOOTPRINT OF U.S. DAIRY POLICY," QUANTITATIVE ECONOMICS
Include File Summary


   SEQ   GLOBAL TYPE      PARENT   LOCAL  INCLVL  FILENAME

     1        1 INPUT          0       0       0  /Users/pierre/Dropbox/MMO analysis/Replication Package/GAMS CODE/FMMO_Model_QE.gms
     2       83 INCLUDE        1      83       1  /Users/pierre/Dropbox/MMO analysis/Replication Package/GAMS CODE/CSV DATA FILES/CFS_Dairy_for_GAMS_Gravity.csv
     3      747 INCLUDE        1      91       1  /Users/pierre/Dropbox/MMO analysis/Replication Package/GAMS CODE/CSV DATA FILES/Comp_Value_for_GAMS_May2025.csv
     4      898 INCLUDE        1      98       1  /Users/pierre/Dropbox/MMO analysis/Replication Package/GAMS CODE/CSV DATA FILES/Comp_Quantity_for_GAMS_May2025.csv
     5     1049 INCLUDE        1     105       1  /Users/pierre/Dropbox/MMO analysis/Replication Package/GAMS CODE/CSV DATA FILES/Milk_Shipments.csv
     6     1070 INCLUDE        1     113       1  /Users/pierre/Dropbox/MMO analysis/Replication Package/GAMS CODE/CSV DATA FILES/Crop_Prod_Values.csv
     7     1137 INCLUDE        1     120       1  /Users/pierre/Dropbox/MMO analysis/Replication Package/GAMS CODE/CSV DATA FILES/Dairy_Crop_Cons_Value.csv
     8     1181 INCLUDE        1     128       1  /Users/pierre/Dropbox/MMO analysis/Replication Package/GAMS CODE/CSV DATA FILES/Crop_Areas.csv
     9     1248 INCLUDE        1     135       1  /Users/pierre/Dropbox/MMO analysis/Replication Package/GAMS CODE/CSV DATA FILES/Cropland_Rent_Jul2026.csv
    10     1834 CALL           1    1688       0  mkdir -p "../MANUSCRIPT CLAIMS/Appendix G"


COMPILATION TIME     =        0.007 SECONDS      3 MB  54.2.1 d9889eb3 DAX-DAC
GAMS 54.2.1  d9889eb3 Jul 13, 2026          DAX-DAC arm 64bit/macOS - 08/12/26 09:47:57 Page 3
GAMS CODE FOR "THE GEOGRAPHIC FOOTPRINT OF U.S. DAIRY POLICY," QUANTITATIVE ECONOMICS
Equation Listing    SOLVE COMPDEMAND Using NLP From line 1790


---- EQ1  =E=  domestic consumer demand in region DOMJ for dairy products from region I

EQ1(Northeast,Northeast,Beverage)..  C(Northeast,Northeast,Beverage) - (0.3)*PINDEX1(Northeast) - (2)*PINDEX2(Northeast,Beverage) + (2.5)*P(Northeast,Beverage) =E= 0 ; (LHS = 0)
     
EQ1(Northeast,Northeast,Softs)..  C(Northeast,Northeast,Softs) - (0.3)*PINDEX1(Northeast) - (3.5)*PINDEX2(Northeast,Softs) + (4)*P(Northeast,Softs) =E= 0 ; (LHS = 0)
     
EQ1(Northeast,Northeast,Cheese)..  C(Northeast,Northeast,Cheese) - (0.3)*PINDEX1(Northeast) - (3.5)*PINDEX2(Northeast,Cheese) + (4)*P(Northeast,Cheese) =E= 0 ; (LHS = 0)
     
REMAINING 621 ENTRIES SKIPPED


---- EQ2  =E=  foreign consumer demand for US regional dairy products

EQ2(Northeast,Softs)..  C0(Northeast,Softs) - (0.5)*PINDEX10 - (6.2)*PINDEX20(Softs) + (8)*P(Northeast,Softs) =E= 0 ; (LHS = 0)
     
EQ2(Northeast,Cheese)..  C0(Northeast,Cheese) - (0.5)*PINDEX10 - (6.2)*PINDEX20(Cheese) + (8)*P(Northeast,Cheese) =E= 0 ; (LHS = 0)
     
EQ2(Northeast,Butter-Powder)..  C0(Northeast,Butter-Powder) - (0.5)*PINDEX10 - (8.2)*PINDEX20(Butter-Powder) + (10)*P(Northeast,Butter-Powder) =E= 0 ; (LHS = 0)
     
REMAINING 33 ENTRIES SKIPPED


---- EQ3  =E=  definition of region DOMJ dairy product price index

EQ3(Northeast)..  PINDEX1(Northeast) - (0.24675823174585)*PINDEX2(Northeast,Beverage) - (0.369375695568235)*PINDEX2(Northeast,Softs) - (0.284563345832431)*PINDEX2(Northeast,Cheese) - (0.0993027268534856)*PINDEX2(Northeast,Butter-Powder) =E= 0 ; (LHS = 0)
     
EQ3(Appalachian)..  PINDEX1(Appalachian) - (0.289725322691852)*PINDEX2(Appalachian,Beverage) - (0.314378390851904)*PINDEX2(Appalachian,Softs) - (0.254554644478508)*PINDEX2(Appalachian,Cheese) - (0.141341641977737)*PINDEX2(Appalachian,Butter-Powder) =E= 0 ; (LHS = 0)
     
EQ3(Florida)..  PINDEX1(Florida) - (0.468749591058235)*PINDEX2(Florida,Beverage) - (0.193399921267732)*PINDEX2(Florida,Softs) - (0.26963903730746)*PINDEX2(Florida,Cheese) - (0.0682114503665725)*PINDEX2(Florida,Butter-Powder) =E= 0 ; (LHS = 0)
     
REMAINING 9 ENTRIES SKIPPED


---- EQ4  =E=  definition of region DOMJ price index for product N

EQ4(Northeast,Beverage)..  PINDEX2(Northeast,Beverage) - (0.794352638855325)*P(Northeast,Beverage) - (0.0447387524231041)*P(Appalachian,Beverage) - (0.00965849106029156)*P(Florida,Beverage) - (0.00825807851749739)*P(Southeast,Beverage) - (0.0139814348655846)*P(Upper-Midwest,Beverage) - (0.0289443512979822)*P(Central,Beverage) - (0.0466563166718455)*P(Mideast,Beverage) - (0.0125884724113748)*P(California,Beverage) - (0.0131281678556238)*P(Pacific-Northwest,Beverage) - (0.0179771489494811)*P(Southwest,Beverage) - (0.00312464188185102)*P(Arizona,Beverage) - (0.0063044685515737)*P(Unregulated,Beverage) - (0.000287036658464304)*P(ROW,Beverage) =E= 0 ; (LHS = 0)
     
EQ4(Northeast,Softs)..  PINDEX2(Northeast,Softs) - (0.609903631894997)*P(Northeast,Softs) - (0.0159869338424502)*P(Appalachian,Softs) - (0.00217687738242106)*P(Florida,Softs) - (0.00254288069474904)*P(Southeast,Softs) - (0.0321761881743595)*P(Upper-Midwest,Softs) - (0.0412666809203598)*P(Central,Softs) - (0.24454086919435)*P(Mideast,Softs) - (0.0115496940230726)*P(California,Softs) - (0.00227270377478237)*P(Pacific-Northwest,Softs) - (0.0114504353634063)*P(Southwest,Softs) - (0.00169466850579308)*P(Arizona,Softs) - (0.0139276615627646)*P(Unregulated,Softs) - (0.0105107746664942)*P(ROW,Softs) =E= 0 ; (LHS = 0)
     
EQ4(Northeast,Cheese)..  PINDEX2(Northeast,Cheese) - (0.556844301674043)*P(Northeast,Cheese) - (0.00426870474921141)*P(Appalachian,Cheese) - (0.00207774438805753)*P(Florida,Cheese) - (0.00109568052056707)*P(Southeast,Cheese) - (0.140154014898437)*P(Upper-Midwest,Cheese) - (0.0449413640282396)*P(Central,Cheese) - (0.0654805084912523)*P(Mideast,Cheese) - (0.0409520952832567)*P(California,Cheese) - (0.0103192763518827)*P(Pacific-Northwest,Cheese) - (0.0151841976977415)*P(Southwest,Cheese) - (0.00353908683926618)*P(Arizona,Cheese) - (0.0306356539440691)*P(Unregulated,Cheese) - (0.0845073711339766)*P(ROW,Cheese) =E= 0 ; (LHS = 0)
     
REMAINING 45 ENTRIES SKIPPED


---- EQ5  =E=  definition of foreign dairy product price index

EQ5..  PINDEX10 - (0.176281753003001)*PINDEX20(Softs) - (0.471878872756067)*PINDEX20(Cheese) - (0.351839374240931)*PINDEX20(Butter-Powder) =E= 0 ; (LHS = 0)
     

---- EQ6  =E=  definition of foreign price index for product N

EQ6(Softs)..  PINDEX20(Softs) - (0.21185303201962)*P(Northeast,Softs) - (0.0577587020737929)*P(Appalachian,Softs) - (0.0526957374806717)*P(Florida,Softs) - (0.0428369233660385)*P(Southeast,Softs) - (0.0796760306371085)*P(Upper-Midwest,Softs) - (0.11973943383975)*P(Central,Softs) - (0.199159719161657)*P(Mideast,Softs) - (0.109938571423707)*P(California,Softs) - (0.0255272683962069)*P(Pacific-Northwest,Softs) - (0.0646813494655297)*P(Southwest,Softs) - (0.0235795401855904)*P(Arizona,Softs) - (0.0125536919503268)*P(Unregulated,Softs) =E= 0 ; (LHS = 0)
     
EQ6(Cheese)..  PINDEX20(Cheese) - (0.0766540004672471)*P(Northeast,Cheese) - (0.0145525533760702)*P(Appalachian,Cheese) - (0.0561889024874473)*P(Florida,Cheese) - (0.00677034506162829)*P(Southeast,Cheese) - (0.167532072164993)*P(Upper-Midwest,Cheese) - (0.0855383963980723)*P(Central,Cheese) - (0.0295444110130319)*P(Mideast,Cheese) - (0.330581947609173)*P(California,Cheese) - (0.0492777718420943)*P(Pacific-Northwest,Cheese) - (0.0799845271509775)*P(Southwest,Cheese) - (0.00601885323305417)*P(Arizona,Cheese) - (0.0973562191962109)*P(Unregulated,Cheese) =E= 0 ; (LHS = 0)
     
EQ6(Butter-Powder)..  PINDEX20(Butter-Powder) - (0.0529849908093177)*P(Northeast,Butter-Powder) - (0.0162842442404841)*P(Appalachian,Butter-Powder) - (0.0541961034976644)*P(Florida,Butter-Powder) - (0.00158953528624292)*P(Southeast,Butter-Powder) - (0.0900371107236857)*P(Upper-Midwest,Butter-Powder) - (0.100341984128239)*P(Central,Butter-Powder) - (0.0101742056961099)*P(Mideast,Butter-Powder) - (0.378681962058392)*P(California,Butter-Powder) - (0.121617155918956)*P(Pacific-Northwest,Butter-Powder) - (0.0945981052120954)*P(Southwest,Butter-Powder) - (0.0197107123623539)*P(Arizona,Butter-Powder) - (0.059783890066459)*P(Unregulated,Butter-Powder) =E= 0 ; (LHS = 0)
     

---- EQ7  =E=  dairy product market clearing

EQ7(Northeast,Beverage)..  - 0.786793109071197*C(Northeast,Northeast,Beverage) - 0.0518658018099528*C(Northeast,Appalachian,Beverage) - 0.0157614012833185*C(Northeast,Florida,Beverage) - 0.0301098428393148*C(Northeast,Southeast,Beverage) - 0.00979850100111836*C(Northeast,Upper-Midwest,Beverage) - 0.033320390446923*C(Northeast,Central,Beverage) - 0.027648324423947*C(Northeast,Mideast,Beverage) - 0.00908376723955732*C(Northeast,California,Beverage) - 0.00741336392843791*C(Northeast,Pacific-Northwest,Beverage) - 0.0194144327201721*C(Northeast,Southwest,Beverage) - 0.00250939452788024*C(Northeast,Arizona,Beverage) - 0.00628167070818092*C(Northeast,Unregulated,Beverage) + Q(Northeast,Beverage) =E= 0 ; (LHS = 0)
     
EQ7(Northeast,Softs)..  - 0.709078190290326*C(Northeast,Northeast,Softs) - 0.0511574922635477*C(Northeast,Appalachian,Softs) - 0.0154097826248743*C(Northeast,Florida,Softs) - 0.0183419022373236*C(Northeast,Southeast,Softs) - 0.0187358282059508*C(Northeast,Upper-Midwest,Softs) - 0.0607097319249804*C(Northeast,Central,Softs) - 0.0467282049576684*C(Northeast,Mideast,Softs) - 0.0189903255554335*C(Northeast,California,Softs) - 0.00469907158192011*C(Northeast,Pacific-Northwest,Softs) - 0.0313711003786776*C(Northeast,Southwest,Softs) - 0.00326927407416365*C(Northeast,Arizona,Softs) - 0.00819061032342025*C(Northeast,Unregulated,Softs) - 0.0133184855817139*C0(Northeast,Softs) + Q(Northeast,Softs) =E= 0 ; (LHS = 0)
     
EQ7(Northeast,Cheese)..  - 0.693733649805413*C(Northeast,Northeast,Cheese) - 0.0415221080827172*C(Northeast,Appalachian,Cheese) - 0.0213832642349401*C(Northeast,Florida,Cheese) - 0.0173718547730165*C(Northeast,Southeast,Cheese) - 0.0685604014303773*C(Northeast,Upper-Midwest,Cheese) - 0.0383227112565743*C(Northeast,Central,Cheese) - 0.0552226600736926*C(Northeast,Mideast,Cheese) - 0.0102889045190845*C(Northeast,California,Cheese) - 0.00459376028743111*C(Northeast,Pacific-Northwest,Cheese) - 0.0174794584008063*C(Northeast,Southwest,Cheese) - 0.00225745393736262*C(Northeast,Arizona,Cheese) - 0.0113208338607315*C(Northeast,Unregulated,Cheese) - 0.017942939337853*C0(Northeast,Cheese) + Q(Northeast,Cheese) =E= 0 ; (LHS = 0)
     
REMAINING 45 ENTRIES SKIPPED


---- EQ10EX  =E=  EQ10 with exogenous VINDEX (for MODEL COMPDEMAND)

EQ10EX(Northeast,Beverage)..  P(Northeast,Beverage) =E= 1.00001236710412 ; (LHS = 1, INFES = 1.23671041156737E-5 ****)
     
EQ10EX(Northeast,Softs)..  P(Northeast,Softs) =E= 1 ; (LHS = 1)
     
EQ10EX(Northeast,Cheese)..  P(Northeast,Cheese) =E= 1 ; (LHS = 1)
     
REMAINING 45 ENTRIES SKIPPED


---- EQ21  =E=  objective function

EQ21..  OBJ =E= 1 ; (LHS = 0, INFES = 1 ****)
     
GAMS 54.2.1  d9889eb3 Jul 13, 2026          DAX-DAC arm 64bit/macOS - 08/12/26 09:47:57 Page 4
GAMS CODE FOR "THE GEOGRAPHIC FOOTPRINT OF U.S. DAIRY POLICY," QUANTITATIVE ECONOMICS
Column Listing      SOLVE COMPDEMAND Using NLP From line 1790


---- C  relative change in region DOMJ demand for product N from origin I

C(Northeast,Northeast,Beverage)
                (.LO, .L, .UP, .M = -INF, 1, +INF, 0)
        1       EQ1(Northeast,Northeast,Beverage)
       -0.7868  EQ7(Northeast,Beverage)

C(Northeast,Northeast,Softs)
                (.LO, .L, .UP, .M = -INF, 1, +INF, 0)
        1       EQ1(Northeast,Northeast,Softs)
       -0.7091  EQ7(Northeast,Softs)

C(Northeast,Northeast,Cheese)
                (.LO, .L, .UP, .M = -INF, 1, +INF, 0)
        1       EQ1(Northeast,Northeast,Cheese)
       -0.6937  EQ7(Northeast,Cheese)

REMAINING 621 ENTRIES SKIPPED

---- C0  relative change in foreign demand for product N from origin DOMI

C0(Northeast,Softs)
                (.LO, .L, .UP, .M = -INF, 1, +INF, 0)
        1       EQ2(Northeast,Softs)
       -0.0133  EQ7(Northeast,Softs)

C0(Northeast,Cheese)
                (.LO, .L, .UP, .M = -INF, 1, +INF, 0)
        1       EQ2(Northeast,Cheese)
       -0.0179  EQ7(Northeast,Cheese)

C0(Northeast,Butter-Powder)
                (.LO, .L, .UP, .M = -INF, 1, +INF, 0)
        1       EQ2(Northeast,Butter-Powder)
       -0.0219  EQ7(Northeast,Butter-Powder)

REMAINING 33 ENTRIES SKIPPED

---- PINDEX1  relative change in dairy product price index in region DOMJ

PINDEX1(Northeast)
                (.LO, .L, .UP, .M = 0, 1, +INF, 0)
      (-0.3)    EQ1(Northeast,Northeast,Beverage)
      (-0.3)    EQ1(Northeast,Northeast,Softs)
      (-0.3)    EQ1(Northeast,Northeast,Cheese)
      (-0.3)    EQ1(Northeast,Northeast,Butter-Powder)
      (-0.3)    EQ1(Appalachian,Northeast,Beverage)
      (-0.3)    EQ1(Appalachian,Northeast,Softs)
      (-0.3)    EQ1(Appalachian,Northeast,Cheese)
      (-0.3)    EQ1(Appalachian,Northeast,Butter-Powder)
      (-0.3)    EQ1(Florida,Northeast,Beverage)
      (-0.3)    EQ1(Florida,Northeast,Softs)
      (-0.3)    EQ1(Florida,Northeast,Cheese)
      (-0.3)    EQ1(Florida,Northeast,Butter-Powder)
      (-0.3)    EQ1(Southeast,Northeast,Beverage)
      (-0.3)    EQ1(Southeast,Northeast,Softs)
      (-0.3)    EQ1(Southeast,Northeast,Cheese)
      (-0.3)    EQ1(Southeast,Northeast,Butter-Powder)
      (-0.3)    EQ1(Upper-Midwest,Northeast,Beverage)
      (-0.3)    EQ1(Upper-Midwest,Northeast,Softs)
      (-0.3)    EQ1(Upper-Midwest,Northeast,Cheese)
      (-0.3)    EQ1(Upper-Midwest,Northeast,Butter-Powder)
      (-0.3)    EQ1(Central,Northeast,Beverage)
      (-0.3)    EQ1(Central,Northeast,Softs)
      (-0.3)    EQ1(Central,Northeast,Cheese)
      (-0.3)    EQ1(Central,Northeast,Butter-Powder)
      (-0.3)    EQ1(Mideast,Northeast,Beverage)
      (-0.3)    EQ1(Mideast,Northeast,Softs)
      (-0.3)    EQ1(Mideast,Northeast,Cheese)
      (-0.3)    EQ1(Mideast,Northeast,Butter-Powder)
      (-0.3)    EQ1(California,Northeast,Beverage)
      (-0.3)    EQ1(California,Northeast,Softs)
      (-0.3)    EQ1(California,Northeast,Cheese)
      (-0.3)    EQ1(California,Northeast,Butter-Powder)
      (-0.3)    EQ1(Pacific-Northwest,Northeast,Beverage)
      (-0.3)    EQ1(Pacific-Northwest,Northeast,Softs)
      (-0.3)    EQ1(Pacific-Northwest,Northeast,Cheese)
      (-0.3)    EQ1(Pacific-Northwest,Northeast,Butter-Powder)
      (-0.3)    EQ1(Southwest,Northeast,Beverage)
      (-0.3)    EQ1(Southwest,Northeast,Softs)
      (-0.3)    EQ1(Southwest,Northeast,Cheese)
      (-0.3)    EQ1(Southwest,Northeast,Butter-Powder)
      (-0.3)    EQ1(Arizona,Northeast,Beverage)
      (-0.3)    EQ1(Arizona,Northeast,Softs)
      (-0.3)    EQ1(Arizona,Northeast,Cheese)
      (-0.3)    EQ1(Arizona,Northeast,Butter-Powder)
      (-0.3)    EQ1(Unregulated,Northeast,Beverage)
      (-0.3)    EQ1(Unregulated,Northeast,Softs)
      (-0.3)    EQ1(Unregulated,Northeast,Cheese)
      (-0.3)    EQ1(Unregulated,Northeast,Butter-Powder)
      (-0.3)    EQ1(ROW,Northeast,Beverage)
      (-0.3)    EQ1(ROW,Northeast,Softs)
      (-0.3)    EQ1(ROW,Northeast,Cheese)
      (-0.3)    EQ1(ROW,Northeast,Butter-Powder)
        1       EQ3(Northeast)

PINDEX1(Appalachian)
                (.LO, .L, .UP, .M = 0, 1, +INF, 0)
      (-0.3)    EQ1(Northeast,Appalachian,Beverage)
      (-0.3)    EQ1(Northeast,Appalachian,Softs)
      (-0.3)    EQ1(Northeast,Appalachian,Cheese)
      (-0.3)    EQ1(Northeast,Appalachian,Butter-Powder)
      (-0.3)    EQ1(Appalachian,Appalachian,Beverage)
      (-0.3)    EQ1(Appalachian,Appalachian,Softs)
      (-0.3)    EQ1(Appalachian,Appalachian,Cheese)
      (-0.3)    EQ1(Appalachian,Appalachian,Butter-Powder)
      (-0.3)    EQ1(Florida,Appalachian,Beverage)
      (-0.3)    EQ1(Florida,Appalachian,Softs)
      (-0.3)    EQ1(Florida,Appalachian,Cheese)
      (-0.3)    EQ1(Florida,Appalachian,Butter-Powder)
      (-0.3)    EQ1(Southeast,Appalachian,Beverage)
      (-0.3)    EQ1(Southeast,Appalachian,Softs)
      (-0.3)    EQ1(Southeast,Appalachian,Cheese)
      (-0.3)    EQ1(Southeast,Appalachian,Butter-Powder)
      (-0.3)    EQ1(Upper-Midwest,Appalachian,Beverage)
      (-0.3)    EQ1(Upper-Midwest,Appalachian,Softs)
      (-0.3)    EQ1(Upper-Midwest,Appalachian,Cheese)
      (-0.3)    EQ1(Upper-Midwest,Appalachian,Butter-Powder)
      (-0.3)    EQ1(Central,Appalachian,Beverage)
      (-0.3)    EQ1(Central,Appalachian,Softs)
      (-0.3)    EQ1(Central,Appalachian,Cheese)
      (-0.3)    EQ1(Central,Appalachian,Butter-Powder)
      (-0.3)    EQ1(Mideast,Appalachian,Beverage)
      (-0.3)    EQ1(Mideast,Appalachian,Softs)
      (-0.3)    EQ1(Mideast,Appalachian,Cheese)
      (-0.3)    EQ1(Mideast,Appalachian,Butter-Powder)
      (-0.3)    EQ1(California,Appalachian,Beverage)
      (-0.3)    EQ1(California,Appalachian,Softs)
      (-0.3)    EQ1(California,Appalachian,Cheese)
      (-0.3)    EQ1(California,Appalachian,Butter-Powder)
      (-0.3)    EQ1(Pacific-Northwest,Appalachian,Beverage)
      (-0.3)    EQ1(Pacific-Northwest,Appalachian,Softs)
      (-0.3)    EQ1(Pacific-Northwest,Appalachian,Cheese)
      (-0.3)    EQ1(Pacific-Northwest,Appalachian,Butter-Powder)
      (-0.3)    EQ1(Southwest,Appalachian,Beverage)
      (-0.3)    EQ1(Southwest,Appalachian,Softs)
      (-0.3)    EQ1(Southwest,Appalachian,Cheese)
      (-0.3)    EQ1(Southwest,Appalachian,Butter-Powder)
      (-0.3)    EQ1(Arizona,Appalachian,Beverage)
      (-0.3)    EQ1(Arizona,Appalachian,Softs)
      (-0.3)    EQ1(Arizona,Appalachian,Cheese)
      (-0.3)    EQ1(Arizona,Appalachian,Butter-Powder)
      (-0.3)    EQ1(Unregulated,Appalachian,Beverage)
      (-0.3)    EQ1(Unregulated,Appalachian,Softs)
      (-0.3)    EQ1(Unregulated,Appalachian,Cheese)
      (-0.3)    EQ1(Unregulated,Appalachian,Butter-Powder)
      (-0.3)    EQ1(ROW,Appalachian,Beverage)
      (-0.3)    EQ1(ROW,Appalachian,Softs)
      (-0.3)    EQ1(ROW,Appalachian,Cheese)
      (-0.3)    EQ1(ROW,Appalachian,Butter-Powder)
        1       EQ3(Appalachian)

PINDEX1(Florida)
                (.LO, .L, .UP, .M = 0, 1, +INF, 0)
      (-0.3)    EQ1(Northeast,Florida,Beverage)
      (-0.3)    EQ1(Northeast,Florida,Softs)
      (-0.3)    EQ1(Northeast,Florida,Cheese)
      (-0.3)    EQ1(Northeast,Florida,Butter-Powder)
      (-0.3)    EQ1(Appalachian,Florida,Beverage)
      (-0.3)    EQ1(Appalachian,Florida,Softs)
      (-0.3)    EQ1(Appalachian,Florida,Cheese)
      (-0.3)    EQ1(Appalachian,Florida,Butter-Powder)
      (-0.3)    EQ1(Florida,Florida,Beverage)
      (-0.3)    EQ1(Florida,Florida,Softs)
      (-0.3)    EQ1(Florida,Florida,Cheese)
      (-0.3)    EQ1(Florida,Florida,Butter-Powder)
      (-0.3)    EQ1(Southeast,Florida,Beverage)
      (-0.3)    EQ1(Southeast,Florida,Softs)
      (-0.3)    EQ1(Southeast,Florida,Cheese)
      (-0.3)    EQ1(Southeast,Florida,Butter-Powder)
      (-0.3)    EQ1(Upper-Midwest,Florida,Beverage)
      (-0.3)    EQ1(Upper-Midwest,Florida,Softs)
      (-0.3)    EQ1(Upper-Midwest,Florida,Cheese)
      (-0.3)    EQ1(Upper-Midwest,Florida,Butter-Powder)
      (-0.3)    EQ1(Central,Florida,Beverage)
      (-0.3)    EQ1(Central,Florida,Softs)
      (-0.3)    EQ1(Central,Florida,Cheese)
      (-0.3)    EQ1(Central,Florida,Butter-Powder)
      (-0.3)    EQ1(Mideast,Florida,Beverage)
      (-0.3)    EQ1(Mideast,Florida,Softs)
      (-0.3)    EQ1(Mideast,Florida,Cheese)
      (-0.3)    EQ1(Mideast,Florida,Butter-Powder)
      (-0.3)    EQ1(California,Florida,Beverage)
      (-0.3)    EQ1(California,Florida,Softs)
      (-0.3)    EQ1(California,Florida,Cheese)
      (-0.3)    EQ1(California,Florida,Butter-Powder)
      (-0.3)    EQ1(Pacific-Northwest,Florida,Beverage)
      (-0.3)    EQ1(Pacific-Northwest,Florida,Softs)
      (-0.3)    EQ1(Pacific-Northwest,Florida,Cheese)
      (-0.3)    EQ1(Pacific-Northwest,Florida,Butter-Powder)
      (-0.3)    EQ1(Southwest,Florida,Beverage)
      (-0.3)    EQ1(Southwest,Florida,Softs)
      (-0.3)    EQ1(Southwest,Florida,Cheese)
      (-0.3)    EQ1(Southwest,Florida,Butter-Powder)
      (-0.3)    EQ1(Arizona,Florida,Beverage)
      (-0.3)    EQ1(Arizona,Florida,Softs)
      (-0.3)    EQ1(Arizona,Florida,Cheese)
      (-0.3)    EQ1(Arizona,Florida,Butter-Powder)
      (-0.3)    EQ1(Unregulated,Florida,Beverage)
      (-0.3)    EQ1(Unregulated,Florida,Softs)
      (-0.3)    EQ1(Unregulated,Florida,Cheese)
      (-0.3)    EQ1(Unregulated,Florida,Butter-Powder)
      (-0.3)    EQ1(ROW,Florida,Beverage)
      (-0.3)    EQ1(ROW,Florida,Softs)
      (-0.3)    EQ1(ROW,Florida,Cheese)
      (-0.3)    EQ1(ROW,Florida,Butter-Powder)
        1       EQ3(Florida)

REMAINING 9 ENTRIES SKIPPED

---- PINDEX2  relative change in price of product N in region DOMJ

PINDEX2(Northeast,Beverage)
                (.LO, .L, .UP, .M = 0, 1, +INF, 0)
      (-2)      EQ1(Northeast,Northeast,Beverage)
      (-2)      EQ1(Appalachian,Northeast,Beverage)
      (-2)      EQ1(Florida,Northeast,Beverage)
      (-2)      EQ1(Southeast,Northeast,Beverage)
      (-2)      EQ1(Upper-Midwest,Northeast,Beverage)
      (-2)      EQ1(Central,Northeast,Beverage)
      (-2)      EQ1(Mideast,Northeast,Beverage)
      (-2)      EQ1(California,Northeast,Beverage)
      (-2)      EQ1(Pacific-Northwest,Northeast,Beverage)
      (-2)      EQ1(Southwest,Northeast,Beverage)
      (-2)      EQ1(Arizona,Northeast,Beverage)
      (-2)      EQ1(Unregulated,Northeast,Beverage)
      (-2)      EQ1(ROW,Northeast,Beverage)
      (-0.2468) EQ3(Northeast)
        1       EQ4(Northeast,Beverage)

PINDEX2(Northeast,Softs)
                (.LO, .L, .UP, .M = 0, 1, +INF, 0)
      (-3.5)    EQ1(Northeast,Northeast,Softs)
      (-3.5)    EQ1(Appalachian,Northeast,Softs)
      (-3.5)    EQ1(Florida,Northeast,Softs)
      (-3.5)    EQ1(Southeast,Northeast,Softs)
      (-3.5)    EQ1(Upper-Midwest,Northeast,Softs)
      (-3.5)    EQ1(Central,Northeast,Softs)
      (-3.5)    EQ1(Mideast,Northeast,Softs)
      (-3.5)    EQ1(California,Northeast,Softs)
      (-3.5)    EQ1(Pacific-Northwest,Northeast,Softs)
      (-3.5)    EQ1(Southwest,Northeast,Softs)
      (-3.5)    EQ1(Arizona,Northeast,Softs)
      (-3.5)    EQ1(Unregulated,Northeast,Softs)
      (-3.5)    EQ1(ROW,Northeast,Softs)
      (-0.3694) EQ3(Northeast)
        1       EQ4(Northeast,Softs)

PINDEX2(Northeast,Cheese)
                (.LO, .L, .UP, .M = 0, 1, +INF, 0)
      (-3.5)    EQ1(Northeast,Northeast,Cheese)
      (-3.5)    EQ1(Appalachian,Northeast,Cheese)
      (-3.5)    EQ1(Florida,Northeast,Cheese)
      (-3.5)    EQ1(Southeast,Northeast,Cheese)
      (-3.5)    EQ1(Upper-Midwest,Northeast,Cheese)
      (-3.5)    EQ1(Central,Northeast,Cheese)
      (-3.5)    EQ1(Mideast,Northeast,Cheese)
      (-3.5)    EQ1(California,Northeast,Cheese)
      (-3.5)    EQ1(Pacific-Northwest,Northeast,Cheese)
      (-3.5)    EQ1(Southwest,Northeast,Cheese)
      (-3.5)    EQ1(Arizona,Northeast,Cheese)
      (-3.5)    EQ1(Unregulated,Northeast,Cheese)
      (-3.5)    EQ1(ROW,Northeast,Cheese)
      (-0.2846) EQ3(Northeast)
        1       EQ4(Northeast,Cheese)

REMAINING 45 ENTRIES SKIPPED

---- PINDEX10  relative change in foreign price index for dairy products

PINDEX10
                (.LO, .L, .UP, .M = 0, 1, +INF, 0)
      (-0.5)    EQ2(Northeast,Softs)
      (-0.5)    EQ2(Northeast,Cheese)
      (-0.5)    EQ2(Northeast,Butter-Powder)
      (-0.5)    EQ2(Appalachian,Softs)
      (-0.5)    EQ2(Appalachian,Cheese)
      (-0.5)    EQ2(Appalachian,Butter-Powder)
      (-0.5)    EQ2(Florida,Softs)
      (-0.5)    EQ2(Florida,Cheese)
      (-0.5)    EQ2(Florida,Butter-Powder)
      (-0.5)    EQ2(Southeast,Softs)
      (-0.5)    EQ2(Southeast,Cheese)
      (-0.5)    EQ2(Southeast,Butter-Powder)
      (-0.5)    EQ2(Upper-Midwest,Softs)
      (-0.5)    EQ2(Upper-Midwest,Cheese)
      (-0.5)    EQ2(Upper-Midwest,Butter-Powder)
      (-0.5)    EQ2(Central,Softs)
      (-0.5)    EQ2(Central,Cheese)
      (-0.5)    EQ2(Central,Butter-Powder)
      (-0.5)    EQ2(Mideast,Softs)
      (-0.5)    EQ2(Mideast,Cheese)
      (-0.5)    EQ2(Mideast,Butter-Powder)
      (-0.5)    EQ2(California,Softs)
      (-0.5)    EQ2(California,Cheese)
      (-0.5)    EQ2(California,Butter-Powder)
      (-0.5)    EQ2(Pacific-Northwest,Softs)
      (-0.5)    EQ2(Pacific-Northwest,Cheese)
      (-0.5)    EQ2(Pacific-Northwest,Butter-Powder)
      (-0.5)    EQ2(Southwest,Softs)
      (-0.5)    EQ2(Southwest,Cheese)
      (-0.5)    EQ2(Southwest,Butter-Powder)
      (-0.5)    EQ2(Arizona,Softs)
      (-0.5)    EQ2(Arizona,Cheese)
      (-0.5)    EQ2(Arizona,Butter-Powder)
      (-0.5)    EQ2(Unregulated,Softs)
      (-0.5)    EQ2(Unregulated,Cheese)
      (-0.5)    EQ2(Unregulated,Butter-Powder)
        1       EQ5


---- PINDEX20  relative change in foreign price of product SUBN

PINDEX20(Softs)
                (.LO, .L, .UP, .M = 0, 1, +INF, 0)
      (-6.2)    EQ2(Northeast,Softs)
      (-6.2)    EQ2(Appalachian,Softs)
      (-6.2)    EQ2(Florida,Softs)
      (-6.2)    EQ2(Southeast,Softs)
      (-6.2)    EQ2(Upper-Midwest,Softs)
      (-6.2)    EQ2(Central,Softs)
      (-6.2)    EQ2(Mideast,Softs)
      (-6.2)    EQ2(California,Softs)
      (-6.2)    EQ2(Pacific-Northwest,Softs)
      (-6.2)    EQ2(Southwest,Softs)
      (-6.2)    EQ2(Arizona,Softs)
      (-6.2)    EQ2(Unregulated,Softs)
      (-0.1763) EQ5
        1       EQ6(Softs)

PINDEX20(Cheese)
                (.LO, .L, .UP, .M = 0, 1, +INF, 0)
      (-6.2)    EQ2(Northeast,Cheese)
      (-6.2)    EQ2(Appalachian,Cheese)
      (-6.2)    EQ2(Florida,Cheese)
      (-6.2)    EQ2(Southeast,Cheese)
      (-6.2)    EQ2(Upper-Midwest,Cheese)
      (-6.2)    EQ2(Central,Cheese)
      (-6.2)    EQ2(Mideast,Cheese)
      (-6.2)    EQ2(California,Cheese)
      (-6.2)    EQ2(Pacific-Northwest,Cheese)
      (-6.2)    EQ2(Southwest,Cheese)
      (-6.2)    EQ2(Arizona,Cheese)
      (-6.2)    EQ2(Unregulated,Cheese)
      (-0.4719) EQ5
        1       EQ6(Cheese)

PINDEX20(Butter-Powder)
                (.LO, .L, .UP, .M = 0, 1, +INF, 0)
      (-8.2)    EQ2(Northeast,Butter-Powder)
      (-8.2)    EQ2(Appalachian,Butter-Powder)
      (-8.2)    EQ2(Florida,Butter-Powder)
      (-8.2)    EQ2(Southeast,Butter-Powder)
      (-8.2)    EQ2(Upper-Midwest,Butter-Powder)
      (-8.2)    EQ2(Central,Butter-Powder)
      (-8.2)    EQ2(Mideast,Butter-Powder)
      (-8.2)    EQ2(California,Butter-Powder)
      (-8.2)    EQ2(Pacific-Northwest,Butter-Powder)
      (-8.2)    EQ2(Southwest,Butter-Powder)
      (-8.2)    EQ2(Arizona,Butter-Powder)
      (-8.2)    EQ2(Unregulated,Butter-Powder)
      (-0.3518) EQ5
        1       EQ6(Butter-Powder)


---- Q  relative change in production of product N in region DOMI

Q(Northeast,Beverage)
                (.LO, .L, .UP, .M = -INF, 1, +INF, 0)
        1       EQ7(Northeast,Beverage)

Q(Northeast,Softs)
                (.LO, .L, .UP, .M = -INF, 1, +INF, 0)
        1       EQ7(Northeast,Softs)

Q(Northeast,Cheese)
                (.LO, .L, .UP, .M = -INF, 1, +INF, 0)
        1       EQ7(Northeast,Cheese)

REMAINING 45 ENTRIES SKIPPED

---- P  relative change in producer price of product N in region I

P(Northeast,Beverage)
                (.LO, .L, .UP, .M = 0, 1, +INF, 0)
       (2.5)    EQ1(Northeast,Northeast,Beverage)
       (2.5)    EQ1(Northeast,Appalachian,Beverage)
       (2.5)    EQ1(Northeast,Florida,Beverage)
       (2.5)    EQ1(Northeast,Southeast,Beverage)
       (2.5)    EQ1(Northeast,Upper-Midwest,Beverage)
       (2.5)    EQ1(Northeast,Central,Beverage)
       (2.5)    EQ1(Northeast,Mideast,Beverage)
       (2.5)    EQ1(Northeast,California,Beverage)
       (2.5)    EQ1(Northeast,Pacific-Northwest,Beverage)
       (2.5)    EQ1(Northeast,Southwest,Beverage)
       (2.5)    EQ1(Northeast,Arizona,Beverage)
       (2.5)    EQ1(Northeast,Unregulated,Beverage)
      (-0.7944) EQ4(Northeast,Beverage)
      (-0.1696) EQ4(Appalachian,Beverage)
      (-0.0532) EQ4(Florida,Beverage)
      (-0.1148) EQ4(Southeast,Beverage)
      (-0.0584) EQ4(Upper-Midwest,Beverage)
      (-0.0589) EQ4(Central,Beverage)
      (-0.0859) EQ4(Mideast,Beverage)
      (-0.0146) EQ4(California,Beverage)
      (-0.0249) EQ4(Pacific-Northwest,Beverage)
      (-0.0437) EQ4(Southwest,Beverage)
      (-0.0206) EQ4(Arizona,Beverage)
      (-0.0312) EQ4(Unregulated,Beverage)
        1       EQ10EX(Northeast,Beverage)

P(Northeast,Softs)
                (.LO, .L, .UP, .M = 0, 1, +INF, 0)
       (4)      EQ1(Northeast,Northeast,Softs)
       (4)      EQ1(Northeast,Appalachian,Softs)
       (4)      EQ1(Northeast,Florida,Softs)
       (4)      EQ1(Northeast,Southeast,Softs)
       (4)      EQ1(Northeast,Upper-Midwest,Softs)
       (4)      EQ1(Northeast,Central,Softs)
       (4)      EQ1(Northeast,Mideast,Softs)
       (4)      EQ1(Northeast,California,Softs)
       (4)      EQ1(Northeast,Pacific-Northwest,Softs)
       (4)      EQ1(Northeast,Southwest,Softs)
       (4)      EQ1(Northeast,Arizona,Softs)
       (4)      EQ1(Northeast,Unregulated,Softs)
       (8)      EQ2(Northeast,Softs)
      (-0.6099) EQ4(Northeast,Softs)
      (-0.1966) EQ4(Appalachian,Softs)
      (-0.1606) EQ4(Florida,Softs)
      (-0.1152) EQ4(Southeast,Softs)
      (-0.0841) EQ4(Upper-Midwest,Softs)
      (-0.1018) EQ4(Central,Softs)
      (-0.0965) EQ4(Mideast,Softs)
      (-0.0424) EQ4(California,Softs)
      (-0.0458) EQ4(Pacific-Northwest,Softs)
      (-0.0795) EQ4(Southwest,Softs)
      (-0.0933) EQ4(Arizona,Softs)
      (-0.0641) EQ4(Unregulated,Softs)
      (-0.2119) EQ6(Softs)
        1       EQ10EX(Northeast,Softs)

P(Northeast,Cheese)
                (.LO, .L, .UP, .M = 0, 1, +INF, 0)
       (4)      EQ1(Northeast,Northeast,Cheese)
       (4)      EQ1(Northeast,Appalachian,Cheese)
       (4)      EQ1(Northeast,Florida,Cheese)
       (4)      EQ1(Northeast,Southeast,Cheese)
       (4)      EQ1(Northeast,Upper-Midwest,Cheese)
       (4)      EQ1(Northeast,Central,Cheese)
       (4)      EQ1(Northeast,Mideast,Cheese)
       (4)      EQ1(Northeast,California,Cheese)
       (4)      EQ1(Northeast,Pacific-Northwest,Cheese)
       (4)      EQ1(Northeast,Southwest,Cheese)
       (4)      EQ1(Northeast,Arizona,Cheese)
       (4)      EQ1(Northeast,Unregulated,Cheese)
       (8)      EQ2(Northeast,Cheese)
      (-0.5568) EQ4(Northeast,Cheese)
      (-0.1417) EQ4(Appalachian,Cheese)
      (-0.1149) EQ4(Florida,Cheese)
      (-0.1184) EQ4(Southeast,Cheese)
      (-0.0456) EQ4(Upper-Midwest,Cheese)
      (-0.0437) EQ4(Central,Cheese)
      (-0.1068) EQ4(Mideast,Cheese)
      (-0.0179) EQ4(California,Cheese)
      (-0.0236) EQ4(Pacific-Northwest,Cheese)
      (-0.0627) EQ4(Southwest,Cheese)
      (-0.0276) EQ4(Arizona,Cheese)
      (-0.0309) EQ4(Unregulated,Cheese)
      (-0.0767) EQ6(Cheese)
        1       EQ10EX(Northeast,Cheese)

REMAINING 49 ENTRIES SKIPPED

---- OBJ  constant objective variable for optimization algorithm

OBJ
                (.LO, .L, .UP, .M = -INF, 0, +INF, 0)
        1       EQ21

GAMS 54.2.1  d9889eb3 Jul 13, 2026          DAX-DAC arm 64bit/macOS - 08/12/26 09:47:57 Page 5
GAMS CODE FOR "THE GEOGRAPHIC FOOTPRINT OF U.S. DAIRY POLICY," QUANTITATIVE ECONOMICS
Model Statistics    SOLVE COMPDEMAND Using NLP From line 1790


MODEL STATISTICS

BLOCKS OF EQUATIONS           9     SINGLE EQUATIONS          821
BLOCKS OF VARIABLES           9     SINGLE VARIABLES          825
NON ZERO ELEMENTS         4,120     NON LINEAR N-Z          2,687
CODE LENGTH              12,388     CONSTANT POOL             744


GENERATION TIME      =        0.003 SECONDS      5 MB  54.2.1 d9889eb3 DAX-DAC
GAMS 54.2.1  d9889eb3 Jul 13, 2026          DAX-DAC arm 64bit/macOS - 08/12/26 09:47:57 Page 6
GAMS CODE FOR "THE GEOGRAPHIC FOOTPRINT OF U.S. DAIRY POLICY," QUANTITATIVE ECONOMICS
Solution Report     SOLVE COMPDEMAND Using NLP From line 1790


               S O L V E      S U M M A R Y

     MODEL   COMPDEMAND          OBJECTIVE  OBJ
     TYPE    NLP                 DIRECTION  MAXIMIZE
     SOLVER  CONOPT3             FROM LINE  1790

**** SOLVER STATUS     1 Normal Completion
**** MODEL STATUS      1 Optimal
**** OBJECTIVE VALUE                1.0000

 RESOURCE USAGE, LIMIT          0.005 10000000000.000
 ITERATION COUNT, LIMIT         4    2147483647
 EVALUATION ERRORS              0             0
 
 
    C O N O P T 3   version 3.17R
    Copyright (C)   GAMS Software GmbH
                    GAMS Development Corporation
 
 
                   Pre-triangular equations:   821
                   Post-triangular equations:  0
 
 
 ** Optimal solution. There are no superbasic variables.
 
 
 CONOPT time Total                            0.002 seconds
   of which: Function evaluations             0.000 =  0.0%
             1st Derivative evaluations       0.001 = 50.0%
 

---- EQU EQ1  domestic consumer demand in region DOMJ for dairy products from region I

                                                         LOWER          LEVEL          UPPER         MARGINAL

Northeast        .Northeast        .Beverage               .              .              .             EPS         
Northeast        .Northeast        .Softs                  .              .              .             EPS         
Northeast        .Northeast        .Cheese                 .              .              .             EPS         
Northeast        .Northeast        .Butter-Powder          .              .              .             EPS         
Northeast        .Appalachian      .Beverage               .              .              .             EPS         
Northeast        .Appalachian      .Softs                  .              .              .             EPS         
Northeast        .Appalachian      .Cheese                 .              .              .             EPS         
Northeast        .Appalachian      .Butter-Powder          .              .              .             EPS         
Northeast        .Florida          .Beverage               .              .              .             EPS         
Northeast        .Florida          .Softs                  .              .              .             EPS         
Northeast        .Florida          .Cheese                 .              .              .             EPS         
Northeast        .Florida          .Butter-Powder          .              .              .             EPS         
Northeast        .Southeast        .Beverage               .              .              .             EPS         
Northeast        .Southeast        .Softs                  .              .              .             EPS         
Northeast        .Southeast        .Cheese                 .              .              .             EPS         
Northeast        .Southeast        .Butter-Powder          .              .              .             EPS         
Northeast        .Upper-Midwest    .Beverage               .              .              .             EPS         
Northeast        .Upper-Midwest    .Softs                  .              .              .             EPS         
Northeast        .Upper-Midwest    .Cheese                 .              .              .             EPS         
Northeast        .Upper-Midwest    .Butter-Powder          .              .              .             EPS         
Northeast        .Central          .Beverage               .              .              .             EPS         
Northeast        .Central          .Softs                  .              .              .             EPS         
Northeast        .Central          .Cheese                 .              .              .             EPS         
Northeast        .Central          .Butter-Powder          .              .              .             EPS         
Northeast        .Mideast          .Beverage               .              .              .             EPS         
Northeast        .Mideast          .Softs                  .              .              .             EPS         
Northeast        .Mideast          .Cheese                 .              .              .             EPS         
Northeast        .Mideast          .Butter-Powder          .              .              .             EPS         
Northeast        .California       .Beverage               .              .              .             EPS         
Northeast        .California       .Softs                  .              .              .             EPS         
Northeast        .California       .Cheese                 .              .              .             EPS         
Northeast        .California       .Butter-Powder          .              .              .             EPS         
Northeast        .Pacific-Northwest.Beverage               .              .              .             EPS         
Northeast        .Pacific-Northwest.Softs                  .              .              .             EPS         
Northeast        .Pacific-Northwest.Cheese                 .              .              .             EPS         
Northeast        .Pacific-Northwest.Butter-Powder          .              .              .             EPS         
Northeast        .Southwest        .Beverage               .              .              .             EPS         
Northeast        .Southwest        .Softs                  .              .              .             EPS         
Northeast        .Southwest        .Cheese                 .              .              .             EPS         
Northeast        .Southwest        .Butter-Powder          .              .              .             EPS         
Northeast        .Arizona          .Beverage               .              .              .             EPS         
Northeast        .Arizona          .Softs                  .              .              .             EPS         
Northeast        .Arizona          .Cheese                 .              .              .             EPS         
Northeast        .Arizona          .Butter-Powder          .              .              .             EPS         
Northeast        .Unregulated      .Beverage               .              .              .             EPS         
Northeast        .Unregulated      .Softs                  .              .              .             EPS         
Northeast        .Unregulated      .Cheese                 .              .              .             EPS         
Northeast        .Unregulated      .Butter-Powder          .              .              .             EPS         
Appalachian      .Northeast        .Beverage               .              .              .             EPS         
Appalachian      .Northeast        .Softs                  .              .              .             EPS         
Appalachian      .Northeast        .Cheese                 .              .              .             EPS         
Appalachian      .Northeast        .Butter-Powder          .              .              .             EPS         
Appalachian      .Appalachian      .Beverage               .              .              .             EPS         
Appalachian      .Appalachian      .Softs                  .              .              .             EPS         
Appalachian      .Appalachian      .Cheese                 .              .              .             EPS         
Appalachian      .Appalachian      .Butter-Powder          .              .              .             EPS         
Appalachian      .Florida          .Beverage               .              .              .             EPS         
Appalachian      .Florida          .Softs                  .              .              .             EPS         
Appalachian      .Florida          .Cheese                 .              .              .             EPS         
Appalachian      .Florida          .Butter-Powder          .              .              .             EPS         
Appalachian      .Southeast        .Beverage               .              .              .             EPS         
Appalachian      .Southeast        .Softs                  .              .              .             EPS         
Appalachian      .Southeast        .Cheese                 .              .              .             EPS         
Appalachian      .Southeast        .Butter-Powder          .              .              .             EPS         
Appalachian      .Upper-Midwest    .Beverage               .              .              .             EPS         
Appalachian      .Upper-Midwest    .Softs                  .              .              .             EPS         
Appalachian      .Upper-Midwest    .Cheese                 .              .              .             EPS         
Appalachian      .Upper-Midwest    .Butter-Powder          .              .              .             EPS         
Appalachian      .Central          .Beverage               .              .              .             EPS         
Appalachian      .Central          .Softs                  .              .              .             EPS         
Appalachian      .Central          .Cheese                 .              .              .             EPS         
Appalachian      .Central          .Butter-Powder          .              .              .             EPS         
Appalachian      .Mideast          .Beverage               .              .              .             EPS         
Appalachian      .Mideast          .Softs                  .              .              .             EPS         
Appalachian      .Mideast          .Cheese                 .              .              .             EPS         
Appalachian      .Mideast          .Butter-Powder          .              .              .             EPS         
Appalachian      .California       .Beverage               .              .              .             EPS         
Appalachian      .California       .Softs                  .              .              .             EPS         
Appalachian      .California       .Cheese                 .              .              .             EPS         
Appalachian      .California       .Butter-Powder          .              .              .             EPS         
Appalachian      .Pacific-Northwest.Beverage               .              .              .             EPS         
Appalachian      .Pacific-Northwest.Softs                  .              .              .             EPS         
Appalachian      .Pacific-Northwest.Cheese                 .              .              .             EPS         
Appalachian      .Pacific-Northwest.Butter-Powder          .              .              .             EPS         
Appalachian      .Southwest        .Beverage               .              .              .             EPS         
Appalachian      .Southwest        .Softs                  .              .              .             EPS         
Appalachian      .Southwest        .Cheese                 .              .              .             EPS         
Appalachian      .Southwest        .Butter-Powder          .              .              .             EPS         
Appalachian      .Arizona          .Beverage               .              .              .             EPS         
Appalachian      .Arizona          .Softs                  .              .              .             EPS         
Appalachian      .Arizona          .Cheese                 .              .              .             EPS         
Appalachian      .Arizona          .Butter-Powder          .              .              .             EPS         
Appalachian      .Unregulated      .Beverage               .              .              .             EPS         
Appalachian      .Unregulated      .Softs                  .              .              .             EPS         
Appalachian      .Unregulated      .Cheese                 .              .              .             EPS         
Appalachian      .Unregulated      .Butter-Powder          .              .              .             EPS         
Florida          .Northeast        .Beverage               .              .              .             EPS         
Florida          .Northeast        .Softs                  .              .              .             EPS         
Florida          .Northeast        .Cheese                 .              .              .             EPS         
Florida          .Northeast        .Butter-Powder          .              .              .             EPS         
Florida          .Appalachian      .Beverage               .              .              .             EPS         
Florida          .Appalachian      .Softs                  .              .              .             EPS         
Florida          .Appalachian      .Cheese                 .              .              .             EPS         
Florida          .Appalachian      .Butter-Powder          .              .              .             EPS         
Florida          .Florida          .Beverage               .              .              .             EPS         
Florida          .Florida          .Softs                  .              .              .             EPS         
Florida          .Florida          .Cheese                 .              .              .             EPS         
Florida          .Florida          .Butter-Powder          .              .              .             EPS         
Florida          .Southeast        .Beverage               .              .              .             EPS         
Florida          .Southeast        .Softs                  .              .              .             EPS         
Florida          .Southeast        .Cheese                 .              .              .             EPS         
Florida          .Southeast        .Butter-Powder          .              .              .             EPS         
Florida          .Upper-Midwest    .Beverage               .              .              .             EPS         
Florida          .Upper-Midwest    .Softs                  .              .              .             EPS         
Florida          .Upper-Midwest    .Cheese                 .              .              .             EPS         
Florida          .Upper-Midwest    .Butter-Powder          .              .              .             EPS         
Florida          .Central          .Beverage               .              .              .             EPS         
Florida          .Central          .Softs                  .              .              .             EPS         
Florida          .Central          .Cheese                 .              .              .             EPS         
Florida          .Central          .Butter-Powder          .              .              .             EPS         
Florida          .Mideast          .Beverage               .              .              .             EPS         
Florida          .Mideast          .Softs                  .              .              .             EPS         
Florida          .Mideast          .Cheese                 .              .              .             EPS         
Florida          .Mideast          .Butter-Powder          .              .              .             EPS         
Florida          .California       .Beverage               .              .              .             EPS         
Florida          .California       .Softs                  .              .              .             EPS         
Florida          .California       .Cheese                 .              .              .             EPS         
Florida          .California       .Butter-Powder          .              .              .             EPS         
Florida          .Pacific-Northwest.Beverage               .              .              .             EPS         
Florida          .Pacific-Northwest.Softs                  .              .              .             EPS         
Florida          .Pacific-Northwest.Cheese                 .              .              .             EPS         
Florida          .Pacific-Northwest.Butter-Powder          .              .              .             EPS         
Florida          .Southwest        .Beverage               .              .              .             EPS         
Florida          .Southwest        .Softs                  .              .              .             EPS         
Florida          .Southwest        .Cheese                 .              .              .             EPS         
Florida          .Southwest        .Butter-Powder          .              .              .             EPS         
Florida          .Arizona          .Beverage               .              .              .             EPS         
Florida          .Arizona          .Softs                  .              .              .             EPS         
Florida          .Arizona          .Cheese                 .              .              .             EPS         
Florida          .Arizona          .Butter-Powder          .              .              .             EPS         
Florida          .Unregulated      .Beverage               .              .              .             EPS         
Florida          .Unregulated      .Softs                  .              .              .             EPS         
Florida          .Unregulated      .Cheese                 .              .              .             EPS         
Florida          .Unregulated      .Butter-Powder          .              .              .             EPS         
Southeast        .Northeast        .Beverage               .              .              .             EPS         
Southeast        .Northeast        .Softs                  .              .              .             EPS         
Southeast        .Northeast        .Cheese                 .              .              .             EPS         
Southeast        .Northeast        .Butter-Powder          .              .              .             EPS         
Southeast        .Appalachian      .Beverage               .              .              .             EPS         
Southeast        .Appalachian      .Softs                  .              .              .             EPS         
Southeast        .Appalachian      .Cheese                 .              .              .             EPS         
Southeast        .Appalachian      .Butter-Powder          .              .              .             EPS         
Southeast        .Florida          .Beverage               .              .              .             EPS         
Southeast        .Florida          .Softs                  .              .              .             EPS         
Southeast        .Florida          .Cheese                 .              .              .             EPS         
Southeast        .Florida          .Butter-Powder          .              .              .             EPS         
Southeast        .Southeast        .Beverage               .              .              .             EPS         
Southeast        .Southeast        .Softs                  .              .              .             EPS         
Southeast        .Southeast        .Cheese                 .              .              .             EPS         
Southeast        .Southeast        .Butter-Powder          .              .              .             EPS         
Southeast        .Upper-Midwest    .Beverage               .              .              .             EPS         
Southeast        .Upper-Midwest    .Softs                  .              .              .             EPS         
Southeast        .Upper-Midwest    .Cheese                 .              .              .             EPS         
Southeast        .Upper-Midwest    .Butter-Powder          .              .              .             EPS         
Southeast        .Central          .Beverage               .              .              .             EPS         
Southeast        .Central          .Softs                  .              .              .             EPS         
Southeast        .Central          .Cheese                 .              .              .             EPS         
Southeast        .Central          .Butter-Powder          .              .              .             EPS         
Southeast        .Mideast          .Beverage               .              .              .             EPS         
Southeast        .Mideast          .Softs                  .              .              .             EPS         
Southeast        .Mideast          .Cheese                 .              .              .             EPS         
Southeast        .Mideast          .Butter-Powder          .              .              .             EPS         
Southeast        .California       .Beverage               .              .              .             EPS         
Southeast        .California       .Softs                  .              .              .             EPS         
Southeast        .California       .Cheese                 .              .              .             EPS         
Southeast        .California       .Butter-Powder          .              .              .             EPS         
Southeast        .Pacific-Northwest.Beverage               .              .              .             EPS         
Southeast        .Pacific-Northwest.Softs                  .              .              .             EPS         
Southeast        .Pacific-Northwest.Cheese                 .              .              .             EPS         
Southeast        .Pacific-Northwest.Butter-Powder          .              .              .             EPS         
Southeast        .Southwest        .Beverage               .              .              .             EPS         
Southeast        .Southwest        .Softs                  .              .              .             EPS         
Southeast        .Southwest        .Cheese                 .              .              .             EPS         
Southeast        .Southwest        .Butter-Powder          .              .              .             EPS         
Southeast        .Arizona          .Beverage               .              .              .             EPS         
Southeast        .Arizona          .Softs                  .              .              .             EPS         
Southeast        .Arizona          .Cheese                 .              .              .             EPS         
Southeast        .Arizona          .Butter-Powder          .              .              .             EPS         
Southeast        .Unregulated      .Beverage               .              .              .             EPS         
Southeast        .Unregulated      .Softs                  .              .              .             EPS         
Southeast        .Unregulated      .Cheese                 .              .              .             EPS         
Southeast        .Unregulated      .Butter-Powder          .              .              .             EPS         
Upper-Midwest    .Northeast        .Beverage               .              .              .             EPS         
Upper-Midwest    .Northeast        .Softs                  .              .              .             EPS         
Upper-Midwest    .Northeast        .Cheese                 .              .              .             EPS         
Upper-Midwest    .Northeast        .Butter-Powder          .              .              .             EPS         
Upper-Midwest    .Appalachian      .Beverage               .              .              .             EPS         
Upper-Midwest    .Appalachian      .Softs                  .              .              .             EPS         
Upper-Midwest    .Appalachian      .Cheese                 .              .              .             EPS         
Upper-Midwest    .Appalachian      .Butter-Powder          .              .              .             EPS         
Upper-Midwest    .Florida          .Beverage               .              .              .             EPS         
Upper-Midwest    .Florida          .Softs                  .              .              .             EPS         
Upper-Midwest    .Florida          .Cheese                 .              .              .             EPS         
Upper-Midwest    .Florida          .Butter-Powder          .              .              .             EPS         
Upper-Midwest    .Southeast        .Beverage               .              .              .             EPS         
Upper-Midwest    .Southeast        .Softs                  .              .              .             EPS         
Upper-Midwest    .Southeast        .Cheese                 .              .              .             EPS         
Upper-Midwest    .Southeast        .Butter-Powder          .              .              .             EPS         
Upper-Midwest    .Upper-Midwest    .Beverage               .              .              .             EPS         
Upper-Midwest    .Upper-Midwest    .Softs                  .              .              .             EPS         
Upper-Midwest    .Upper-Midwest    .Cheese                 .              .              .             EPS         
Upper-Midwest    .Upper-Midwest    .Butter-Powder          .              .              .             EPS         
Upper-Midwest    .Central          .Beverage               .              .              .             EPS         
Upper-Midwest    .Central          .Softs                  .              .              .             EPS         
Upper-Midwest    .Central          .Cheese                 .              .              .             EPS         
Upper-Midwest    .Central          .Butter-Powder          .              .              .             EPS         
Upper-Midwest    .Mideast          .Beverage               .              .              .             EPS         
Upper-Midwest    .Mideast          .Softs                  .              .              .             EPS         
Upper-Midwest    .Mideast          .Cheese                 .              .              .             EPS         
Upper-Midwest    .Mideast          .Butter-Powder          .              .              .             EPS         
Upper-Midwest    .California       .Beverage               .              .              .             EPS         
Upper-Midwest    .California       .Softs                  .              .              .             EPS         
Upper-Midwest    .California       .Cheese                 .              .              .             EPS         
Upper-Midwest    .California       .Butter-Powder          .              .              .             EPS         
Upper-Midwest    .Pacific-Northwest.Beverage               .              .              .             EPS         
Upper-Midwest    .Pacific-Northwest.Softs                  .              .              .             EPS         
Upper-Midwest    .Pacific-Northwest.Cheese                 .              .              .             EPS         
Upper-Midwest    .Pacific-Northwest.Butter-Powder          .              .              .             EPS         
Upper-Midwest    .Southwest        .Beverage               .              .              .             EPS         
Upper-Midwest    .Southwest        .Softs                  .              .              .             EPS         
Upper-Midwest    .Southwest        .Cheese                 .              .              .             EPS         
Upper-Midwest    .Southwest        .Butter-Powder          .              .              .             EPS         
Upper-Midwest    .Arizona          .Beverage               .              .              .             EPS         
Upper-Midwest    .Arizona          .Softs                  .              .              .             EPS         
Upper-Midwest    .Arizona          .Cheese                 .              .              .             EPS         
Upper-Midwest    .Arizona          .Butter-Powder          .              .              .             EPS         
Upper-Midwest    .Unregulated      .Beverage               .              .              .             EPS         
Upper-Midwest    .Unregulated      .Softs                  .              .              .             EPS         
Upper-Midwest    .Unregulated      .Cheese                 .              .              .             EPS         
Upper-Midwest    .Unregulated      .Butter-Powder          .              .              .             EPS         
Central          .Northeast        .Beverage               .              .              .             EPS         
Central          .Northeast        .Softs                  .              .              .             EPS         
Central          .Northeast        .Cheese                 .              .              .             EPS         
Central          .Northeast        .Butter-Powder          .              .              .             EPS         
Central          .Appalachian      .Beverage               .              .              .             EPS         
Central          .Appalachian      .Softs                  .              .              .             EPS         
Central          .Appalachian      .Cheese                 .              .              .             EPS         
Central          .Appalachian      .Butter-Powder          .              .              .             EPS         
Central          .Florida          .Beverage               .              .              .             EPS         
Central          .Florida          .Softs                  .              .              .             EPS         
Central          .Florida          .Cheese                 .              .              .             EPS         
Central          .Florida          .Butter-Powder          .              .              .             EPS         
Central          .Southeast        .Beverage               .              .              .             EPS         
Central          .Southeast        .Softs                  .              .              .             EPS         
Central          .Southeast        .Cheese                 .              .              .             EPS         
Central          .Southeast        .Butter-Powder          .              .              .             EPS         
Central          .Upper-Midwest    .Beverage               .              .              .             EPS         
Central          .Upper-Midwest    .Softs                  .              .              .             EPS         
Central          .Upper-Midwest    .Cheese                 .              .              .             EPS         
Central          .Upper-Midwest    .Butter-Powder          .              .              .             EPS         
Central          .Central          .Beverage               .              .              .             EPS         
Central          .Central          .Softs                  .              .              .             EPS         
Central          .Central          .Cheese                 .              .              .             EPS         
Central          .Central          .Butter-Powder          .              .              .             EPS         
Central          .Mideast          .Beverage               .              .              .             EPS         
Central          .Mideast          .Softs                  .              .              .             EPS         
Central          .Mideast          .Cheese                 .              .              .             EPS         
Central          .Mideast          .Butter-Powder          .              .              .             EPS         
Central          .California       .Beverage               .              .              .             EPS         
Central          .California       .Softs                  .              .              .             EPS         
Central          .California       .Cheese                 .              .              .             EPS         
Central          .California       .Butter-Powder          .              .              .             EPS         
Central          .Pacific-Northwest.Beverage               .              .              .             EPS         
Central          .Pacific-Northwest.Softs                  .              .              .             EPS         
Central          .Pacific-Northwest.Cheese                 .              .              .             EPS         
Central          .Pacific-Northwest.Butter-Powder          .              .              .             EPS         
Central          .Southwest        .Beverage               .              .              .             EPS         
Central          .Southwest        .Softs                  .              .              .             EPS         
Central          .Southwest        .Cheese                 .              .              .             EPS         
Central          .Southwest        .Butter-Powder          .              .              .             EPS         
Central          .Arizona          .Beverage               .              .              .             EPS         
Central          .Arizona          .Softs                  .              .              .             EPS         
Central          .Arizona          .Cheese                 .              .              .             EPS         
Central          .Arizona          .Butter-Powder          .              .              .             EPS         
Central          .Unregulated      .Beverage               .              .              .             EPS         
Central          .Unregulated      .Softs                  .              .              .             EPS         
Central          .Unregulated      .Cheese                 .              .              .             EPS         
Central          .Unregulated      .Butter-Powder          .              .              .             EPS         
Mideast          .Northeast        .Beverage               .              .              .             EPS         
Mideast          .Northeast        .Softs                  .              .              .             EPS         
Mideast          .Northeast        .Cheese                 .              .              .             EPS         
Mideast          .Northeast        .Butter-Powder          .              .              .             EPS         
Mideast          .Appalachian      .Beverage               .              .              .             EPS         
Mideast          .Appalachian      .Softs                  .              .              .             EPS         
Mideast          .Appalachian      .Cheese                 .              .              .             EPS         
Mideast          .Appalachian      .Butter-Powder          .              .              .             EPS         
Mideast          .Florida          .Beverage               .              .              .             EPS         
Mideast          .Florida          .Softs                  .              .              .             EPS         
Mideast          .Florida          .Cheese                 .              .              .             EPS         
Mideast          .Florida          .Butter-Powder          .              .              .             EPS         
Mideast          .Southeast        .Beverage               .              .              .             EPS         
Mideast          .Southeast        .Softs                  .              .              .             EPS         
Mideast          .Southeast        .Cheese                 .              .              .             EPS         
Mideast          .Southeast        .Butter-Powder          .              .              .             EPS         
Mideast          .Upper-Midwest    .Beverage               .              .              .             EPS         
Mideast          .Upper-Midwest    .Softs                  .              .              .             EPS         
Mideast          .Upper-Midwest    .Cheese                 .              .              .             EPS         
Mideast          .Upper-Midwest    .Butter-Powder          .              .              .             EPS         
Mideast          .Central          .Beverage               .              .              .             EPS         
Mideast          .Central          .Softs                  .              .              .             EPS         
Mideast          .Central          .Cheese                 .              .              .             EPS         
Mideast          .Central          .Butter-Powder          .              .              .             EPS         
Mideast          .Mideast          .Beverage               .              .              .             EPS         
Mideast          .Mideast          .Softs                  .              .              .             EPS         
Mideast          .Mideast          .Cheese                 .              .              .             EPS         
Mideast          .Mideast          .Butter-Powder          .              .              .             EPS         
Mideast          .California       .Beverage               .              .              .             EPS         
Mideast          .California       .Softs                  .              .              .             EPS         
Mideast          .California       .Cheese                 .              .              .             EPS         
Mideast          .California       .Butter-Powder          .              .              .             EPS         
Mideast          .Pacific-Northwest.Beverage               .              .              .             EPS         
Mideast          .Pacific-Northwest.Softs                  .              .              .             EPS         
Mideast          .Pacific-Northwest.Cheese                 .              .              .             EPS         
Mideast          .Pacific-Northwest.Butter-Powder          .              .              .             EPS         
Mideast          .Southwest        .Beverage               .              .              .             EPS         
Mideast          .Southwest        .Softs                  .              .              .             EPS         
Mideast          .Southwest        .Cheese                 .              .              .             EPS         
Mideast          .Southwest        .Butter-Powder          .              .              .             EPS         
Mideast          .Arizona          .Beverage               .              .              .             EPS         
Mideast          .Arizona          .Softs                  .              .              .             EPS         
Mideast          .Arizona          .Cheese                 .              .              .             EPS         
Mideast          .Arizona          .Butter-Powder          .              .              .             EPS         
Mideast          .Unregulated      .Beverage               .              .              .             EPS         
Mideast          .Unregulated      .Softs                  .              .              .             EPS         
Mideast          .Unregulated      .Cheese                 .              .              .             EPS         
Mideast          .Unregulated      .Butter-Powder          .              .              .             EPS         
California       .Northeast        .Beverage               .              .              .             EPS         
California       .Northeast        .Softs                  .              .              .             EPS         
California       .Northeast        .Cheese                 .              .              .             EPS         
California       .Northeast        .Butter-Powder          .              .              .             EPS         
California       .Appalachian      .Beverage               .              .              .             EPS         
California       .Appalachian      .Softs                  .              .              .             EPS         
California       .Appalachian      .Cheese                 .              .              .             EPS         
California       .Appalachian      .Butter-Powder          .              .              .             EPS         
California       .Florida          .Beverage               .              .              .             EPS         
California       .Florida          .Softs                  .              .              .             EPS         
California       .Florida          .Cheese                 .              .              .             EPS         
California       .Florida          .Butter-Powder          .              .              .             EPS         
California       .Southeast        .Beverage               .              .              .             EPS         
California       .Southeast        .Softs                  .              .              .             EPS         
California       .Southeast        .Cheese                 .              .              .             EPS         
California       .Southeast        .Butter-Powder          .              .              .             EPS         
California       .Upper-Midwest    .Beverage               .              .              .             EPS         
California       .Upper-Midwest    .Softs                  .              .              .             EPS         
California       .Upper-Midwest    .Cheese                 .              .              .             EPS         
California       .Upper-Midwest    .Butter-Powder          .              .              .             EPS         
California       .Central          .Beverage               .              .              .             EPS         
California       .Central          .Softs                  .              .              .             EPS         
California       .Central          .Cheese                 .              .              .             EPS         
California       .Central          .Butter-Powder          .              .              .             EPS         
California       .Mideast          .Beverage               .              .              .             EPS         
California       .Mideast          .Softs                  .              .              .             EPS         
California       .Mideast          .Cheese                 .              .              .             EPS         
California       .Mideast          .Butter-Powder          .              .              .             EPS         
California       .California       .Beverage               .              .              .             EPS         
California       .California       .Softs                  .              .              .             EPS         
California       .California       .Cheese                 .              .              .             EPS         
California       .California       .Butter-Powder          .              .              .             EPS         
California       .Pacific-Northwest.Beverage               .              .              .             EPS         
California       .Pacific-Northwest.Softs                  .              .              .             EPS         
California       .Pacific-Northwest.Cheese                 .              .              .             EPS         
California       .Pacific-Northwest.Butter-Powder          .              .              .             EPS         
California       .Southwest        .Beverage               .              .              .             EPS         
California       .Southwest        .Softs                  .              .              .             EPS         
California       .Southwest        .Cheese                 .              .              .             EPS         
California       .Southwest        .Butter-Powder          .              .              .             EPS         
California       .Arizona          .Beverage               .              .              .             EPS         
California       .Arizona          .Softs                  .              .              .             EPS         
California       .Arizona          .Cheese                 .              .              .             EPS         
California       .Arizona          .Butter-Powder          .              .              .             EPS         
California       .Unregulated      .Beverage               .              .              .             EPS         
California       .Unregulated      .Softs                  .              .              .             EPS         
California       .Unregulated      .Cheese                 .              .              .             EPS         
California       .Unregulated      .Butter-Powder          .              .              .             EPS         
Pacific-Northwest.Northeast        .Beverage               .              .              .             EPS         
Pacific-Northwest.Northeast        .Softs                  .              .              .             EPS         
Pacific-Northwest.Northeast        .Cheese                 .              .              .             EPS         
Pacific-Northwest.Northeast        .Butter-Powder          .              .              .             EPS         
Pacific-Northwest.Appalachian      .Beverage               .              .              .             EPS         
Pacific-Northwest.Appalachian      .Softs                  .              .              .             EPS         
Pacific-Northwest.Appalachian      .Cheese                 .              .              .             EPS         
Pacific-Northwest.Appalachian      .Butter-Powder          .              .              .             EPS         
Pacific-Northwest.Florida          .Beverage               .              .              .             EPS         
Pacific-Northwest.Florida          .Softs                  .              .              .             EPS         
Pacific-Northwest.Florida          .Cheese                 .              .              .             EPS         
Pacific-Northwest.Florida          .Butter-Powder          .              .              .             EPS         
Pacific-Northwest.Southeast        .Beverage               .              .              .             EPS         
Pacific-Northwest.Southeast        .Softs                  .              .              .             EPS         
Pacific-Northwest.Southeast        .Cheese                 .              .              .             EPS         
Pacific-Northwest.Southeast        .Butter-Powder          .              .              .             EPS         
Pacific-Northwest.Upper-Midwest    .Beverage               .              .              .             EPS         
Pacific-Northwest.Upper-Midwest    .Softs                  .              .              .             EPS         
Pacific-Northwest.Upper-Midwest    .Cheese                 .              .              .             EPS         
Pacific-Northwest.Upper-Midwest    .Butter-Powder          .              .              .             EPS         
Pacific-Northwest.Central          .Beverage               .              .              .             EPS         
Pacific-Northwest.Central          .Softs                  .              .              .             EPS         
Pacific-Northwest.Central          .Cheese                 .              .              .             EPS         
Pacific-Northwest.Central          .Butter-Powder          .              .              .             EPS         
Pacific-Northwest.Mideast          .Beverage               .              .              .             EPS         
Pacific-Northwest.Mideast          .Softs                  .              .              .             EPS         
Pacific-Northwest.Mideast          .Cheese                 .              .              .             EPS         
Pacific-Northwest.Mideast          .Butter-Powder          .              .              .             EPS         
Pacific-Northwest.California       .Beverage               .              .              .             EPS         
Pacific-Northwest.California       .Softs                  .              .              .             EPS         
Pacific-Northwest.California       .Cheese                 .              .              .             EPS         
Pacific-Northwest.California       .Butter-Powder          .              .              .             EPS         
Pacific-Northwest.Pacific-Northwest.Beverage               .              .              .             EPS         
Pacific-Northwest.Pacific-Northwest.Softs                  .              .              .             EPS         
Pacific-Northwest.Pacific-Northwest.Cheese                 .              .              .             EPS         
Pacific-Northwest.Pacific-Northwest.Butter-Powder          .              .              .             EPS         
Pacific-Northwest.Southwest        .Beverage               .              .              .             EPS         
Pacific-Northwest.Southwest        .Softs                  .              .              .             EPS         
Pacific-Northwest.Southwest        .Cheese                 .              .              .             EPS         
Pacific-Northwest.Southwest        .Butter-Powder          .              .              .             EPS         
Pacific-Northwest.Arizona          .Beverage               .              .              .             EPS         
Pacific-Northwest.Arizona          .Softs                  .              .              .             EPS         
Pacific-Northwest.Arizona          .Cheese                 .              .              .             EPS         
Pacific-Northwest.Arizona          .Butter-Powder          .              .              .             EPS         
Pacific-Northwest.Unregulated      .Beverage               .              .              .             EPS         
Pacific-Northwest.Unregulated      .Softs                  .              .              .             EPS         
Pacific-Northwest.Unregulated      .Cheese                 .              .              .             EPS         
Pacific-Northwest.Unregulated      .Butter-Powder          .              .              .             EPS         
Southwest        .Northeast        .Beverage               .              .              .             EPS         
Southwest        .Northeast        .Softs                  .              .              .             EPS         
Southwest        .Northeast        .Cheese                 .              .              .             EPS         
Southwest        .Northeast        .Butter-Powder          .              .              .             EPS         
Southwest        .Appalachian      .Beverage               .              .              .             EPS         
Southwest        .Appalachian      .Softs                  .              .              .             EPS         
Southwest        .Appalachian      .Cheese                 .              .              .             EPS         
Southwest        .Appalachian      .Butter-Powder          .              .              .             EPS         
Southwest        .Florida          .Beverage               .              .              .             EPS         
Southwest        .Florida          .Softs                  .              .              .             EPS         
Southwest        .Florida          .Cheese                 .              .              .             EPS         
Southwest        .Florida          .Butter-Powder          .              .              .             EPS         
Southwest        .Southeast        .Beverage               .              .              .             EPS         
Southwest        .Southeast        .Softs                  .              .              .             EPS         
Southwest        .Southeast        .Cheese                 .              .              .             EPS         
Southwest        .Southeast        .Butter-Powder          .              .              .             EPS         
Southwest        .Upper-Midwest    .Beverage               .              .              .             EPS         
Southwest        .Upper-Midwest    .Softs                  .              .              .             EPS         
Southwest        .Upper-Midwest    .Cheese                 .              .              .             EPS         
Southwest        .Upper-Midwest    .Butter-Powder          .              .              .             EPS         
Southwest        .Central          .Beverage               .              .              .             EPS         
Southwest        .Central          .Softs                  .              .              .             EPS         
Southwest        .Central          .Cheese                 .              .              .             EPS         
Southwest        .Central          .Butter-Powder          .              .              .             EPS         
Southwest        .Mideast          .Beverage               .              .              .             EPS         
Southwest        .Mideast          .Softs                  .              .              .             EPS         
Southwest        .Mideast          .Cheese                 .              .              .             EPS         
Southwest        .Mideast          .Butter-Powder          .              .              .             EPS         
Southwest        .California       .Beverage               .              .              .             EPS         
Southwest        .California       .Softs                  .              .              .             EPS         
Southwest        .California       .Cheese                 .              .              .             EPS         
Southwest        .California       .Butter-Powder          .              .              .             EPS         
Southwest        .Pacific-Northwest.Beverage               .              .              .             EPS         
Southwest        .Pacific-Northwest.Softs                  .              .              .             EPS         
Southwest        .Pacific-Northwest.Cheese                 .              .              .             EPS         
Southwest        .Pacific-Northwest.Butter-Powder          .              .              .             EPS         
Southwest        .Southwest        .Beverage               .              .              .             EPS         
Southwest        .Southwest        .Softs                  .              .              .             EPS         
Southwest        .Southwest        .Cheese                 .              .              .             EPS         
Southwest        .Southwest        .Butter-Powder          .              .              .             EPS         
Southwest        .Arizona          .Beverage               .              .              .             EPS         
Southwest        .Arizona          .Softs                  .              .              .             EPS         
Southwest        .Arizona          .Cheese                 .              .              .             EPS         
Southwest        .Arizona          .Butter-Powder          .              .              .             EPS         
Southwest        .Unregulated      .Beverage               .              .              .             EPS         
Southwest        .Unregulated      .Softs                  .              .              .             EPS         
Southwest        .Unregulated      .Cheese                 .              .              .             EPS         
Southwest        .Unregulated      .Butter-Powder          .              .              .             EPS         
Arizona          .Northeast        .Beverage               .              .              .             EPS         
Arizona          .Northeast        .Softs                  .              .              .             EPS         
Arizona          .Northeast        .Cheese                 .              .              .             EPS         
Arizona          .Northeast        .Butter-Powder          .              .              .             EPS         
Arizona          .Appalachian      .Beverage               .              .              .             EPS         
Arizona          .Appalachian      .Softs                  .              .              .             EPS         
Arizona          .Appalachian      .Cheese                 .              .              .             EPS         
Arizona          .Appalachian      .Butter-Powder          .              .              .             EPS         
Arizona          .Florida          .Beverage               .              .              .             EPS         
Arizona          .Florida          .Softs                  .              .              .             EPS         
Arizona          .Florida          .Cheese                 .              .              .             EPS         
Arizona          .Florida          .Butter-Powder          .              .              .             EPS         
Arizona          .Southeast        .Beverage               .              .              .             EPS         
Arizona          .Southeast        .Softs                  .              .              .             EPS         
Arizona          .Southeast        .Cheese                 .              .              .             EPS         
Arizona          .Southeast        .Butter-Powder          .              .              .             EPS         
Arizona          .Upper-Midwest    .Beverage               .              .              .             EPS         
Arizona          .Upper-Midwest    .Softs                  .              .              .             EPS         
Arizona          .Upper-Midwest    .Cheese                 .              .              .             EPS         
Arizona          .Upper-Midwest    .Butter-Powder          .              .              .             EPS         
Arizona          .Central          .Beverage               .              .              .             EPS         
Arizona          .Central          .Softs                  .              .              .             EPS         
Arizona          .Central          .Cheese                 .              .              .             EPS         
Arizona          .Central          .Butter-Powder          .              .              .             EPS         
Arizona          .Mideast          .Beverage               .              .              .             EPS         
Arizona          .Mideast          .Softs                  .              .              .             EPS         
Arizona          .Mideast          .Cheese                 .              .              .             EPS         
Arizona          .Mideast          .Butter-Powder          .              .              .             EPS         
Arizona          .California       .Beverage               .              .              .             EPS         
Arizona          .California       .Softs                  .              .              .             EPS         
Arizona          .California       .Cheese                 .              .              .             EPS         
Arizona          .California       .Butter-Powder          .              .              .             EPS         
Arizona          .Pacific-Northwest.Beverage               .              .              .             EPS         
Arizona          .Pacific-Northwest.Softs                  .              .              .             EPS         
Arizona          .Pacific-Northwest.Cheese                 .              .              .             EPS         
Arizona          .Pacific-Northwest.Butter-Powder          .              .              .             EPS         
Arizona          .Southwest        .Beverage               .              .              .             EPS         
Arizona          .Southwest        .Softs                  .              .              .             EPS         
Arizona          .Southwest        .Cheese                 .              .              .             EPS         
Arizona          .Southwest        .Butter-Powder          .              .              .             EPS         
Arizona          .Arizona          .Beverage               .              .              .             EPS         
Arizona          .Arizona          .Softs                  .              .              .             EPS         
Arizona          .Arizona          .Cheese                 .              .              .             EPS         
Arizona          .Arizona          .Butter-Powder          .              .              .             EPS         
Arizona          .Unregulated      .Beverage               .              .              .             EPS         
Arizona          .Unregulated      .Softs                  .              .              .             EPS         
Arizona          .Unregulated      .Cheese                 .              .              .             EPS         
Arizona          .Unregulated      .Butter-Powder          .              .              .             EPS         
Unregulated      .Northeast        .Beverage               .              .              .             EPS         
Unregulated      .Northeast        .Softs                  .              .              .             EPS         
Unregulated      .Northeast        .Cheese                 .              .              .             EPS         
Unregulated      .Northeast        .Butter-Powder          .              .              .             EPS         
Unregulated      .Appalachian      .Beverage               .              .              .             EPS         
Unregulated      .Appalachian      .Softs                  .              .              .             EPS         
Unregulated      .Appalachian      .Cheese                 .              .              .             EPS         
Unregulated      .Appalachian      .Butter-Powder          .              .              .             EPS         
Unregulated      .Florida          .Beverage               .              .              .             EPS         
Unregulated      .Florida          .Softs                  .              .              .             EPS         
Unregulated      .Florida          .Cheese                 .              .              .             EPS         
Unregulated      .Florida          .Butter-Powder          .              .              .             EPS         
Unregulated      .Southeast        .Beverage               .              .              .             EPS         
Unregulated      .Southeast        .Softs                  .              .              .             EPS         
Unregulated      .Southeast        .Cheese                 .              .              .             EPS         
Unregulated      .Southeast        .Butter-Powder          .              .              .             EPS         
Unregulated      .Upper-Midwest    .Beverage               .              .              .             EPS         
Unregulated      .Upper-Midwest    .Softs                  .              .              .             EPS         
Unregulated      .Upper-Midwest    .Cheese                 .              .              .             EPS         
Unregulated      .Upper-Midwest    .Butter-Powder          .              .              .             EPS         
Unregulated      .Central          .Beverage               .              .              .             EPS         
Unregulated      .Central          .Softs                  .              .              .             EPS         
Unregulated      .Central          .Cheese                 .              .              .             EPS         
Unregulated      .Central          .Butter-Powder          .              .              .             EPS         
Unregulated      .Mideast          .Beverage               .              .              .             EPS         
Unregulated      .Mideast          .Softs                  .              .              .             EPS         
Unregulated      .Mideast          .Cheese                 .              .              .             EPS         
Unregulated      .Mideast          .Butter-Powder          .              .              .             EPS         
Unregulated      .California       .Beverage               .              .              .             EPS         
Unregulated      .California       .Softs                  .              .              .             EPS         
Unregulated      .California       .Cheese                 .              .              .             EPS         
Unregulated      .California       .Butter-Powder          .              .              .             EPS         
Unregulated      .Pacific-Northwest.Beverage               .              .              .             EPS         
Unregulated      .Pacific-Northwest.Softs                  .              .              .             EPS         
Unregulated      .Pacific-Northwest.Cheese                 .              .              .             EPS         
Unregulated      .Pacific-Northwest.Butter-Powder          .              .              .             EPS         
Unregulated      .Southwest        .Beverage               .              .              .             EPS         
Unregulated      .Southwest        .Softs                  .              .              .             EPS         
Unregulated      .Southwest        .Cheese                 .              .              .             EPS         
Unregulated      .Southwest        .Butter-Powder          .              .              .             EPS         
Unregulated      .Arizona          .Beverage               .              .              .             EPS         
Unregulated      .Arizona          .Softs                  .              .              .             EPS         
Unregulated      .Arizona          .Cheese                 .              .              .             EPS         
Unregulated      .Arizona          .Butter-Powder          .              .              .             EPS         
Unregulated      .Unregulated      .Beverage               .              .              .             EPS         
Unregulated      .Unregulated      .Softs                  .              .              .             EPS         
Unregulated      .Unregulated      .Cheese                 .              .              .             EPS         
Unregulated      .Unregulated      .Butter-Powder          .              .              .             EPS         
ROW              .Northeast        .Beverage               .              .              .             EPS         
ROW              .Northeast        .Softs                  .              .              .             EPS         
ROW              .Northeast        .Cheese                 .              .              .             EPS         
ROW              .Northeast        .Butter-Powder          .              .              .             EPS         
ROW              .Appalachian      .Beverage               .              .              .             EPS         
ROW              .Appalachian      .Softs                  .              .              .             EPS         
ROW              .Appalachian      .Cheese                 .              .              .             EPS         
ROW              .Appalachian      .Butter-Powder          .              .              .             EPS         
ROW              .Florida          .Beverage               .              .              .             EPS         
ROW              .Florida          .Softs                  .              .              .             EPS         
ROW              .Florida          .Cheese                 .              .              .             EPS         
ROW              .Florida          .Butter-Powder          .              .              .             EPS         
ROW              .Southeast        .Beverage               .              .              .             EPS         
ROW              .Southeast        .Softs                  .              .              .             EPS         
ROW              .Southeast        .Cheese                 .              .              .             EPS         
ROW              .Southeast        .Butter-Powder          .              .              .             EPS         
ROW              .Upper-Midwest    .Beverage               .              .              .             EPS         
ROW              .Upper-Midwest    .Softs                  .              .              .             EPS         
ROW              .Upper-Midwest    .Cheese                 .              .              .             EPS         
ROW              .Upper-Midwest    .Butter-Powder          .              .              .             EPS         
ROW              .Central          .Beverage               .              .              .             EPS         
ROW              .Central          .Softs                  .              .              .             EPS         
ROW              .Central          .Cheese                 .              .              .             EPS         
ROW              .Central          .Butter-Powder          .              .              .             EPS         
ROW              .Mideast          .Beverage               .              .              .             EPS         
ROW              .Mideast          .Softs                  .              .              .             EPS         
ROW              .Mideast          .Cheese                 .              .              .             EPS         
ROW              .Mideast          .Butter-Powder          .              .              .             EPS         
ROW              .California       .Beverage               .              .              .             EPS         
ROW              .California       .Softs                  .              .              .             EPS         
ROW              .California       .Cheese                 .              .              .             EPS         
ROW              .California       .Butter-Powder          .              .              .             EPS         
ROW              .Pacific-Northwest.Beverage               .              .              .             EPS         
ROW              .Pacific-Northwest.Softs                  .              .              .             EPS         
ROW              .Pacific-Northwest.Cheese                 .              .              .             EPS         
ROW              .Pacific-Northwest.Butter-Powder          .              .              .             EPS         
ROW              .Southwest        .Beverage               .              .              .             EPS         
ROW              .Southwest        .Softs                  .              .              .             EPS         
ROW              .Southwest        .Cheese                 .              .              .             EPS         
ROW              .Southwest        .Butter-Powder          .              .              .             EPS         
ROW              .Arizona          .Beverage               .              .              .             EPS         
ROW              .Arizona          .Softs                  .              .              .             EPS         
ROW              .Arizona          .Cheese                 .              .              .             EPS         
ROW              .Arizona          .Butter-Powder          .              .              .             EPS         
ROW              .Unregulated      .Beverage               .              .              .             EPS         
ROW              .Unregulated      .Softs                  .              .              .             EPS         
ROW              .Unregulated      .Cheese                 .              .              .             EPS         
ROW              .Unregulated      .Butter-Powder          .              .              .             EPS         

---- EQU EQ2  foreign consumer demand for US regional dairy products

                                       LOWER          LEVEL          UPPER         MARGINAL

Northeast        .Softs                  .              .              .             EPS         
Northeast        .Cheese                 .              .              .             EPS         
Northeast        .Butter-Powder          .              .              .             EPS         
Appalachian      .Softs                  .              .              .             EPS         
Appalachian      .Cheese                 .              .              .             EPS         
Appalachian      .Butter-Powder          .              .              .             EPS         
Florida          .Softs                  .              .              .             EPS         
Florida          .Cheese                 .              .              .             EPS         
Florida          .Butter-Powder          .              .              .             EPS         
Southeast        .Softs                  .              .              .             EPS         
Southeast        .Cheese                 .              .              .             EPS         
Southeast        .Butter-Powder          .              .              .             EPS         
Upper-Midwest    .Softs                  .              .              .             EPS         
Upper-Midwest    .Cheese                 .              .              .             EPS         
Upper-Midwest    .Butter-Powder          .              .              .             EPS         
Central          .Softs                  .              .              .             EPS         
Central          .Cheese                 .              .              .             EPS         
Central          .Butter-Powder          .              .              .             EPS         
Mideast          .Softs                  .              .              .             EPS         
Mideast          .Cheese                 .              .              .             EPS         
Mideast          .Butter-Powder          .              .              .             EPS         
California       .Softs                  .              .              .             EPS         
California       .Cheese                 .              .              .             EPS         
California       .Butter-Powder          .              .              .             EPS         
Pacific-Northwest.Softs                  .              .              .             EPS         
Pacific-Northwest.Cheese                 .              .              .             EPS         
Pacific-Northwest.Butter-Powder          .              .              .             EPS         
Southwest        .Softs                  .              .              .             EPS         
Southwest        .Cheese                 .              .              .             EPS         
Southwest        .Butter-Powder          .              .              .             EPS         
Arizona          .Softs                  .              .              .             EPS         
Arizona          .Cheese                 .              .              .             EPS         
Arizona          .Butter-Powder          .              .              .             EPS         
Unregulated      .Softs                  .              .              .             EPS         
Unregulated      .Cheese                 .              .              .             EPS         
Unregulated      .Butter-Powder          .              .              .             EPS         

---- EQU EQ3  definition of region DOMJ dairy product price index

                         LOWER          LEVEL          UPPER         MARGINAL

Northeast                  .              .              .             EPS         
Appalachian                .              .              .             EPS         
Florida                    .              .              .             EPS         
Southeast                  .              .              .             EPS         
Upper-Midwest              .              .              .             EPS         
Central                    .              .              .             EPS         
Mideast                    .              .              .             EPS         
California                 .              .              .             EPS         
Pacific-Northwest          .              .              .             EPS         
Southwest                  .              .              .             EPS         
Arizona                    .              .              .             EPS         
Unregulated                .              .              .             EPS         

---- EQU EQ4  definition of region DOMJ price index for product N

                                       LOWER          LEVEL          UPPER         MARGINAL

Northeast        .Beverage               .              .              .             EPS         
Northeast        .Softs                  .              .              .             EPS         
Northeast        .Cheese                 .              .              .             EPS         
Northeast        .Butter-Powder          .              .              .             EPS         
Appalachian      .Beverage               .              .              .             EPS         
Appalachian      .Softs                  .              .              .             EPS         
Appalachian      .Cheese                 .              .              .             EPS         
Appalachian      .Butter-Powder          .              .              .             EPS         
Florida          .Beverage               .              .              .             EPS         
Florida          .Softs                  .              .              .             EPS         
Florida          .Cheese                 .              .              .             EPS         
Florida          .Butter-Powder          .              .              .             EPS         
Southeast        .Beverage               .              .              .             EPS         
Southeast        .Softs                  .              .              .             EPS         
Southeast        .Cheese                 .              .              .             EPS         
Southeast        .Butter-Powder          .              .              .             EPS         
Upper-Midwest    .Beverage               .              .              .             EPS         
Upper-Midwest    .Softs                  .              .              .             EPS         
Upper-Midwest    .Cheese                 .              .              .             EPS         
Upper-Midwest    .Butter-Powder          .              .              .             EPS         
Central          .Beverage               .              .              .             EPS         
Central          .Softs                  .              .              .             EPS         
Central          .Cheese                 .              .              .             EPS         
Central          .Butter-Powder          .              .              .             EPS         
Mideast          .Beverage               .              .              .             EPS         
Mideast          .Softs                  .              .              .             EPS         
Mideast          .Cheese                 .              .              .             EPS         
Mideast          .Butter-Powder          .              .              .             EPS         
California       .Beverage               .              .              .             EPS         
California       .Softs                  .              .              .             EPS         
California       .Cheese                 .              .              .             EPS         
California       .Butter-Powder          .              .              .             EPS         
Pacific-Northwest.Beverage               .              .              .             EPS         
Pacific-Northwest.Softs                  .              .              .             EPS         
Pacific-Northwest.Cheese                 .              .              .             EPS         
Pacific-Northwest.Butter-Powder          .              .              .             EPS         
Southwest        .Beverage               .              .              .             EPS         
Southwest        .Softs                  .              .              .             EPS         
Southwest        .Cheese                 .              .              .             EPS         
Southwest        .Butter-Powder          .              .              .             EPS         
Arizona          .Beverage               .              .              .             EPS         
Arizona          .Softs                  .              .              .             EPS         
Arizona          .Cheese                 .              .              .             EPS         
Arizona          .Butter-Powder          .              .              .             EPS         
Unregulated      .Beverage               .              .              .             EPS         
Unregulated      .Softs                  .              .              .             EPS         
Unregulated      .Cheese                 .              .              .             EPS         
Unregulated      .Butter-Powder          .              .              .             EPS         

                           LOWER          LEVEL          UPPER         MARGINAL

---- EQU EQ5                 .              .              .             EPS         

  EQ5  definition of foreign dairy product price index

---- EQU EQ6  definition of foreign price index for product N

                     LOWER          LEVEL          UPPER         MARGINAL

Softs                  .              .              .             EPS         
Cheese                 .              .              .             EPS         
Butter-Powder          .              .              .             EPS         

---- EQU EQ7  dairy product market clearing

                                       LOWER          LEVEL          UPPER         MARGINAL

Northeast        .Beverage               .              .              .             EPS         
Northeast        .Softs                  .              .              .             EPS         
Northeast        .Cheese                 .              .              .             EPS         
Northeast        .Butter-Powder          .              .              .             EPS         
Appalachian      .Beverage               .              .              .             EPS         
Appalachian      .Softs                  .              .              .             EPS         
Appalachian      .Cheese                 .              .              .             EPS         
Appalachian      .Butter-Powder          .              .              .             EPS         
Florida          .Beverage               .              .              .             EPS         
Florida          .Softs                  .              .              .             EPS         
Florida          .Cheese                 .              .              .             EPS         
Florida          .Butter-Powder          .              .              .             EPS         
Southeast        .Beverage               .              .              .             EPS         
Southeast        .Softs                  .              .              .             EPS         
Southeast        .Cheese                 .              .              .             EPS         
Southeast        .Butter-Powder          .              .              .             EPS         
Upper-Midwest    .Beverage               .              .              .             EPS         
Upper-Midwest    .Softs                  .              .              .             EPS         
Upper-Midwest    .Cheese                 .              .              .             EPS         
Upper-Midwest    .Butter-Powder          .              .              .             EPS         
Central          .Beverage               .              .              .             EPS         
Central          .Softs                  .              .              .             EPS         
Central          .Cheese                 .              .              .             EPS         
Central          .Butter-Powder          .              .              .             EPS         
Mideast          .Beverage               .              .              .             EPS         
Mideast          .Softs                  .              .              .             EPS         
Mideast          .Cheese                 .              .              .             EPS         
Mideast          .Butter-Powder          .              .              .             EPS         
California       .Beverage               .              .              .             EPS         
California       .Softs                  .              .              .             EPS         
California       .Cheese                 .              .              .             EPS         
California       .Butter-Powder          .              .              .             EPS         
Pacific-Northwest.Beverage               .              .              .             EPS         
Pacific-Northwest.Softs                  .              .              .             EPS         
Pacific-Northwest.Cheese                 .              .              .             EPS         
Pacific-Northwest.Butter-Powder          .              .              .             EPS         
Southwest        .Beverage               .              .              .             EPS         
Southwest        .Softs                  .              .              .             EPS         
Southwest        .Cheese                 .              .              .             EPS         
Southwest        .Butter-Powder          .              .              .             EPS         
Arizona          .Beverage               .              .              .             EPS         
Arizona          .Softs                  .              .              .             EPS         
Arizona          .Cheese                 .              .              .             EPS         
Arizona          .Butter-Powder          .              .              .             EPS         
Unregulated      .Beverage               .              .              .             EPS         
Unregulated      .Softs                  .              .              .             EPS         
Unregulated      .Cheese                 .              .              .             EPS         
Unregulated      .Butter-Powder          .              .              .             EPS         

---- EQU EQ10EX  EQ10 with exogenous VINDEX (for MODEL COMPDEMAND)

                                       LOWER          LEVEL          UPPER         MARGINAL

Northeast        .Beverage              1.0000         1.0000         1.0000         EPS         
Northeast        .Softs                 1.0000         1.0000         1.0000         EPS         
Northeast        .Cheese                1.0000         1.0000         1.0000         EPS         
Northeast        .Butter-Powder         1.0000         1.0000         1.0000         EPS         
Appalachian      .Beverage              1.0000         1.0000         1.0000         EPS         
Appalachian      .Softs                 1.0000         1.0000         1.0000         EPS         
Appalachian      .Cheese                1.0000         1.0000         1.0000         EPS         
Appalachian      .Butter-Powder         1.0000         1.0000         1.0000         EPS         
Florida          .Beverage              1.0000         1.0000         1.0000         EPS         
Florida          .Softs                 1.0000         1.0000         1.0000         EPS         
Florida          .Cheese                1.0000         1.0000         1.0000         EPS         
Florida          .Butter-Powder         1.0000         1.0000         1.0000         EPS         
Southeast        .Beverage              1.0000         1.0000         1.0000         EPS         
Southeast        .Softs                 1.0000         1.0000         1.0000         EPS         
Southeast        .Cheese                1.0000         1.0000         1.0000         EPS         
Southeast        .Butter-Powder         1.0000         1.0000         1.0000         EPS         
Upper-Midwest    .Beverage              1.0000         1.0000         1.0000         EPS         
Upper-Midwest    .Softs                 1.0000         1.0000         1.0000         EPS         
Upper-Midwest    .Cheese                1.0000         1.0000         1.0000         EPS         
Upper-Midwest    .Butter-Powder         1.0000         1.0000         1.0000         EPS         
Central          .Beverage              1.0000         1.0000         1.0000         EPS         
Central          .Softs                 1.0000         1.0000         1.0000         EPS         
Central          .Cheese                1.0000         1.0000         1.0000         EPS         
Central          .Butter-Powder         1.0000         1.0000         1.0000         EPS         
Mideast          .Beverage              1.0000         1.0000         1.0000         EPS         
Mideast          .Softs                 1.0000         1.0000         1.0000         EPS         
Mideast          .Cheese                1.0000         1.0000         1.0000         EPS         
Mideast          .Butter-Powder         1.0000         1.0000         1.0000         EPS         
California       .Beverage              1.0000         1.0000         1.0000         EPS         
California       .Softs                 1.0000         1.0000         1.0000         EPS         
California       .Cheese                1.0000         1.0000         1.0000         EPS         
California       .Butter-Powder         1.0000         1.0000         1.0000         EPS         
Pacific-Northwest.Beverage              1.0000         1.0000         1.0000         EPS         
Pacific-Northwest.Softs                 1.0000         1.0000         1.0000         EPS         
Pacific-Northwest.Cheese                1.0000         1.0000         1.0000         EPS         
Pacific-Northwest.Butter-Powder         1.0000         1.0000         1.0000         EPS         
Southwest        .Beverage              1.0000         1.0000         1.0000         EPS         
Southwest        .Softs                 1.0000         1.0000         1.0000         EPS         
Southwest        .Cheese                1.0000         1.0000         1.0000         EPS         
Southwest        .Butter-Powder         1.0000         1.0000         1.0000         EPS         
Arizona          .Beverage              1.0000         1.0000         1.0000         EPS         
Arizona          .Softs                 1.0000         1.0000         1.0000         EPS         
Arizona          .Cheese                1.0000         1.0000         1.0000         EPS         
Arizona          .Butter-Powder         1.0000         1.0000         1.0000         EPS         
Unregulated      .Beverage              1.0000         1.0000         1.0000         EPS         
Unregulated      .Softs                 1.0000         1.0000         1.0000         EPS         
Unregulated      .Cheese                1.0000         1.0000         1.0000         EPS         
Unregulated      .Butter-Powder         1.0000         1.0000         1.0000         EPS         

                           LOWER          LEVEL          UPPER         MARGINAL

---- EQU EQ21               1.0000         1.0000         1.0000         1.0000      

  EQ21  objective function

---- VAR C  relative change in region DOMJ demand for product N from origin I

                                                         LOWER          LEVEL          UPPER         MARGINAL

Northeast        .Northeast        .Beverage             -INF            1.0000        +INF             .          
Northeast        .Northeast        .Softs                -INF            1.0000        +INF             .          
Northeast        .Northeast        .Cheese               -INF            1.0000        +INF             .          
Northeast        .Northeast        .Butter-Powder        -INF            1.0000        +INF             .          
Northeast        .Appalachian      .Beverage             -INF            1.0000        +INF             .          
Northeast        .Appalachian      .Softs                -INF            1.0000        +INF             .          
Northeast        .Appalachian      .Cheese               -INF            1.0000        +INF             .          
Northeast        .Appalachian      .Butter-Powder        -INF            1.0000        +INF             .          
Northeast        .Florida          .Beverage             -INF            1.0000        +INF             .          
Northeast        .Florida          .Softs                -INF            1.0000        +INF             .          
Northeast        .Florida          .Cheese               -INF            1.0000        +INF             .          
Northeast        .Florida          .Butter-Powder        -INF            1.0000        +INF             .          
Northeast        .Southeast        .Beverage             -INF            1.0000        +INF             .          
Northeast        .Southeast        .Softs                -INF            1.0000        +INF             .          
Northeast        .Southeast        .Cheese               -INF            1.0000        +INF             .          
Northeast        .Southeast        .Butter-Powder        -INF            1.0000        +INF             .          
Northeast        .Upper-Midwest    .Beverage             -INF            1.0000        +INF             .          
Northeast        .Upper-Midwest    .Softs                -INF            1.0000        +INF             .          
Northeast        .Upper-Midwest    .Cheese               -INF            1.0000        +INF             .          
Northeast        .Upper-Midwest    .Butter-Powder        -INF            1.0000        +INF             .          
Northeast        .Central          .Beverage             -INF            1.0000        +INF             .          
Northeast        .Central          .Softs                -INF            1.0000        +INF             .          
Northeast        .Central          .Cheese               -INF            1.0000        +INF             .          
Northeast        .Central          .Butter-Powder        -INF            1.0000        +INF             .          
Northeast        .Mideast          .Beverage             -INF            1.0000        +INF             .          
Northeast        .Mideast          .Softs                -INF            1.0000        +INF             .          
Northeast        .Mideast          .Cheese               -INF            1.0000        +INF             .          
Northeast        .Mideast          .Butter-Powder        -INF            1.0000        +INF             .          
Northeast        .California       .Beverage             -INF            1.0000        +INF             .          
Northeast        .California       .Softs                -INF            1.0000        +INF             .          
Northeast        .California       .Cheese               -INF            1.0000        +INF             .          
Northeast        .California       .Butter-Powder        -INF            1.0000        +INF             .          
Northeast        .Pacific-Northwest.Beverage             -INF            1.0000        +INF             .          
Northeast        .Pacific-Northwest.Softs                -INF            1.0000        +INF             .          
Northeast        .Pacific-Northwest.Cheese               -INF            1.0000        +INF             .          
Northeast        .Pacific-Northwest.Butter-Powder        -INF            1.0000        +INF             .          
Northeast        .Southwest        .Beverage             -INF            1.0000        +INF             .          
Northeast        .Southwest        .Softs                -INF            1.0000        +INF             .          
Northeast        .Southwest        .Cheese               -INF            1.0000        +INF             .          
Northeast        .Southwest        .Butter-Powder        -INF            1.0000        +INF             .          
Northeast        .Arizona          .Beverage             -INF            1.0000        +INF             .          
Northeast        .Arizona          .Softs                -INF            1.0000        +INF             .          
Northeast        .Arizona          .Cheese               -INF            1.0000        +INF             .          
Northeast        .Arizona          .Butter-Powder        -INF            1.0000        +INF             .          
Northeast        .Unregulated      .Beverage             -INF            1.0000        +INF             .          
Northeast        .Unregulated      .Softs                -INF            1.0000        +INF             .          
Northeast        .Unregulated      .Cheese               -INF            1.0000        +INF             .          
Northeast        .Unregulated      .Butter-Powder        -INF            1.0000        +INF             .          
Appalachian      .Northeast        .Beverage             -INF            1.0000        +INF             .          
Appalachian      .Northeast        .Softs                -INF            1.0000        +INF             .          
Appalachian      .Northeast        .Cheese               -INF            1.0000        +INF             .          
Appalachian      .Northeast        .Butter-Powder        -INF            1.0000        +INF             .          
Appalachian      .Appalachian      .Beverage             -INF            1.0000        +INF             .          
Appalachian      .Appalachian      .Softs                -INF            1.0000        +INF             .          
Appalachian      .Appalachian      .Cheese               -INF            1.0000        +INF             .          
Appalachian      .Appalachian      .Butter-Powder        -INF            1.0000        +INF             .          
Appalachian      .Florida          .Beverage             -INF            1.0000        +INF             .          
Appalachian      .Florida          .Softs                -INF            1.0000        +INF             .          
Appalachian      .Florida          .Cheese               -INF            1.0000        +INF             .          
Appalachian      .Florida          .Butter-Powder        -INF            1.0000        +INF             .          
Appalachian      .Southeast        .Beverage             -INF            1.0000        +INF             .          
Appalachian      .Southeast        .Softs                -INF            1.0000        +INF             .          
Appalachian      .Southeast        .Cheese               -INF            1.0000        +INF             .          
Appalachian      .Southeast        .Butter-Powder        -INF            1.0000        +INF             .          
Appalachian      .Upper-Midwest    .Beverage             -INF            1.0000        +INF             .          
Appalachian      .Upper-Midwest    .Softs                -INF            1.0000        +INF             .          
Appalachian      .Upper-Midwest    .Cheese               -INF            1.0000        +INF             .          
Appalachian      .Upper-Midwest    .Butter-Powder        -INF            1.0000        +INF             .          
Appalachian      .Central          .Beverage             -INF            1.0000        +INF             .          
Appalachian      .Central          .Softs                -INF            1.0000        +INF             .          
Appalachian      .Central          .Cheese               -INF            1.0000        +INF             .          
Appalachian      .Central          .Butter-Powder        -INF            1.0000        +INF             .          
Appalachian      .Mideast          .Beverage             -INF            1.0000        +INF             .          
Appalachian      .Mideast          .Softs                -INF            1.0000        +INF             .          
Appalachian      .Mideast          .Cheese               -INF            1.0000        +INF             .          
Appalachian      .Mideast          .Butter-Powder        -INF            1.0000        +INF             .          
Appalachian      .California       .Beverage             -INF            1.0000        +INF             .          
Appalachian      .California       .Softs                -INF            1.0000        +INF             .          
Appalachian      .California       .Cheese               -INF            1.0000        +INF             .          
Appalachian      .California       .Butter-Powder        -INF            1.0000        +INF             .          
Appalachian      .Pacific-Northwest.Beverage             -INF            1.0000        +INF             .          
Appalachian      .Pacific-Northwest.Softs                -INF            1.0000        +INF             .          
Appalachian      .Pacific-Northwest.Cheese               -INF            1.0000        +INF             .          
Appalachian      .Pacific-Northwest.Butter-Powder        -INF            1.0000        +INF             .          
Appalachian      .Southwest        .Beverage             -INF            1.0000        +INF             .          
Appalachian      .Southwest        .Softs                -INF            1.0000        +INF             .          
Appalachian      .Southwest        .Cheese               -INF            1.0000        +INF             .          
Appalachian      .Southwest        .Butter-Powder        -INF            1.0000        +INF             .          
Appalachian      .Arizona          .Beverage             -INF            1.0000        +INF             .          
Appalachian      .Arizona          .Softs                -INF            1.0000        +INF             .          
Appalachian      .Arizona          .Cheese               -INF            1.0000        +INF             .          
Appalachian      .Arizona          .Butter-Powder        -INF            1.0000        +INF             .          
Appalachian      .Unregulated      .Beverage             -INF            1.0000        +INF             .          
Appalachian      .Unregulated      .Softs                -INF            1.0000        +INF             .          
Appalachian      .Unregulated      .Cheese               -INF            1.0000        +INF             .          
Appalachian      .Unregulated      .Butter-Powder        -INF            1.0000        +INF             .          
Florida          .Northeast        .Beverage             -INF            1.0000        +INF             .          
Florida          .Northeast        .Softs                -INF            1.0000        +INF             .          
Florida          .Northeast        .Cheese               -INF            1.0000        +INF             .          
Florida          .Northeast        .Butter-Powder        -INF            1.0000        +INF             .          
Florida          .Appalachian      .Beverage             -INF            1.0000        +INF             .          
Florida          .Appalachian      .Softs                -INF            1.0000        +INF             .          
Florida          .Appalachian      .Cheese               -INF            1.0000        +INF             .          
Florida          .Appalachian      .Butter-Powder        -INF            1.0000        +INF             .          
Florida          .Florida          .Beverage             -INF            1.0000        +INF             .          
Florida          .Florida          .Softs                -INF            1.0000        +INF             .          
Florida          .Florida          .Cheese               -INF            1.0000        +INF             .          
Florida          .Florida          .Butter-Powder        -INF            1.0000        +INF             .          
Florida          .Southeast        .Beverage             -INF            1.0000        +INF             .          
Florida          .Southeast        .Softs                -INF            1.0000        +INF             .          
Florida          .Southeast        .Cheese               -INF            1.0000        +INF             .          
Florida          .Southeast        .Butter-Powder        -INF            1.0000        +INF             .          
Florida          .Upper-Midwest    .Beverage             -INF            1.0000        +INF             .          
Florida          .Upper-Midwest    .Softs                -INF            1.0000        +INF             .          
Florida          .Upper-Midwest    .Cheese               -INF            1.0000        +INF             .          
Florida          .Upper-Midwest    .Butter-Powder        -INF            1.0000        +INF             .          
Florida          .Central          .Beverage             -INF            1.0000        +INF             .          
Florida          .Central          .Softs                -INF            1.0000        +INF             .          
Florida          .Central          .Cheese               -INF            1.0000        +INF             .          
Florida          .Central          .Butter-Powder        -INF            1.0000        +INF             .          
Florida          .Mideast          .Beverage             -INF            1.0000        +INF             .          
Florida          .Mideast          .Softs                -INF            1.0000        +INF             .          
Florida          .Mideast          .Cheese               -INF            1.0000        +INF             .          
Florida          .Mideast          .Butter-Powder        -INF            1.0000        +INF             .          
Florida          .California       .Beverage             -INF            1.0000        +INF             .          
Florida          .California       .Softs                -INF            1.0000        +INF             .          
Florida          .California       .Cheese               -INF            1.0000        +INF             .          
Florida          .California       .Butter-Powder        -INF            1.0000        +INF             .          
Florida          .Pacific-Northwest.Beverage             -INF            1.0000        +INF             .          
Florida          .Pacific-Northwest.Softs                -INF            1.0000        +INF             .          
Florida          .Pacific-Northwest.Cheese               -INF            1.0000        +INF             .          
Florida          .Pacific-Northwest.Butter-Powder        -INF            1.0000        +INF             .          
Florida          .Southwest        .Beverage             -INF            1.0000        +INF             .          
Florida          .Southwest        .Softs                -INF            1.0000        +INF             .          
Florida          .Southwest        .Cheese               -INF            1.0000        +INF             .          
Florida          .Southwest        .Butter-Powder        -INF            1.0000        +INF             .          
Florida          .Arizona          .Beverage             -INF            1.0000        +INF             .          
Florida          .Arizona          .Softs                -INF            1.0000        +INF             .          
Florida          .Arizona          .Cheese               -INF            1.0000        +INF             .          
Florida          .Arizona          .Butter-Powder        -INF            1.0000        +INF             .          
Florida          .Unregulated      .Beverage             -INF            1.0000        +INF             .          
Florida          .Unregulated      .Softs                -INF            1.0000        +INF             .          
Florida          .Unregulated      .Cheese               -INF            1.0000        +INF             .          
Florida          .Unregulated      .Butter-Powder        -INF            1.0000        +INF             .          
Southeast        .Northeast        .Beverage             -INF            0.9999        +INF             .          
Southeast        .Northeast        .Softs                -INF            1.0000        +INF             .          
Southeast        .Northeast        .Cheese               -INF            1.0000        +INF             .          
Southeast        .Northeast        .Butter-Powder        -INF            1.0000        +INF             .          
Southeast        .Appalachian      .Beverage             -INF            0.9999        +INF             .          
Southeast        .Appalachian      .Softs                -INF            1.0000        +INF             .          
Southeast        .Appalachian      .Cheese               -INF            1.0000        +INF             .          
Southeast        .Appalachian      .Butter-Powder        -INF            1.0000        +INF             .          
Southeast        .Florida          .Beverage             -INF            0.9999        +INF             .          
Southeast        .Florida          .Softs                -INF            1.0000        +INF             .          
Southeast        .Florida          .Cheese               -INF            1.0000        +INF             .          
Southeast        .Florida          .Butter-Powder        -INF            1.0000        +INF             .          
Southeast        .Southeast        .Beverage             -INF            0.9999        +INF             .          
Southeast        .Southeast        .Softs                -INF            1.0000        +INF             .          
Southeast        .Southeast        .Cheese               -INF            1.0000        +INF             .          
Southeast        .Southeast        .Butter-Powder        -INF            1.0000        +INF             .          
Southeast        .Upper-Midwest    .Beverage             -INF            0.9999        +INF             .          
Southeast        .Upper-Midwest    .Softs                -INF            1.0000        +INF             .          
Southeast        .Upper-Midwest    .Cheese               -INF            1.0000        +INF             .          
Southeast        .Upper-Midwest    .Butter-Powder        -INF            1.0000        +INF             .          
Southeast        .Central          .Beverage             -INF            0.9999        +INF             .          
Southeast        .Central          .Softs                -INF            1.0000        +INF             .          
Southeast        .Central          .Cheese               -INF            1.0000        +INF             .          
Southeast        .Central          .Butter-Powder        -INF            1.0000        +INF             .          
Southeast        .Mideast          .Beverage             -INF            0.9999        +INF             .          
Southeast        .Mideast          .Softs                -INF            1.0000        +INF             .          
Southeast        .Mideast          .Cheese               -INF            1.0000        +INF             .          
Southeast        .Mideast          .Butter-Powder        -INF            1.0000        +INF             .          
Southeast        .California       .Beverage             -INF            0.9999        +INF             .          
Southeast        .California       .Softs                -INF            1.0000        +INF             .          
Southeast        .California       .Cheese               -INF            1.0000        +INF             .          
Southeast        .California       .Butter-Powder        -INF            1.0000        +INF             .          
Southeast        .Pacific-Northwest.Beverage             -INF            0.9999        +INF             .          
Southeast        .Pacific-Northwest.Softs                -INF            1.0000        +INF             .          
Southeast        .Pacific-Northwest.Cheese               -INF            1.0000        +INF             .          
Southeast        .Pacific-Northwest.Butter-Powder        -INF            1.0000        +INF             .          
Southeast        .Southwest        .Beverage             -INF            0.9999        +INF             .          
Southeast        .Southwest        .Softs                -INF            1.0000        +INF             .          
Southeast        .Southwest        .Cheese               -INF            1.0000        +INF             .          
Southeast        .Southwest        .Butter-Powder        -INF            1.0000        +INF             .          
Southeast        .Arizona          .Beverage             -INF            0.9999        +INF             .          
Southeast        .Arizona          .Softs                -INF            1.0000        +INF             .          
Southeast        .Arizona          .Cheese               -INF            1.0000        +INF             .          
Southeast        .Arizona          .Butter-Powder        -INF            1.0000        +INF             .          
Southeast        .Unregulated      .Beverage             -INF            0.9999        +INF             .          
Southeast        .Unregulated      .Softs                -INF            1.0000        +INF             .          
Southeast        .Unregulated      .Cheese               -INF            1.0000        +INF             .          
Southeast        .Unregulated      .Butter-Powder        -INF            1.0000        +INF             .          
Upper-Midwest    .Northeast        .Beverage             -INF            1.0000        +INF             .          
Upper-Midwest    .Northeast        .Softs                -INF            1.0000        +INF             .          
Upper-Midwest    .Northeast        .Cheese               -INF            1.0000        +INF             .          
Upper-Midwest    .Northeast        .Butter-Powder        -INF            1.0000        +INF             .          
Upper-Midwest    .Appalachian      .Beverage             -INF            1.0000        +INF             .          
Upper-Midwest    .Appalachian      .Softs                -INF            1.0000        +INF             .          
Upper-Midwest    .Appalachian      .Cheese               -INF            1.0000        +INF             .          
Upper-Midwest    .Appalachian      .Butter-Powder        -INF            1.0000        +INF             .          
Upper-Midwest    .Florida          .Beverage             -INF            1.0000        +INF             .          
Upper-Midwest    .Florida          .Softs                -INF            1.0000        +INF             .          
Upper-Midwest    .Florida          .Cheese               -INF            1.0000        +INF             .          
Upper-Midwest    .Florida          .Butter-Powder        -INF            1.0000        +INF             .          
Upper-Midwest    .Southeast        .Beverage             -INF            1.0000        +INF             .          
Upper-Midwest    .Southeast        .Softs                -INF            1.0000        +INF             .          
Upper-Midwest    .Southeast        .Cheese               -INF            1.0000        +INF             .          
Upper-Midwest    .Southeast        .Butter-Powder        -INF            1.0000        +INF             .          
Upper-Midwest    .Upper-Midwest    .Beverage             -INF            1.0000        +INF             .          
Upper-Midwest    .Upper-Midwest    .Softs                -INF            1.0000        +INF             .          
Upper-Midwest    .Upper-Midwest    .Cheese               -INF            1.0000        +INF             .          
Upper-Midwest    .Upper-Midwest    .Butter-Powder        -INF            1.0000        +INF             .          
Upper-Midwest    .Central          .Beverage             -INF            1.0000        +INF             .          
Upper-Midwest    .Central          .Softs                -INF            1.0000        +INF             .          
Upper-Midwest    .Central          .Cheese               -INF            1.0000        +INF             .          
Upper-Midwest    .Central          .Butter-Powder        -INF            1.0000        +INF             .          
Upper-Midwest    .Mideast          .Beverage             -INF            1.0000        +INF             .          
Upper-Midwest    .Mideast          .Softs                -INF            1.0000        +INF             .          
Upper-Midwest    .Mideast          .Cheese               -INF            1.0000        +INF             .          
Upper-Midwest    .Mideast          .Butter-Powder        -INF            1.0000        +INF             .          
Upper-Midwest    .California       .Beverage             -INF            1.0000        +INF             .          
Upper-Midwest    .California       .Softs                -INF            1.0000        +INF             .          
Upper-Midwest    .California       .Cheese               -INF            1.0000        +INF             .          
Upper-Midwest    .California       .Butter-Powder        -INF            1.0000        +INF             .          
Upper-Midwest    .Pacific-Northwest.Beverage             -INF            1.0000        +INF             .          
Upper-Midwest    .Pacific-Northwest.Softs                -INF            1.0000        +INF             .          
Upper-Midwest    .Pacific-Northwest.Cheese               -INF            1.0000        +INF             .          
Upper-Midwest    .Pacific-Northwest.Butter-Powder        -INF            1.0000        +INF             .          
Upper-Midwest    .Southwest        .Beverage             -INF            1.0000        +INF             .          
Upper-Midwest    .Southwest        .Softs                -INF            1.0000        +INF             .          
Upper-Midwest    .Southwest        .Cheese               -INF            1.0000        +INF             .          
Upper-Midwest    .Southwest        .Butter-Powder        -INF            1.0000        +INF             .          
Upper-Midwest    .Arizona          .Beverage             -INF            1.0000        +INF             .          
Upper-Midwest    .Arizona          .Softs                -INF            1.0000        +INF             .          
Upper-Midwest    .Arizona          .Cheese               -INF            1.0000        +INF             .          
Upper-Midwest    .Arizona          .Butter-Powder        -INF            1.0000        +INF             .          
Upper-Midwest    .Unregulated      .Beverage             -INF            1.0000        +INF             .          
Upper-Midwest    .Unregulated      .Softs                -INF            1.0000        +INF             .          
Upper-Midwest    .Unregulated      .Cheese               -INF            1.0000        +INF             .          
Upper-Midwest    .Unregulated      .Butter-Powder        -INF            1.0000        +INF             .          
Central          .Northeast        .Beverage             -INF            1.0000        +INF             .          
Central          .Northeast        .Softs                -INF            1.0000        +INF             .          
Central          .Northeast        .Cheese               -INF            1.0000        +INF             .          
Central          .Northeast        .Butter-Powder        -INF            1.0000        +INF             .          
Central          .Appalachian      .Beverage             -INF            1.0000        +INF             .          
Central          .Appalachian      .Softs                -INF            1.0000        +INF             .          
Central          .Appalachian      .Cheese               -INF            1.0000        +INF             .          
Central          .Appalachian      .Butter-Powder        -INF            1.0000        +INF             .          
Central          .Florida          .Beverage             -INF            1.0000        +INF             .          
Central          .Florida          .Softs                -INF            1.0000        +INF             .          
Central          .Florida          .Cheese               -INF            1.0000        +INF             .          
Central          .Florida          .Butter-Powder        -INF            1.0000        +INF             .          
Central          .Southeast        .Beverage             -INF            1.0000        +INF             .          
Central          .Southeast        .Softs                -INF            1.0000        +INF             .          
Central          .Southeast        .Cheese               -INF            1.0000        +INF             .          
Central          .Southeast        .Butter-Powder        -INF            1.0000        +INF             .          
Central          .Upper-Midwest    .Beverage             -INF            1.0000        +INF             .          
Central          .Upper-Midwest    .Softs                -INF            1.0000        +INF             .          
Central          .Upper-Midwest    .Cheese               -INF            1.0000        +INF             .          
Central          .Upper-Midwest    .Butter-Powder        -INF            1.0000        +INF             .          
Central          .Central          .Beverage             -INF            1.0000        +INF             .          
Central          .Central          .Softs                -INF            1.0000        +INF             .          
Central          .Central          .Cheese               -INF            1.0000        +INF             .          
Central          .Central          .Butter-Powder        -INF            1.0000        +INF             .          
Central          .Mideast          .Beverage             -INF            1.0000        +INF             .          
Central          .Mideast          .Softs                -INF            1.0000        +INF             .          
Central          .Mideast          .Cheese               -INF            1.0000        +INF             .          
Central          .Mideast          .Butter-Powder        -INF            1.0000        +INF             .          
Central          .California       .Beverage             -INF            1.0000        +INF             .          
Central          .California       .Softs                -INF            1.0000        +INF             .          
Central          .California       .Cheese               -INF            1.0000        +INF             .          
Central          .California       .Butter-Powder        -INF            1.0000        +INF             .          
Central          .Pacific-Northwest.Beverage             -INF            1.0000        +INF             .          
Central          .Pacific-Northwest.Softs                -INF            1.0000        +INF             .          
Central          .Pacific-Northwest.Cheese               -INF            1.0000        +INF             .          
Central          .Pacific-Northwest.Butter-Powder        -INF            1.0000        +INF             .          
Central          .Southwest        .Beverage             -INF            1.0000        +INF             .          
Central          .Southwest        .Softs                -INF            1.0000        +INF             .          
Central          .Southwest        .Cheese               -INF            1.0000        +INF             .          
Central          .Southwest        .Butter-Powder        -INF            1.0000        +INF             .          
Central          .Arizona          .Beverage             -INF            1.0000        +INF             .          
Central          .Arizona          .Softs                -INF            1.0000        +INF             .          
Central          .Arizona          .Cheese               -INF            1.0000        +INF             .          
Central          .Arizona          .Butter-Powder        -INF            1.0000        +INF             .          
Central          .Unregulated      .Beverage             -INF            1.0000        +INF             .          
Central          .Unregulated      .Softs                -INF            1.0000        +INF             .          
Central          .Unregulated      .Cheese               -INF            1.0000        +INF             .          
Central          .Unregulated      .Butter-Powder        -INF            1.0000        +INF             .          
Mideast          .Northeast        .Beverage             -INF            1.0000        +INF             .          
Mideast          .Northeast        .Softs                -INF            1.0000        +INF             .          
Mideast          .Northeast        .Cheese               -INF            1.0000        +INF             .          
Mideast          .Northeast        .Butter-Powder        -INF            1.0000        +INF             .          
Mideast          .Appalachian      .Beverage             -INF            1.0000        +INF             .          
Mideast          .Appalachian      .Softs                -INF            1.0000        +INF             .          
Mideast          .Appalachian      .Cheese               -INF            1.0000        +INF             .          
Mideast          .Appalachian      .Butter-Powder        -INF            1.0000        +INF             .          
Mideast          .Florida          .Beverage             -INF            1.0000        +INF             .          
Mideast          .Florida          .Softs                -INF            1.0000        +INF             .          
Mideast          .Florida          .Cheese               -INF            1.0000        +INF             .          
Mideast          .Florida          .Butter-Powder        -INF            1.0000        +INF             .          
Mideast          .Southeast        .Beverage             -INF            1.0000        +INF             .          
Mideast          .Southeast        .Softs                -INF            1.0000        +INF             .          
Mideast          .Southeast        .Cheese               -INF            1.0000        +INF             .          
Mideast          .Southeast        .Butter-Powder        -INF            1.0000        +INF             .          
Mideast          .Upper-Midwest    .Beverage             -INF            1.0000        +INF             .          
Mideast          .Upper-Midwest    .Softs                -INF            1.0000        +INF             .          
Mideast          .Upper-Midwest    .Cheese               -INF            1.0000        +INF             .          
Mideast          .Upper-Midwest    .Butter-Powder        -INF            1.0000        +INF             .          
Mideast          .Central          .Beverage             -INF            1.0000        +INF             .          
Mideast          .Central          .Softs                -INF            1.0000        +INF             .          
Mideast          .Central          .Cheese               -INF            1.0000        +INF             .          
Mideast          .Central          .Butter-Powder        -INF            1.0000        +INF             .          
Mideast          .Mideast          .Beverage             -INF            1.0000        +INF             .          
Mideast          .Mideast          .Softs                -INF            1.0000        +INF             .          
Mideast          .Mideast          .Cheese               -INF            1.0000        +INF             .          
Mideast          .Mideast          .Butter-Powder        -INF            1.0000        +INF             .          
Mideast          .California       .Beverage             -INF            1.0000        +INF             .          
Mideast          .California       .Softs                -INF            1.0000        +INF             .          
Mideast          .California       .Cheese               -INF            1.0000        +INF             .          
Mideast          .California       .Butter-Powder        -INF            1.0000        +INF             .          
Mideast          .Pacific-Northwest.Beverage             -INF            1.0000        +INF             .          
Mideast          .Pacific-Northwest.Softs                -INF            1.0000        +INF             .          
Mideast          .Pacific-Northwest.Cheese               -INF            1.0000        +INF             .          
Mideast          .Pacific-Northwest.Butter-Powder        -INF            1.0000        +INF             .          
Mideast          .Southwest        .Beverage             -INF            1.0000        +INF             .          
Mideast          .Southwest        .Softs                -INF            1.0000        +INF             .          
Mideast          .Southwest        .Cheese               -INF            1.0000        +INF             .          
Mideast          .Southwest        .Butter-Powder        -INF            1.0000        +INF             .          
Mideast          .Arizona          .Beverage             -INF            1.0000        +INF             .          
Mideast          .Arizona          .Softs                -INF            1.0000        +INF             .          
Mideast          .Arizona          .Cheese               -INF            1.0000        +INF             .          
Mideast          .Arizona          .Butter-Powder        -INF            1.0000        +INF             .          
Mideast          .Unregulated      .Beverage             -INF            1.0000        +INF             .          
Mideast          .Unregulated      .Softs                -INF            1.0000        +INF             .          
Mideast          .Unregulated      .Cheese               -INF            1.0000        +INF             .          
Mideast          .Unregulated      .Butter-Powder        -INF            1.0000        +INF             .          
California       .Northeast        .Beverage             -INF            1.0000        +INF             .          
California       .Northeast        .Softs                -INF            1.0000        +INF             .          
California       .Northeast        .Cheese               -INF            1.0000        +INF             .          
California       .Northeast        .Butter-Powder        -INF            1.0000        +INF             .          
California       .Appalachian      .Beverage             -INF            1.0000        +INF             .          
California       .Appalachian      .Softs                -INF            1.0000        +INF             .          
California       .Appalachian      .Cheese               -INF            1.0000        +INF             .          
California       .Appalachian      .Butter-Powder        -INF            1.0000        +INF             .          
California       .Florida          .Beverage             -INF            1.0000        +INF             .          
California       .Florida          .Softs                -INF            1.0000        +INF             .          
California       .Florida          .Cheese               -INF            1.0000        +INF             .          
California       .Florida          .Butter-Powder        -INF            1.0000        +INF             .          
California       .Southeast        .Beverage             -INF            1.0000        +INF             .          
California       .Southeast        .Softs                -INF            1.0000        +INF             .          
California       .Southeast        .Cheese               -INF            1.0000        +INF             .          
California       .Southeast        .Butter-Powder        -INF            1.0000        +INF             .          
California       .Upper-Midwest    .Beverage             -INF            1.0000        +INF             .          
California       .Upper-Midwest    .Softs                -INF            1.0000        +INF             .          
California       .Upper-Midwest    .Cheese               -INF            1.0000        +INF             .          
California       .Upper-Midwest    .Butter-Powder        -INF            1.0000        +INF             .          
California       .Central          .Beverage             -INF            1.0000        +INF             .          
California       .Central          .Softs                -INF            1.0000        +INF             .          
California       .Central          .Cheese               -INF            1.0000        +INF             .          
California       .Central          .Butter-Powder        -INF            1.0000        +INF             .          
California       .Mideast          .Beverage             -INF            1.0000        +INF             .          
California       .Mideast          .Softs                -INF            1.0000        +INF             .          
California       .Mideast          .Cheese               -INF            1.0000        +INF             .          
California       .Mideast          .Butter-Powder        -INF            1.0000        +INF             .          
California       .California       .Beverage             -INF            1.0000        +INF             .          
California       .California       .Softs                -INF            1.0000        +INF             .          
California       .California       .Cheese               -INF            1.0000        +INF             .          
California       .California       .Butter-Powder        -INF            1.0000        +INF             .          
California       .Pacific-Northwest.Beverage             -INF            1.0000        +INF             .          
California       .Pacific-Northwest.Softs                -INF            1.0000        +INF             .          
California       .Pacific-Northwest.Cheese               -INF            1.0000        +INF             .          
California       .Pacific-Northwest.Butter-Powder        -INF            1.0000        +INF             .          
California       .Southwest        .Beverage             -INF            1.0000        +INF             .          
California       .Southwest        .Softs                -INF            1.0000        +INF             .          
California       .Southwest        .Cheese               -INF            1.0000        +INF             .          
California       .Southwest        .Butter-Powder        -INF            1.0000        +INF             .          
California       .Arizona          .Beverage             -INF            1.0000        +INF             .          
California       .Arizona          .Softs                -INF            1.0000        +INF             .          
California       .Arizona          .Cheese               -INF            1.0000        +INF             .          
California       .Arizona          .Butter-Powder        -INF            1.0000        +INF             .          
California       .Unregulated      .Beverage             -INF            1.0000        +INF             .          
California       .Unregulated      .Softs                -INF            1.0000        +INF             .          
California       .Unregulated      .Cheese               -INF            1.0000        +INF             .          
California       .Unregulated      .Butter-Powder        -INF            1.0000        +INF             .          
Pacific-Northwest.Northeast        .Beverage             -INF            1.0000        +INF             .          
Pacific-Northwest.Northeast        .Softs                -INF            1.0000        +INF             .          
Pacific-Northwest.Northeast        .Cheese               -INF            1.0000        +INF             .          
Pacific-Northwest.Northeast        .Butter-Powder        -INF            1.0000        +INF             .          
Pacific-Northwest.Appalachian      .Beverage             -INF            1.0000        +INF             .          
Pacific-Northwest.Appalachian      .Softs                -INF            1.0000        +INF             .          
Pacific-Northwest.Appalachian      .Cheese               -INF            1.0000        +INF             .          
Pacific-Northwest.Appalachian      .Butter-Powder        -INF            1.0000        +INF             .          
Pacific-Northwest.Florida          .Beverage             -INF            1.0000        +INF             .          
Pacific-Northwest.Florida          .Softs                -INF            1.0000        +INF             .          
Pacific-Northwest.Florida          .Cheese               -INF            1.0000        +INF             .          
Pacific-Northwest.Florida          .Butter-Powder        -INF            1.0000        +INF             .          
Pacific-Northwest.Southeast        .Beverage             -INF            1.0000        +INF             .          
Pacific-Northwest.Southeast        .Softs                -INF            1.0000        +INF             .          
Pacific-Northwest.Southeast        .Cheese               -INF            1.0000        +INF             .          
Pacific-Northwest.Southeast        .Butter-Powder        -INF            1.0000        +INF             .          
Pacific-Northwest.Upper-Midwest    .Beverage             -INF            1.0000        +INF             .          
Pacific-Northwest.Upper-Midwest    .Softs                -INF            1.0000        +INF             .          
Pacific-Northwest.Upper-Midwest    .Cheese               -INF            1.0000        +INF             .          
Pacific-Northwest.Upper-Midwest    .Butter-Powder        -INF            1.0000        +INF             .          
Pacific-Northwest.Central          .Beverage             -INF            1.0000        +INF             .          
Pacific-Northwest.Central          .Softs                -INF            1.0000        +INF             .          
Pacific-Northwest.Central          .Cheese               -INF            1.0000        +INF             .          
Pacific-Northwest.Central          .Butter-Powder        -INF            1.0000        +INF             .          
Pacific-Northwest.Mideast          .Beverage             -INF            1.0000        +INF             .          
Pacific-Northwest.Mideast          .Softs                -INF            1.0000        +INF             .          
Pacific-Northwest.Mideast          .Cheese               -INF            1.0000        +INF             .          
Pacific-Northwest.Mideast          .Butter-Powder        -INF            1.0000        +INF             .          
Pacific-Northwest.California       .Beverage             -INF            1.0000        +INF             .          
Pacific-Northwest.California       .Softs                -INF            1.0000        +INF             .          
Pacific-Northwest.California       .Cheese               -INF            1.0000        +INF             .          
Pacific-Northwest.California       .Butter-Powder        -INF            1.0000        +INF             .          
Pacific-Northwest.Pacific-Northwest.Beverage             -INF            1.0000        +INF             .          
Pacific-Northwest.Pacific-Northwest.Softs                -INF            1.0000        +INF             .          
Pacific-Northwest.Pacific-Northwest.Cheese               -INF            1.0000        +INF             .          
Pacific-Northwest.Pacific-Northwest.Butter-Powder        -INF            1.0000        +INF             .          
Pacific-Northwest.Southwest        .Beverage             -INF            1.0000        +INF             .          
Pacific-Northwest.Southwest        .Softs                -INF            1.0000        +INF             .          
Pacific-Northwest.Southwest        .Cheese               -INF            1.0000        +INF             .          
Pacific-Northwest.Southwest        .Butter-Powder        -INF            1.0000        +INF             .          
Pacific-Northwest.Arizona          .Beverage             -INF            1.0000        +INF             .          
Pacific-Northwest.Arizona          .Softs                -INF            1.0000        +INF             .          
Pacific-Northwest.Arizona          .Cheese               -INF            1.0000        +INF             .          
Pacific-Northwest.Arizona          .Butter-Powder        -INF            1.0000        +INF             .          
Pacific-Northwest.Unregulated      .Beverage             -INF            1.0000        +INF             .          
Pacific-Northwest.Unregulated      .Softs                -INF            1.0000        +INF             .          
Pacific-Northwest.Unregulated      .Cheese               -INF            1.0000        +INF             .          
Pacific-Northwest.Unregulated      .Butter-Powder        -INF            1.0000        +INF             .          
Southwest        .Northeast        .Beverage             -INF            1.0000        +INF             .          
Southwest        .Northeast        .Softs                -INF            1.0000        +INF             .          
Southwest        .Northeast        .Cheese               -INF            1.0000        +INF             .          
Southwest        .Northeast        .Butter-Powder        -INF            1.0000        +INF             .          
Southwest        .Appalachian      .Beverage             -INF            1.0000        +INF             .          
Southwest        .Appalachian      .Softs                -INF            1.0000        +INF             .          
Southwest        .Appalachian      .Cheese               -INF            1.0000        +INF             .          
Southwest        .Appalachian      .Butter-Powder        -INF            1.0000        +INF             .          
Southwest        .Florida          .Beverage             -INF            1.0000        +INF             .          
Southwest        .Florida          .Softs                -INF            1.0000        +INF             .          
Southwest        .Florida          .Cheese               -INF            1.0000        +INF             .          
Southwest        .Florida          .Butter-Powder        -INF            1.0000        +INF             .          
Southwest        .Southeast        .Beverage             -INF            1.0000        +INF             .          
Southwest        .Southeast        .Softs                -INF            1.0000        +INF             .          
Southwest        .Southeast        .Cheese               -INF            1.0000        +INF             .          
Southwest        .Southeast        .Butter-Powder        -INF            1.0000        +INF             .          
Southwest        .Upper-Midwest    .Beverage             -INF            1.0000        +INF             .          
Southwest        .Upper-Midwest    .Softs                -INF            1.0000        +INF             .          
Southwest        .Upper-Midwest    .Cheese               -INF            1.0000        +INF             .          
Southwest        .Upper-Midwest    .Butter-Powder        -INF            1.0000        +INF             .          
Southwest        .Central          .Beverage             -INF            1.0000        +INF             .          
Southwest        .Central          .Softs                -INF            1.0000        +INF             .          
Southwest        .Central          .Cheese               -INF            1.0000        +INF             .          
Southwest        .Central          .Butter-Powder        -INF            1.0000        +INF             .          
Southwest        .Mideast          .Beverage             -INF            1.0000        +INF             .          
Southwest        .Mideast          .Softs                -INF            1.0000        +INF             .          
Southwest        .Mideast          .Cheese               -INF            1.0000        +INF             .          
Southwest        .Mideast          .Butter-Powder        -INF            1.0000        +INF             .          
Southwest        .California       .Beverage             -INF            1.0000        +INF             .          
Southwest        .California       .Softs                -INF            1.0000        +INF             .          
Southwest        .California       .Cheese               -INF            1.0000        +INF             .          
Southwest        .California       .Butter-Powder        -INF            1.0000        +INF             .          
Southwest        .Pacific-Northwest.Beverage             -INF            1.0000        +INF             .          
Southwest        .Pacific-Northwest.Softs                -INF            1.0000        +INF             .          
Southwest        .Pacific-Northwest.Cheese               -INF            1.0000        +INF             .          
Southwest        .Pacific-Northwest.Butter-Powder        -INF            1.0000        +INF             .          
Southwest        .Southwest        .Beverage             -INF            1.0000        +INF             .          
Southwest        .Southwest        .Softs                -INF            1.0000        +INF             .          
Southwest        .Southwest        .Cheese               -INF            1.0000        +INF             .          
Southwest        .Southwest        .Butter-Powder        -INF            1.0000        +INF             .          
Southwest        .Arizona          .Beverage             -INF            1.0000        +INF             .          
Southwest        .Arizona          .Softs                -INF            1.0000        +INF             .          
Southwest        .Arizona          .Cheese               -INF            1.0000        +INF             .          
Southwest        .Arizona          .Butter-Powder        -INF            1.0000        +INF             .          
Southwest        .Unregulated      .Beverage             -INF            1.0000        +INF             .          
Southwest        .Unregulated      .Softs                -INF            1.0000        +INF             .          
Southwest        .Unregulated      .Cheese               -INF            1.0000        +INF             .          
Southwest        .Unregulated      .Butter-Powder        -INF            1.0000        +INF             .          
Arizona          .Northeast        .Beverage             -INF            1.0000        +INF             .          
Arizona          .Northeast        .Softs                -INF            1.0000        +INF             .          
Arizona          .Northeast        .Cheese               -INF            1.0000        +INF             .          
Arizona          .Northeast        .Butter-Powder        -INF            1.0000        +INF             .          
Arizona          .Appalachian      .Beverage             -INF            1.0000        +INF             .          
Arizona          .Appalachian      .Softs                -INF            1.0000        +INF             .          
Arizona          .Appalachian      .Cheese               -INF            1.0000        +INF             .          
Arizona          .Appalachian      .Butter-Powder        -INF            1.0000        +INF             .          
Arizona          .Florida          .Beverage             -INF            1.0000        +INF             .          
Arizona          .Florida          .Softs                -INF            1.0000        +INF             .          
Arizona          .Florida          .Cheese               -INF            1.0000        +INF             .          
Arizona          .Florida          .Butter-Powder        -INF            1.0000        +INF             .          
Arizona          .Southeast        .Beverage             -INF            1.0000        +INF             .          
Arizona          .Southeast        .Softs                -INF            1.0000        +INF             .          
Arizona          .Southeast        .Cheese               -INF            1.0000        +INF             .          
Arizona          .Southeast        .Butter-Powder        -INF            1.0000        +INF             .          
Arizona          .Upper-Midwest    .Beverage             -INF            1.0000        +INF             .          
Arizona          .Upper-Midwest    .Softs                -INF            1.0000        +INF             .          
Arizona          .Upper-Midwest    .Cheese               -INF            1.0000        +INF             .          
Arizona          .Upper-Midwest    .Butter-Powder        -INF            1.0000        +INF             .          
Arizona          .Central          .Beverage             -INF            1.0000        +INF             .          
Arizona          .Central          .Softs                -INF            1.0000        +INF             .          
Arizona          .Central          .Cheese               -INF            1.0000        +INF             .          
Arizona          .Central          .Butter-Powder        -INF            1.0000        +INF             .          
Arizona          .Mideast          .Beverage             -INF            1.0000        +INF             .          
Arizona          .Mideast          .Softs                -INF            1.0000        +INF             .          
Arizona          .Mideast          .Cheese               -INF            1.0000        +INF             .          
Arizona          .Mideast          .Butter-Powder        -INF            1.0000        +INF             .          
Arizona          .California       .Beverage             -INF            1.0000        +INF             .          
Arizona          .California       .Softs                -INF            1.0000        +INF             .          
Arizona          .California       .Cheese               -INF            1.0000        +INF             .          
Arizona          .California       .Butter-Powder        -INF            1.0000        +INF             .          
Arizona          .Pacific-Northwest.Beverage             -INF            1.0000        +INF             .          
Arizona          .Pacific-Northwest.Softs                -INF            1.0000        +INF             .          
Arizona          .Pacific-Northwest.Cheese               -INF            1.0000        +INF             .          
Arizona          .Pacific-Northwest.Butter-Powder        -INF            1.0000        +INF             .          
Arizona          .Southwest        .Beverage             -INF            1.0000        +INF             .          
Arizona          .Southwest        .Softs                -INF            1.0000        +INF             .          
Arizona          .Southwest        .Cheese               -INF            1.0000        +INF             .          
Arizona          .Southwest        .Butter-Powder        -INF            1.0000        +INF             .          
Arizona          .Arizona          .Beverage             -INF            1.0000        +INF             .          
Arizona          .Arizona          .Softs                -INF            1.0000        +INF             .          
Arizona          .Arizona          .Cheese               -INF            1.0000        +INF             .          
Arizona          .Arizona          .Butter-Powder        -INF            1.0000        +INF             .          
Arizona          .Unregulated      .Beverage             -INF            1.0000        +INF             .          
Arizona          .Unregulated      .Softs                -INF            1.0000        +INF             .          
Arizona          .Unregulated      .Cheese               -INF            1.0000        +INF             .          
Arizona          .Unregulated      .Butter-Powder        -INF            1.0000        +INF             .          
Unregulated      .Northeast        .Beverage             -INF            1.0000        +INF             .          
Unregulated      .Northeast        .Softs                -INF            1.0000        +INF             .          
Unregulated      .Northeast        .Cheese               -INF            1.0000        +INF             .          
Unregulated      .Northeast        .Butter-Powder        -INF            1.0000        +INF             .          
Unregulated      .Appalachian      .Beverage             -INF            1.0000        +INF             .          
Unregulated      .Appalachian      .Softs                -INF            1.0000        +INF             .          
Unregulated      .Appalachian      .Cheese               -INF            1.0000        +INF             .          
Unregulated      .Appalachian      .Butter-Powder        -INF            1.0000        +INF             .          
Unregulated      .Florida          .Beverage             -INF            1.0000        +INF             .          
Unregulated      .Florida          .Softs                -INF            1.0000        +INF             .          
Unregulated      .Florida          .Cheese               -INF            1.0000        +INF             .          
Unregulated      .Florida          .Butter-Powder        -INF            1.0000        +INF             .          
Unregulated      .Southeast        .Beverage             -INF            1.0000        +INF             .          
Unregulated      .Southeast        .Softs                -INF            1.0000        +INF             .          
Unregulated      .Southeast        .Cheese               -INF            1.0000        +INF             .          
Unregulated      .Southeast        .Butter-Powder        -INF            1.0000        +INF             .          
Unregulated      .Upper-Midwest    .Beverage             -INF            1.0000        +INF             .          
Unregulated      .Upper-Midwest    .Softs                -INF            1.0000        +INF             .          
Unregulated      .Upper-Midwest    .Cheese               -INF            1.0000        +INF             .          
Unregulated      .Upper-Midwest    .Butter-Powder        -INF            1.0000        +INF             .          
Unregulated      .Central          .Beverage             -INF            1.0000        +INF             .          
Unregulated      .Central          .Softs                -INF            1.0000        +INF             .          
Unregulated      .Central          .Cheese               -INF            1.0000        +INF             .          
Unregulated      .Central          .Butter-Powder        -INF            1.0000        +INF             .          
Unregulated      .Mideast          .Beverage             -INF            1.0000        +INF             .          
Unregulated      .Mideast          .Softs                -INF            1.0000        +INF             .          
Unregulated      .Mideast          .Cheese               -INF            1.0000        +INF             .          
Unregulated      .Mideast          .Butter-Powder        -INF            1.0000        +INF             .          
Unregulated      .California       .Beverage             -INF            1.0000        +INF             .          
Unregulated      .California       .Softs                -INF            1.0000        +INF             .          
Unregulated      .California       .Cheese               -INF            1.0000        +INF             .          
Unregulated      .California       .Butter-Powder        -INF            1.0000        +INF             .          
Unregulated      .Pacific-Northwest.Beverage             -INF            1.0000        +INF             .          
Unregulated      .Pacific-Northwest.Softs                -INF            1.0000        +INF             .          
Unregulated      .Pacific-Northwest.Cheese               -INF            1.0000        +INF             .          
Unregulated      .Pacific-Northwest.Butter-Powder        -INF            1.0000        +INF             .          
Unregulated      .Southwest        .Beverage             -INF            1.0000        +INF             .          
Unregulated      .Southwest        .Softs                -INF            1.0000        +INF             .          
Unregulated      .Southwest        .Cheese               -INF            1.0000        +INF             .          
Unregulated      .Southwest        .Butter-Powder        -INF            1.0000        +INF             .          
Unregulated      .Arizona          .Beverage             -INF            1.0000        +INF             .          
Unregulated      .Arizona          .Softs                -INF            1.0000        +INF             .          
Unregulated      .Arizona          .Cheese               -INF            1.0000        +INF             .          
Unregulated      .Arizona          .Butter-Powder        -INF            1.0000        +INF             .          
Unregulated      .Unregulated      .Beverage             -INF            1.0000        +INF             .          
Unregulated      .Unregulated      .Softs                -INF            1.0000        +INF             .          
Unregulated      .Unregulated      .Cheese               -INF            1.0000        +INF             .          
Unregulated      .Unregulated      .Butter-Powder        -INF            1.0000        +INF             .          
ROW              .Northeast        .Beverage             -INF            1.0000        +INF             .          
ROW              .Northeast        .Softs                -INF            1.0000        +INF             .          
ROW              .Northeast        .Cheese               -INF            1.0000        +INF             .          
ROW              .Northeast        .Butter-Powder        -INF            1.0000        +INF             .          
ROW              .Appalachian      .Beverage             -INF            1.0000        +INF             .          
ROW              .Appalachian      .Softs                -INF            1.0000        +INF             .          
ROW              .Appalachian      .Cheese               -INF            1.0000        +INF             .          
ROW              .Appalachian      .Butter-Powder        -INF            1.0000        +INF             .          
ROW              .Florida          .Beverage             -INF            1.0000        +INF             .          
ROW              .Florida          .Softs                -INF            1.0000        +INF             .          
ROW              .Florida          .Cheese               -INF            1.0000        +INF             .          
ROW              .Florida          .Butter-Powder        -INF            1.0000        +INF             .          
ROW              .Southeast        .Beverage             -INF            1.0000        +INF             .          
ROW              .Southeast        .Softs                -INF            1.0000        +INF             .          
ROW              .Southeast        .Cheese               -INF            1.0000        +INF             .          
ROW              .Southeast        .Butter-Powder        -INF            1.0000        +INF             .          
ROW              .Upper-Midwest    .Beverage             -INF            1.0000        +INF             .          
ROW              .Upper-Midwest    .Softs                -INF            1.0000        +INF             .          
ROW              .Upper-Midwest    .Cheese               -INF            1.0000        +INF             .          
ROW              .Upper-Midwest    .Butter-Powder        -INF            1.0000        +INF             .          
ROW              .Central          .Beverage             -INF            1.0000        +INF             .          
ROW              .Central          .Softs                -INF            1.0000        +INF             .          
ROW              .Central          .Cheese               -INF            1.0000        +INF             .          
ROW              .Central          .Butter-Powder        -INF            1.0000        +INF             .          
ROW              .Mideast          .Beverage             -INF            1.0000        +INF             .          
ROW              .Mideast          .Softs                -INF            1.0000        +INF             .          
ROW              .Mideast          .Cheese               -INF            1.0000        +INF             .          
ROW              .Mideast          .Butter-Powder        -INF            1.0000        +INF             .          
ROW              .California       .Beverage             -INF            1.0000        +INF             .          
ROW              .California       .Softs                -INF            1.0000        +INF             .          
ROW              .California       .Cheese               -INF            1.0000        +INF             .          
ROW              .California       .Butter-Powder        -INF            1.0000        +INF             .          
ROW              .Pacific-Northwest.Beverage             -INF            1.0000        +INF             .          
ROW              .Pacific-Northwest.Softs                -INF            1.0000        +INF             .          
ROW              .Pacific-Northwest.Cheese               -INF            1.0000        +INF             .          
ROW              .Pacific-Northwest.Butter-Powder        -INF            1.0000        +INF             .          
ROW              .Southwest        .Beverage             -INF            1.0000        +INF             .          
ROW              .Southwest        .Softs                -INF            1.0000        +INF             .          
ROW              .Southwest        .Cheese               -INF            1.0000        +INF             .          
ROW              .Southwest        .Butter-Powder        -INF            1.0000        +INF             .          
ROW              .Arizona          .Beverage             -INF            1.0000        +INF             .          
ROW              .Arizona          .Softs                -INF            1.0000        +INF             .          
ROW              .Arizona          .Cheese               -INF            1.0000        +INF             .          
ROW              .Arizona          .Butter-Powder        -INF            1.0000        +INF             .          
ROW              .Unregulated      .Beverage             -INF            1.0000        +INF             .          
ROW              .Unregulated      .Softs                -INF            1.0000        +INF             .          
ROW              .Unregulated      .Cheese               -INF            1.0000        +INF             .          
ROW              .Unregulated      .Butter-Powder        -INF            1.0000        +INF             .          

---- VAR C0  relative change in foreign demand for product N from origin DOMI

                                       LOWER          LEVEL          UPPER         MARGINAL

Northeast        .Softs                -INF            1.0000        +INF             .          
Northeast        .Cheese               -INF            1.0000        +INF             .          
Northeast        .Butter-Powder        -INF            1.0000        +INF             .          
Appalachian      .Softs                -INF            1.0000        +INF             .          
Appalachian      .Cheese               -INF            1.0000        +INF             .          
Appalachian      .Butter-Powder        -INF            1.0000        +INF             .          
Florida          .Softs                -INF            1.0000        +INF             .          
Florida          .Cheese               -INF            1.0000        +INF             .          
Florida          .Butter-Powder        -INF            1.0000        +INF             .          
Southeast        .Softs                -INF            1.0000        +INF             .          
Southeast        .Cheese               -INF            1.0000        +INF             .          
Southeast        .Butter-Powder        -INF            1.0000        +INF             .          
Upper-Midwest    .Softs                -INF            1.0000        +INF             .          
Upper-Midwest    .Cheese               -INF            1.0000        +INF             .          
Upper-Midwest    .Butter-Powder        -INF            1.0000        +INF             .          
Central          .Softs                -INF            1.0000        +INF             .          
Central          .Cheese               -INF            1.0000        +INF             .          
Central          .Butter-Powder        -INF            1.0000        +INF             .          
Mideast          .Softs                -INF            1.0000        +INF             .          
Mideast          .Cheese               -INF            1.0000        +INF             .          
Mideast          .Butter-Powder        -INF            1.0000        +INF             .          
California       .Softs                -INF            1.0000        +INF             .          
California       .Cheese               -INF            1.0000        +INF             .          
California       .Butter-Powder        -INF            1.0000        +INF             .          
Pacific-Northwest.Softs                -INF            1.0000        +INF             .          
Pacific-Northwest.Cheese               -INF            1.0000        +INF             .          
Pacific-Northwest.Butter-Powder        -INF            1.0000        +INF             .          
Southwest        .Softs                -INF            1.0000        +INF             .          
Southwest        .Cheese               -INF            1.0000        +INF             .          
Southwest        .Butter-Powder        -INF            1.0000        +INF             .          
Arizona          .Softs                -INF            1.0000        +INF             .          
Arizona          .Cheese               -INF            1.0000        +INF             .          
Arizona          .Butter-Powder        -INF            1.0000        +INF             .          
Unregulated      .Softs                -INF            1.0000        +INF             .          
Unregulated      .Cheese               -INF            1.0000        +INF             .          
Unregulated      .Butter-Powder        -INF            1.0000        +INF             .          

---- VAR PINDEX1  relative change in dairy product price index in region DOMJ

                         LOWER          LEVEL          UPPER         MARGINAL

Northeast                  .             1.0000        +INF             .          
Appalachian                .             1.0000        +INF             .          
Florida                    .             1.0000        +INF             .          
Southeast                  .             1.0000        +INF             .          
Upper-Midwest              .             1.0000        +INF             .          
Central                    .             1.0000        +INF             .          
Mideast                    .             1.0000        +INF             .          
California                 .             1.0000        +INF             .          
Pacific-Northwest          .             1.0000        +INF             .          
Southwest                  .             1.0000        +INF             .          
Arizona                    .             1.0000        +INF             .          
Unregulated                .             1.0000        +INF             .          

---- VAR PINDEX2  relative change in price of product N in region DOMJ

                                       LOWER          LEVEL          UPPER         MARGINAL

Northeast        .Beverage               .             1.0000        +INF             .          
Northeast        .Softs                  .             1.0000        +INF             .          
Northeast        .Cheese                 .             1.0000        +INF             .          
Northeast        .Butter-Powder          .             1.0000        +INF             .          
Appalachian      .Beverage               .             1.0000        +INF             .          
Appalachian      .Softs                  .             1.0000        +INF             .          
Appalachian      .Cheese                 .             1.0000        +INF             .          
Appalachian      .Butter-Powder          .             1.0000        +INF             .          
Florida          .Beverage               .             1.0000        +INF             .          
Florida          .Softs                  .             1.0000        +INF             .          
Florida          .Cheese                 .             1.0000        +INF             .          
Florida          .Butter-Powder          .             1.0000        +INF             .          
Southeast        .Beverage               .             1.0000        +INF             .          
Southeast        .Softs                  .             1.0000        +INF             .          
Southeast        .Cheese                 .             1.0000        +INF             .          
Southeast        .Butter-Powder          .             1.0000        +INF             .          
Upper-Midwest    .Beverage               .             1.0000        +INF             .          
Upper-Midwest    .Softs                  .             1.0000        +INF             .          
Upper-Midwest    .Cheese                 .             1.0000        +INF             .          
Upper-Midwest    .Butter-Powder          .             1.0000        +INF             .          
Central          .Beverage               .             1.0000        +INF             .          
Central          .Softs                  .             1.0000        +INF             .          
Central          .Cheese                 .             1.0000        +INF             .          
Central          .Butter-Powder          .             1.0000        +INF             .          
Mideast          .Beverage               .             1.0000        +INF             .          
Mideast          .Softs                  .             1.0000        +INF             .          
Mideast          .Cheese                 .             1.0000        +INF             .          
Mideast          .Butter-Powder          .             1.0000        +INF             .          
California       .Beverage               .             1.0000        +INF             .          
California       .Softs                  .             1.0000        +INF             .          
California       .Cheese                 .             1.0000        +INF             .          
California       .Butter-Powder          .             1.0000        +INF             .          
Pacific-Northwest.Beverage               .             1.0000        +INF             .          
Pacific-Northwest.Softs                  .             1.0000        +INF             .          
Pacific-Northwest.Cheese                 .             1.0000        +INF             .          
Pacific-Northwest.Butter-Powder          .             1.0000        +INF             .          
Southwest        .Beverage               .             1.0000        +INF             .          
Southwest        .Softs                  .             1.0000        +INF             .          
Southwest        .Cheese                 .             1.0000        +INF             .          
Southwest        .Butter-Powder          .             1.0000        +INF             .          
Arizona          .Beverage               .             1.0000        +INF             .          
Arizona          .Softs                  .             1.0000        +INF             .          
Arizona          .Cheese                 .             1.0000        +INF             .          
Arizona          .Butter-Powder          .             1.0000        +INF             .          
Unregulated      .Beverage               .             1.0000        +INF             .          
Unregulated      .Softs                  .             1.0000        +INF             .          
Unregulated      .Cheese                 .             1.0000        +INF             .          
Unregulated      .Butter-Powder          .             1.0000        +INF             .          

                           LOWER          LEVEL          UPPER         MARGINAL

---- VAR PINDEX10            .             1.0000        +INF             .          

  PINDEX10  relative change in foreign price index for dairy products

---- VAR PINDEX20  relative change in foreign price of product SUBN

                     LOWER          LEVEL          UPPER         MARGINAL

Softs                  .             1.0000        +INF             .          
Cheese                 .             1.0000        +INF             .          
Butter-Powder          .             1.0000        +INF             .          

---- VAR Q  relative change in production of product N in region DOMI

                                       LOWER          LEVEL          UPPER         MARGINAL

Northeast        .Beverage             -INF            1.0000        +INF             .          
Northeast        .Softs                -INF            1.0000        +INF             .          
Northeast        .Cheese               -INF            1.0000        +INF             .          
Northeast        .Butter-Powder        -INF            1.0000        +INF             .          
Appalachian      .Beverage             -INF            1.0000        +INF             .          
Appalachian      .Softs                -INF            1.0000        +INF             .          
Appalachian      .Cheese               -INF            1.0000        +INF             .          
Appalachian      .Butter-Powder        -INF            1.0000        +INF             .          
Florida          .Beverage             -INF            1.0000        +INF             .          
Florida          .Softs                -INF            1.0000        +INF             .          
Florida          .Cheese               -INF            1.0000        +INF             .          
Florida          .Butter-Powder        -INF            1.0000        +INF             .          
Southeast        .Beverage             -INF            0.9999        +INF             .          
Southeast        .Softs                -INF            1.0000        +INF             .          
Southeast        .Cheese               -INF            1.0000        +INF             .          
Southeast        .Butter-Powder        -INF            1.0000        +INF             .          
Upper-Midwest    .Beverage             -INF            1.0000        +INF             .          
Upper-Midwest    .Softs                -INF            1.0000        +INF             .          
Upper-Midwest    .Cheese               -INF            1.0000        +INF             .          
Upper-Midwest    .Butter-Powder        -INF            1.0000        +INF             .          
Central          .Beverage             -INF            1.0000        +INF             .          
Central          .Softs                -INF            1.0000        +INF             .          
Central          .Cheese               -INF            1.0000        +INF             .          
Central          .Butter-Powder        -INF            1.0000        +INF             .          
Mideast          .Beverage             -INF            1.0000        +INF             .          
Mideast          .Softs                -INF            1.0000        +INF             .          
Mideast          .Cheese               -INF            1.0000        +INF             .          
Mideast          .Butter-Powder        -INF            1.0000        +INF             .          
California       .Beverage             -INF            1.0000        +INF             .          
California       .Softs                -INF            1.0000        +INF             .          
California       .Cheese               -INF            1.0000        +INF             .          
California       .Butter-Powder        -INF            1.0000        +INF             .          
Pacific-Northwest.Beverage             -INF            1.0000        +INF             .          
Pacific-Northwest.Softs                -INF            1.0000        +INF             .          
Pacific-Northwest.Cheese               -INF            1.0000        +INF             .          
Pacific-Northwest.Butter-Powder        -INF            1.0000        +INF             .          
Southwest        .Beverage             -INF            1.0000        +INF             .          
Southwest        .Softs                -INF            1.0000        +INF             .          
Southwest        .Cheese               -INF            1.0000        +INF             .          
Southwest        .Butter-Powder        -INF            1.0000        +INF             .          
Arizona          .Beverage             -INF            1.0000        +INF             .          
Arizona          .Softs                -INF            1.0000        +INF             .          
Arizona          .Cheese               -INF            1.0000        +INF             .          
Arizona          .Butter-Powder        -INF            1.0000        +INF             .          
Unregulated      .Beverage             -INF            1.0000        +INF             .          
Unregulated      .Softs                -INF            1.0000        +INF             .          
Unregulated      .Cheese               -INF            1.0000        +INF             .          
Unregulated      .Butter-Powder        -INF            1.0000        +INF             .          

---- VAR P  relative change in producer price of product N in region I

                                       LOWER          LEVEL          UPPER         MARGINAL

Northeast        .Beverage               .             1.0000        +INF             .          
Northeast        .Softs                  .             1.0000        +INF             .          
Northeast        .Cheese                 .             1.0000        +INF             .          
Northeast        .Butter-Powder          .             1.0000        +INF             .          
Appalachian      .Beverage               .             1.0000        +INF             .          
Appalachian      .Softs                  .             1.0000        +INF             .          
Appalachian      .Cheese                 .             1.0000        +INF             .          
Appalachian      .Butter-Powder          .             1.0000        +INF             .          
Florida          .Beverage               .             1.0000        +INF             .          
Florida          .Softs                  .             1.0000        +INF             .          
Florida          .Cheese                 .             1.0000        +INF             .          
Florida          .Butter-Powder          .             1.0000        +INF             .          
Southeast        .Beverage               .             1.0000        +INF             .          
Southeast        .Softs                  .             1.0000        +INF             .          
Southeast        .Cheese                 .             1.0000        +INF             .          
Southeast        .Butter-Powder          .             1.0000        +INF             .          
Upper-Midwest    .Beverage               .             1.0000        +INF             .          
Upper-Midwest    .Softs                  .             1.0000        +INF             .          
Upper-Midwest    .Cheese                 .             1.0000        +INF             .          
Upper-Midwest    .Butter-Powder          .             1.0000        +INF             .          
Central          .Beverage               .             1.0000        +INF             .          
Central          .Softs                  .             1.0000        +INF             .          
Central          .Cheese                 .             1.0000        +INF             .          
Central          .Butter-Powder          .             1.0000        +INF             .          
Mideast          .Beverage               .             1.0000        +INF             .          
Mideast          .Softs                  .             1.0000        +INF             .          
Mideast          .Cheese                 .             1.0000        +INF             .          
Mideast          .Butter-Powder          .             1.0000        +INF             .          
California       .Beverage               .             1.0000        +INF             .          
California       .Softs                  .             1.0000        +INF             .          
California       .Cheese                 .             1.0000        +INF             .          
California       .Butter-Powder          .             1.0000        +INF             .          
Pacific-Northwest.Beverage               .             1.0000        +INF             .          
Pacific-Northwest.Softs                  .             1.0000        +INF             .          
Pacific-Northwest.Cheese                 .             1.0000        +INF             .          
Pacific-Northwest.Butter-Powder          .             1.0000        +INF             .          
Southwest        .Beverage               .             1.0000        +INF             .          
Southwest        .Softs                  .             1.0000        +INF             .          
Southwest        .Cheese                 .             1.0000        +INF             .          
Southwest        .Butter-Powder          .             1.0000        +INF             .          
Arizona          .Beverage               .             1.0000        +INF             .          
Arizona          .Softs                  .             1.0000        +INF             .          
Arizona          .Cheese                 .             1.0000        +INF             .          
Arizona          .Butter-Powder          .             1.0000        +INF             .          
Unregulated      .Beverage               .             1.0000        +INF             .          
Unregulated      .Softs                  .             1.0000        +INF             .          
Unregulated      .Cheese                 .             1.0000        +INF             .          
Unregulated      .Butter-Powder          .             1.0000        +INF             .          
ROW              .Beverage              1.0000         1.0000         1.0000         EPS         
ROW              .Softs                 1.0000         1.0000         1.0000         EPS         
ROW              .Cheese                1.0000         1.0000         1.0000         EPS         
ROW              .Butter-Powder         1.0000         1.0000         1.0000         EPS         

                           LOWER          LEVEL          UPPER         MARGINAL

---- VAR OBJ               -INF            1.0000        +INF             .          

  OBJ  constant objective variable for optimization algorithm


**** REPORT SUMMARY :        0     NONOPT
                             0 INFEASIBLE
                             0  UNBOUNDED
                             0     ERRORS
GAMS 54.2.1  d9889eb3 Jul 13, 2026          DAX-DAC arm 64bit/macOS - 08/12/26 09:47:57 Page 7
GAMS CODE FOR "THE GEOGRAPHIC FOOTPRINT OF U.S. DAIRY POLICY," QUANTITATIVE ECONOMICS
Equation Listing    SOLVE COMPDEMAND Using NLP From line 1807


---- EQ1  =E=  domestic consumer demand in region DOMJ for dairy products from region I

EQ1(Northeast,Northeast,Beverage)..  C(Northeast,Northeast,Beverage) - (0.3)*PINDEX1(Northeast) - (2)*PINDEX2(Northeast,Beverage) + (2.5)*P(Northeast,Beverage) =E= 0 ; (LHS = 0)
     
EQ1(Northeast,Northeast,Softs)..  C(Northeast,Northeast,Softs) - (0.3)*PINDEX1(Northeast) - (3.5)*PINDEX2(Northeast,Softs) + (4)*P(Northeast,Softs) =E= 0 ; (LHS = 0)
     
EQ1(Northeast,Northeast,Cheese)..  C(Northeast,Northeast,Cheese) - (0.3)*PINDEX1(Northeast) - (3.5)*PINDEX2(Northeast,Cheese) + (4)*P(Northeast,Cheese) =E= 0 ; (LHS = 0)
     
REMAINING 621 ENTRIES SKIPPED


---- EQ2  =E=  foreign consumer demand for US regional dairy products

EQ2(Northeast,Softs)..  C0(Northeast,Softs) - (0.5)*PINDEX10 - (6.2)*PINDEX20(Softs) + (8)*P(Northeast,Softs) =E= 0 ; (LHS = 0)
     
EQ2(Northeast,Cheese)..  C0(Northeast,Cheese) - (0.5)*PINDEX10 - (6.2)*PINDEX20(Cheese) + (8)*P(Northeast,Cheese) =E= 0 ; (LHS = 0)
     
EQ2(Northeast,Butter-Powder)..  C0(Northeast,Butter-Powder) - (0.5)*PINDEX10 - (8.2)*PINDEX20(Butter-Powder) + (10)*P(Northeast,Butter-Powder) =E= 0 ; (LHS = 0)
     
REMAINING 33 ENTRIES SKIPPED


---- EQ3  =E=  definition of region DOMJ dairy product price index

EQ3(Northeast)..  PINDEX1(Northeast) - (0.24675823174585)*PINDEX2(Northeast,Beverage) - (0.369375695568235)*PINDEX2(Northeast,Softs) - (0.284563345832431)*PINDEX2(Northeast,Cheese) - (0.0993027268534856)*PINDEX2(Northeast,Butter-Powder) =E= 0 ; (LHS = 0)
     
EQ3(Appalachian)..  PINDEX1(Appalachian) - (0.289725322691852)*PINDEX2(Appalachian,Beverage) - (0.314378390851904)*PINDEX2(Appalachian,Softs) - (0.254554644478508)*PINDEX2(Appalachian,Cheese) - (0.141341641977737)*PINDEX2(Appalachian,Butter-Powder) =E= 0 ; (LHS = 0)
     
EQ3(Florida)..  PINDEX1(Florida) - (0.468749591058235)*PINDEX2(Florida,Beverage) - (0.193399921267732)*PINDEX2(Florida,Softs) - (0.26963903730746)*PINDEX2(Florida,Cheese) - (0.0682114503665725)*PINDEX2(Florida,Butter-Powder) =E= 0 ; (LHS = 0)
     
REMAINING 9 ENTRIES SKIPPED


---- EQ4  =E=  definition of region DOMJ price index for product N

EQ4(Northeast,Beverage)..  PINDEX2(Northeast,Beverage) - (0.794352638855325)*P(Northeast,Beverage) - (0.0447387524231041)*P(Appalachian,Beverage) - (0.00965849106029156)*P(Florida,Beverage) - (0.00825807851749739)*P(Southeast,Beverage) - (0.0139814348655846)*P(Upper-Midwest,Beverage) - (0.0289443512979822)*P(Central,Beverage) - (0.0466563166718455)*P(Mideast,Beverage) - (0.0125884724113748)*P(California,Beverage) - (0.0131281678556238)*P(Pacific-Northwest,Beverage) - (0.0179771489494811)*P(Southwest,Beverage) - (0.00312464188185102)*P(Arizona,Beverage) - (0.0063044685515737)*P(Unregulated,Beverage) - (0.000287036658464304)*P(ROW,Beverage) =E= 0 ; (LHS = 0)
     
EQ4(Northeast,Softs)..  PINDEX2(Northeast,Softs) - (0.609903631894997)*P(Northeast,Softs) - (0.0159869338424502)*P(Appalachian,Softs) - (0.00217687738242106)*P(Florida,Softs) - (0.00254288069474904)*P(Southeast,Softs) - (0.0321761881743595)*P(Upper-Midwest,Softs) - (0.0412666809203598)*P(Central,Softs) - (0.24454086919435)*P(Mideast,Softs) - (0.0115496940230726)*P(California,Softs) - (0.00227270377478237)*P(Pacific-Northwest,Softs) - (0.0114504353634063)*P(Southwest,Softs) - (0.00169466850579308)*P(Arizona,Softs) - (0.0139276615627646)*P(Unregulated,Softs) - (0.0105107746664942)*P(ROW,Softs) =E= 0 ; (LHS = 0)
     
EQ4(Northeast,Cheese)..  PINDEX2(Northeast,Cheese) - (0.556844301674043)*P(Northeast,Cheese) - (0.00426870474921141)*P(Appalachian,Cheese) - (0.00207774438805753)*P(Florida,Cheese) - (0.00109568052056707)*P(Southeast,Cheese) - (0.140154014898437)*P(Upper-Midwest,Cheese) - (0.0449413640282396)*P(Central,Cheese) - (0.0654805084912523)*P(Mideast,Cheese) - (0.0409520952832567)*P(California,Cheese) - (0.0103192763518827)*P(Pacific-Northwest,Cheese) - (0.0151841976977415)*P(Southwest,Cheese) - (0.00353908683926618)*P(Arizona,Cheese) - (0.0306356539440691)*P(Unregulated,Cheese) - (0.0845073711339766)*P(ROW,Cheese) =E= 0 ; (LHS = 0)
     
REMAINING 45 ENTRIES SKIPPED


---- EQ5  =E=  definition of foreign dairy product price index

EQ5..  PINDEX10 - (0.176281753003001)*PINDEX20(Softs) - (0.471878872756067)*PINDEX20(Cheese) - (0.351839374240931)*PINDEX20(Butter-Powder) =E= 0 ; (LHS = 0)
     

---- EQ6  =E=  definition of foreign price index for product N

EQ6(Softs)..  PINDEX20(Softs) - (0.21185303201962)*P(Northeast,Softs) - (0.0577587020737929)*P(Appalachian,Softs) - (0.0526957374806717)*P(Florida,Softs) - (0.0428369233660385)*P(Southeast,Softs) - (0.0796760306371085)*P(Upper-Midwest,Softs) - (0.11973943383975)*P(Central,Softs) - (0.199159719161657)*P(Mideast,Softs) - (0.109938571423707)*P(California,Softs) - (0.0255272683962069)*P(Pacific-Northwest,Softs) - (0.0646813494655297)*P(Southwest,Softs) - (0.0235795401855904)*P(Arizona,Softs) - (0.0125536919503268)*P(Unregulated,Softs) =E= 0 ; (LHS = 0)
     
EQ6(Cheese)..  PINDEX20(Cheese) - (0.0766540004672471)*P(Northeast,Cheese) - (0.0145525533760702)*P(Appalachian,Cheese) - (0.0561889024874473)*P(Florida,Cheese) - (0.00677034506162829)*P(Southeast,Cheese) - (0.167532072164993)*P(Upper-Midwest,Cheese) - (0.0855383963980723)*P(Central,Cheese) - (0.0295444110130319)*P(Mideast,Cheese) - (0.330581947609173)*P(California,Cheese) - (0.0492777718420943)*P(Pacific-Northwest,Cheese) - (0.0799845271509775)*P(Southwest,Cheese) - (0.00601885323305417)*P(Arizona,Cheese) - (0.0973562191962109)*P(Unregulated,Cheese) =E= 0 ; (LHS = 0)
     
EQ6(Butter-Powder)..  PINDEX20(Butter-Powder) - (0.0529849908093177)*P(Northeast,Butter-Powder) - (0.0162842442404841)*P(Appalachian,Butter-Powder) - (0.0541961034976644)*P(Florida,Butter-Powder) - (0.00158953528624292)*P(Southeast,Butter-Powder) - (0.0900371107236857)*P(Upper-Midwest,Butter-Powder) - (0.100341984128239)*P(Central,Butter-Powder) - (0.0101742056961099)*P(Mideast,Butter-Powder) - (0.378681962058392)*P(California,Butter-Powder) - (0.121617155918956)*P(Pacific-Northwest,Butter-Powder) - (0.0945981052120954)*P(Southwest,Butter-Powder) - (0.0197107123623539)*P(Arizona,Butter-Powder) - (0.059783890066459)*P(Unregulated,Butter-Powder) =E= 0 ; (LHS = 0)
     

---- EQ7  =E=  dairy product market clearing

EQ7(Northeast,Beverage)..  - 0.786793109071197*C(Northeast,Northeast,Beverage) - 0.0518658018099528*C(Northeast,Appalachian,Beverage) - 0.0157614012833185*C(Northeast,Florida,Beverage) - 0.0301098428393148*C(Northeast,Southeast,Beverage) - 0.00979850100111836*C(Northeast,Upper-Midwest,Beverage) - 0.033320390446923*C(Northeast,Central,Beverage) - 0.027648324423947*C(Northeast,Mideast,Beverage) - 0.00908376723955732*C(Northeast,California,Beverage) - 0.00741336392843791*C(Northeast,Pacific-Northwest,Beverage) - 0.0194144327201721*C(Northeast,Southwest,Beverage) - 0.00250939452788024*C(Northeast,Arizona,Beverage) - 0.00628167070818092*C(Northeast,Unregulated,Beverage) + Q(Northeast,Beverage) =E= 0 ; (LHS = 0)
     
EQ7(Northeast,Softs)..  - 0.709078190290326*C(Northeast,Northeast,Softs) - 0.0511574922635477*C(Northeast,Appalachian,Softs) - 0.0154097826248743*C(Northeast,Florida,Softs) - 0.0183419022373236*C(Northeast,Southeast,Softs) - 0.0187358282059508*C(Northeast,Upper-Midwest,Softs) - 0.0607097319249804*C(Northeast,Central,Softs) - 0.0467282049576684*C(Northeast,Mideast,Softs) - 0.0189903255554335*C(Northeast,California,Softs) - 0.00469907158192011*C(Northeast,Pacific-Northwest,Softs) - 0.0313711003786776*C(Northeast,Southwest,Softs) - 0.00326927407416365*C(Northeast,Arizona,Softs) - 0.00819061032342025*C(Northeast,Unregulated,Softs) - 0.0133184855817139*C0(Northeast,Softs) + Q(Northeast,Softs) =E= 0 ; (LHS = 0)
     
EQ7(Northeast,Cheese)..  - 0.693733649805413*C(Northeast,Northeast,Cheese) - 0.0415221080827172*C(Northeast,Appalachian,Cheese) - 0.0213832642349401*C(Northeast,Florida,Cheese) - 0.0173718547730165*C(Northeast,Southeast,Cheese) - 0.0685604014303773*C(Northeast,Upper-Midwest,Cheese) - 0.0383227112565743*C(Northeast,Central,Cheese) - 0.0552226600736926*C(Northeast,Mideast,Cheese) - 0.0102889045190845*C(Northeast,California,Cheese) - 0.00459376028743111*C(Northeast,Pacific-Northwest,Cheese) - 0.0174794584008063*C(Northeast,Southwest,Cheese) - 0.00225745393736262*C(Northeast,Arizona,Cheese) - 0.0113208338607315*C(Northeast,Unregulated,Cheese) - 0.017942939337853*C0(Northeast,Cheese) + Q(Northeast,Cheese) =E= 0 ; (LHS = 0)
     
REMAINING 45 ENTRIES SKIPPED


---- EQ10EX  =E=  EQ10 with exogenous VINDEX (for MODEL COMPDEMAND)

EQ10EX(Northeast,Beverage)..  P(Northeast,Beverage) =E= 1 ; (LHS = 1)
     
EQ10EX(Northeast,Softs)..  P(Northeast,Softs) =E= 1.00001026179843 ; (LHS = 1, INFES = 1.02617984294451E-5 ****)
     
EQ10EX(Northeast,Cheese)..  P(Northeast,Cheese) =E= 1.00001249967622 ; (LHS = 1, INFES = 1.24996762238538E-5 ****)
     
REMAINING 45 ENTRIES SKIPPED


---- EQ21  =E=  objective function

EQ21..  OBJ =E= 1 ; (LHS = 1)
     
GAMS 54.2.1  d9889eb3 Jul 13, 2026          DAX-DAC arm 64bit/macOS - 08/12/26 09:47:57 Page 8
GAMS CODE FOR "THE GEOGRAPHIC FOOTPRINT OF U.S. DAIRY POLICY," QUANTITATIVE ECONOMICS
Column Listing      SOLVE COMPDEMAND Using NLP From line 1807


---- C  relative change in region DOMJ demand for product N from origin I

C(Northeast,Northeast,Beverage)
                (.LO, .L, .UP, .M = -INF, 1, +INF, 0)
        1       EQ1(Northeast,Northeast,Beverage)
       -0.7868  EQ7(Northeast,Beverage)

C(Northeast,Northeast,Softs)
                (.LO, .L, .UP, .M = -INF, 1, +INF, 0)
        1       EQ1(Northeast,Northeast,Softs)
       -0.7091  EQ7(Northeast,Softs)

C(Northeast,Northeast,Cheese)
                (.LO, .L, .UP, .M = -INF, 1, +INF, 0)
        1       EQ1(Northeast,Northeast,Cheese)
       -0.6937  EQ7(Northeast,Cheese)

REMAINING 621 ENTRIES SKIPPED

---- C0  relative change in foreign demand for product N from origin DOMI

C0(Northeast,Softs)
                (.LO, .L, .UP, .M = -INF, 1, +INF, 0)
        1       EQ2(Northeast,Softs)
       -0.0133  EQ7(Northeast,Softs)

C0(Northeast,Cheese)
                (.LO, .L, .UP, .M = -INF, 1, +INF, 0)
        1       EQ2(Northeast,Cheese)
       -0.0179  EQ7(Northeast,Cheese)

C0(Northeast,Butter-Powder)
                (.LO, .L, .UP, .M = -INF, 1, +INF, 0)
        1       EQ2(Northeast,Butter-Powder)
       -0.0219  EQ7(Northeast,Butter-Powder)

REMAINING 33 ENTRIES SKIPPED

---- PINDEX1  relative change in dairy product price index in region DOMJ

PINDEX1(Northeast)
                (.LO, .L, .UP, .M = 0, 1, +INF, 0)
      (-0.3)    EQ1(Northeast,Northeast,Beverage)
      (-0.3)    EQ1(Northeast,Northeast,Softs)
      (-0.3)    EQ1(Northeast,Northeast,Cheese)
      (-0.3)    EQ1(Northeast,Northeast,Butter-Powder)
      (-0.3)    EQ1(Appalachian,Northeast,Beverage)
      (-0.3)    EQ1(Appalachian,Northeast,Softs)
      (-0.3)    EQ1(Appalachian,Northeast,Cheese)
      (-0.3)    EQ1(Appalachian,Northeast,Butter-Powder)
      (-0.3)    EQ1(Florida,Northeast,Beverage)
      (-0.3)    EQ1(Florida,Northeast,Softs)
      (-0.3)    EQ1(Florida,Northeast,Cheese)
      (-0.3)    EQ1(Florida,Northeast,Butter-Powder)
      (-0.3)    EQ1(Southeast,Northeast,Beverage)
      (-0.3)    EQ1(Southeast,Northeast,Softs)
      (-0.3)    EQ1(Southeast,Northeast,Cheese)
      (-0.3)    EQ1(Southeast,Northeast,Butter-Powder)
      (-0.3)    EQ1(Upper-Midwest,Northeast,Beverage)
      (-0.3)    EQ1(Upper-Midwest,Northeast,Softs)
      (-0.3)    EQ1(Upper-Midwest,Northeast,Cheese)
      (-0.3)    EQ1(Upper-Midwest,Northeast,Butter-Powder)
      (-0.3)    EQ1(Central,Northeast,Beverage)
      (-0.3)    EQ1(Central,Northeast,Softs)
      (-0.3)    EQ1(Central,Northeast,Cheese)
      (-0.3)    EQ1(Central,Northeast,Butter-Powder)
      (-0.3)    EQ1(Mideast,Northeast,Beverage)
      (-0.3)    EQ1(Mideast,Northeast,Softs)
      (-0.3)    EQ1(Mideast,Northeast,Cheese)
      (-0.3)    EQ1(Mideast,Northeast,Butter-Powder)
      (-0.3)    EQ1(California,Northeast,Beverage)
      (-0.3)    EQ1(California,Northeast,Softs)
      (-0.3)    EQ1(California,Northeast,Cheese)
      (-0.3)    EQ1(California,Northeast,Butter-Powder)
      (-0.3)    EQ1(Pacific-Northwest,Northeast,Beverage)
      (-0.3)    EQ1(Pacific-Northwest,Northeast,Softs)
      (-0.3)    EQ1(Pacific-Northwest,Northeast,Cheese)
      (-0.3)    EQ1(Pacific-Northwest,Northeast,Butter-Powder)
      (-0.3)    EQ1(Southwest,Northeast,Beverage)
      (-0.3)    EQ1(Southwest,Northeast,Softs)
      (-0.3)    EQ1(Southwest,Northeast,Cheese)
      (-0.3)    EQ1(Southwest,Northeast,Butter-Powder)
      (-0.3)    EQ1(Arizona,Northeast,Beverage)
      (-0.3)    EQ1(Arizona,Northeast,Softs)
      (-0.3)    EQ1(Arizona,Northeast,Cheese)
      (-0.3)    EQ1(Arizona,Northeast,Butter-Powder)
      (-0.3)    EQ1(Unregulated,Northeast,Beverage)
      (-0.3)    EQ1(Unregulated,Northeast,Softs)
      (-0.3)    EQ1(Unregulated,Northeast,Cheese)
      (-0.3)    EQ1(Unregulated,Northeast,Butter-Powder)
      (-0.3)    EQ1(ROW,Northeast,Beverage)
      (-0.3)    EQ1(ROW,Northeast,Softs)
      (-0.3)    EQ1(ROW,Northeast,Cheese)
      (-0.3)    EQ1(ROW,Northeast,Butter-Powder)
        1       EQ3(Northeast)

PINDEX1(Appalachian)
                (.LO, .L, .UP, .M = 0, 1, +INF, 0)
      (-0.3)    EQ1(Northeast,Appalachian,Beverage)
      (-0.3)    EQ1(Northeast,Appalachian,Softs)
      (-0.3)    EQ1(Northeast,Appalachian,Cheese)
      (-0.3)    EQ1(Northeast,Appalachian,Butter-Powder)
      (-0.3)    EQ1(Appalachian,Appalachian,Beverage)
      (-0.3)    EQ1(Appalachian,Appalachian,Softs)
      (-0.3)    EQ1(Appalachian,Appalachian,Cheese)
      (-0.3)    EQ1(Appalachian,Appalachian,Butter-Powder)
      (-0.3)    EQ1(Florida,Appalachian,Beverage)
      (-0.3)    EQ1(Florida,Appalachian,Softs)
      (-0.3)    EQ1(Florida,Appalachian,Cheese)
      (-0.3)    EQ1(Florida,Appalachian,Butter-Powder)
      (-0.3)    EQ1(Southeast,Appalachian,Beverage)
      (-0.3)    EQ1(Southeast,Appalachian,Softs)
      (-0.3)    EQ1(Southeast,Appalachian,Cheese)
      (-0.3)    EQ1(Southeast,Appalachian,Butter-Powder)
      (-0.3)    EQ1(Upper-Midwest,Appalachian,Beverage)
      (-0.3)    EQ1(Upper-Midwest,Appalachian,Softs)
      (-0.3)    EQ1(Upper-Midwest,Appalachian,Cheese)
      (-0.3)    EQ1(Upper-Midwest,Appalachian,Butter-Powder)
      (-0.3)    EQ1(Central,Appalachian,Beverage)
      (-0.3)    EQ1(Central,Appalachian,Softs)
      (-0.3)    EQ1(Central,Appalachian,Cheese)
      (-0.3)    EQ1(Central,Appalachian,Butter-Powder)
      (-0.3)    EQ1(Mideast,Appalachian,Beverage)
      (-0.3)    EQ1(Mideast,Appalachian,Softs)
      (-0.3)    EQ1(Mideast,Appalachian,Cheese)
      (-0.3)    EQ1(Mideast,Appalachian,Butter-Powder)
      (-0.3)    EQ1(California,Appalachian,Beverage)
      (-0.3)    EQ1(California,Appalachian,Softs)
      (-0.3)    EQ1(California,Appalachian,Cheese)
      (-0.3)    EQ1(California,Appalachian,Butter-Powder)
      (-0.3)    EQ1(Pacific-Northwest,Appalachian,Beverage)
      (-0.3)    EQ1(Pacific-Northwest,Appalachian,Softs)
      (-0.3)    EQ1(Pacific-Northwest,Appalachian,Cheese)
      (-0.3)    EQ1(Pacific-Northwest,Appalachian,Butter-Powder)
      (-0.3)    EQ1(Southwest,Appalachian,Beverage)
      (-0.3)    EQ1(Southwest,Appalachian,Softs)
      (-0.3)    EQ1(Southwest,Appalachian,Cheese)
      (-0.3)    EQ1(Southwest,Appalachian,Butter-Powder)
      (-0.3)    EQ1(Arizona,Appalachian,Beverage)
      (-0.3)    EQ1(Arizona,Appalachian,Softs)
      (-0.3)    EQ1(Arizona,Appalachian,Cheese)
      (-0.3)    EQ1(Arizona,Appalachian,Butter-Powder)
      (-0.3)    EQ1(Unregulated,Appalachian,Beverage)
      (-0.3)    EQ1(Unregulated,Appalachian,Softs)
      (-0.3)    EQ1(Unregulated,Appalachian,Cheese)
      (-0.3)    EQ1(Unregulated,Appalachian,Butter-Powder)
      (-0.3)    EQ1(ROW,Appalachian,Beverage)
      (-0.3)    EQ1(ROW,Appalachian,Softs)
      (-0.3)    EQ1(ROW,Appalachian,Cheese)
      (-0.3)    EQ1(ROW,Appalachian,Butter-Powder)
        1       EQ3(Appalachian)

PINDEX1(Florida)
                (.LO, .L, .UP, .M = 0, 1, +INF, 0)
      (-0.3)    EQ1(Northeast,Florida,Beverage)
      (-0.3)    EQ1(Northeast,Florida,Softs)
      (-0.3)    EQ1(Northeast,Florida,Cheese)
      (-0.3)    EQ1(Northeast,Florida,Butter-Powder)
      (-0.3)    EQ1(Appalachian,Florida,Beverage)
      (-0.3)    EQ1(Appalachian,Florida,Softs)
      (-0.3)    EQ1(Appalachian,Florida,Cheese)
      (-0.3)    EQ1(Appalachian,Florida,Butter-Powder)
      (-0.3)    EQ1(Florida,Florida,Beverage)
      (-0.3)    EQ1(Florida,Florida,Softs)
      (-0.3)    EQ1(Florida,Florida,Cheese)
      (-0.3)    EQ1(Florida,Florida,Butter-Powder)
      (-0.3)    EQ1(Southeast,Florida,Beverage)
      (-0.3)    EQ1(Southeast,Florida,Softs)
      (-0.3)    EQ1(Southeast,Florida,Cheese)
      (-0.3)    EQ1(Southeast,Florida,Butter-Powder)
      (-0.3)    EQ1(Upper-Midwest,Florida,Beverage)
      (-0.3)    EQ1(Upper-Midwest,Florida,Softs)
      (-0.3)    EQ1(Upper-Midwest,Florida,Cheese)
      (-0.3)    EQ1(Upper-Midwest,Florida,Butter-Powder)
      (-0.3)    EQ1(Central,Florida,Beverage)
      (-0.3)    EQ1(Central,Florida,Softs)
      (-0.3)    EQ1(Central,Florida,Cheese)
      (-0.3)    EQ1(Central,Florida,Butter-Powder)
      (-0.3)    EQ1(Mideast,Florida,Beverage)
      (-0.3)    EQ1(Mideast,Florida,Softs)
      (-0.3)    EQ1(Mideast,Florida,Cheese)
      (-0.3)    EQ1(Mideast,Florida,Butter-Powder)
      (-0.3)    EQ1(California,Florida,Beverage)
      (-0.3)    EQ1(California,Florida,Softs)
      (-0.3)    EQ1(California,Florida,Cheese)
      (-0.3)    EQ1(California,Florida,Butter-Powder)
      (-0.3)    EQ1(Pacific-Northwest,Florida,Beverage)
      (-0.3)    EQ1(Pacific-Northwest,Florida,Softs)
      (-0.3)    EQ1(Pacific-Northwest,Florida,Cheese)
      (-0.3)    EQ1(Pacific-Northwest,Florida,Butter-Powder)
      (-0.3)    EQ1(Southwest,Florida,Beverage)
      (-0.3)    EQ1(Southwest,Florida,Softs)
      (-0.3)    EQ1(Southwest,Florida,Cheese)
      (-0.3)    EQ1(Southwest,Florida,Butter-Powder)
      (-0.3)    EQ1(Arizona,Florida,Beverage)
      (-0.3)    EQ1(Arizona,Florida,Softs)
      (-0.3)    EQ1(Arizona,Florida,Cheese)
      (-0.3)    EQ1(Arizona,Florida,Butter-Powder)
      (-0.3)    EQ1(Unregulated,Florida,Beverage)
      (-0.3)    EQ1(Unregulated,Florida,Softs)
      (-0.3)    EQ1(Unregulated,Florida,Cheese)
      (-0.3)    EQ1(Unregulated,Florida,Butter-Powder)
      (-0.3)    EQ1(ROW,Florida,Beverage)
      (-0.3)    EQ1(ROW,Florida,Softs)
      (-0.3)    EQ1(ROW,Florida,Cheese)
      (-0.3)    EQ1(ROW,Florida,Butter-Powder)
        1       EQ3(Florida)

REMAINING 9 ENTRIES SKIPPED

---- PINDEX2  relative change in price of product N in region DOMJ

PINDEX2(Northeast,Beverage)
                (.LO, .L, .UP, .M = 0, 1, +INF, 0)
      (-2)      EQ1(Northeast,Northeast,Beverage)
      (-2)      EQ1(Appalachian,Northeast,Beverage)
      (-2)      EQ1(Florida,Northeast,Beverage)
      (-2)      EQ1(Southeast,Northeast,Beverage)
      (-2)      EQ1(Upper-Midwest,Northeast,Beverage)
      (-2)      EQ1(Central,Northeast,Beverage)
      (-2)      EQ1(Mideast,Northeast,Beverage)
      (-2)      EQ1(California,Northeast,Beverage)
      (-2)      EQ1(Pacific-Northwest,Northeast,Beverage)
      (-2)      EQ1(Southwest,Northeast,Beverage)
      (-2)      EQ1(Arizona,Northeast,Beverage)
      (-2)      EQ1(Unregulated,Northeast,Beverage)
      (-2)      EQ1(ROW,Northeast,Beverage)
      (-0.2468) EQ3(Northeast)
        1       EQ4(Northeast,Beverage)

PINDEX2(Northeast,Softs)
                (.LO, .L, .UP, .M = 0, 1, +INF, 0)
      (-3.5)    EQ1(Northeast,Northeast,Softs)
      (-3.5)    EQ1(Appalachian,Northeast,Softs)
      (-3.5)    EQ1(Florida,Northeast,Softs)
      (-3.5)    EQ1(Southeast,Northeast,Softs)
      (-3.5)    EQ1(Upper-Midwest,Northeast,Softs)
      (-3.5)    EQ1(Central,Northeast,Softs)
      (-3.5)    EQ1(Mideast,Northeast,Softs)
      (-3.5)    EQ1(California,Northeast,Softs)
      (-3.5)    EQ1(Pacific-Northwest,Northeast,Softs)
      (-3.5)    EQ1(Southwest,Northeast,Softs)
      (-3.5)    EQ1(Arizona,Northeast,Softs)
      (-3.5)    EQ1(Unregulated,Northeast,Softs)
      (-3.5)    EQ1(ROW,Northeast,Softs)
      (-0.3694) EQ3(Northeast)
        1       EQ4(Northeast,Softs)

PINDEX2(Northeast,Cheese)
                (.LO, .L, .UP, .M = 0, 1, +INF, 0)
      (-3.5)    EQ1(Northeast,Northeast,Cheese)
      (-3.5)    EQ1(Appalachian,Northeast,Cheese)
      (-3.5)    EQ1(Florida,Northeast,Cheese)
      (-3.5)    EQ1(Southeast,Northeast,Cheese)
      (-3.5)    EQ1(Upper-Midwest,Northeast,Cheese)
      (-3.5)    EQ1(Central,Northeast,Cheese)
      (-3.5)    EQ1(Mideast,Northeast,Cheese)
      (-3.5)    EQ1(California,Northeast,Cheese)
      (-3.5)    EQ1(Pacific-Northwest,Northeast,Cheese)
      (-3.5)    EQ1(Southwest,Northeast,Cheese)
      (-3.5)    EQ1(Arizona,Northeast,Cheese)
      (-3.5)    EQ1(Unregulated,Northeast,Cheese)
      (-3.5)    EQ1(ROW,Northeast,Cheese)
      (-0.2846) EQ3(Northeast)
        1       EQ4(Northeast,Cheese)

REMAINING 45 ENTRIES SKIPPED

---- PINDEX10  relative change in foreign price index for dairy products

PINDEX10
                (.LO, .L, .UP, .M = 0, 1, +INF, 0)
      (-0.5)    EQ2(Northeast,Softs)
      (-0.5)    EQ2(Northeast,Cheese)
      (-0.5)    EQ2(Northeast,Butter-Powder)
      (-0.5)    EQ2(Appalachian,Softs)
      (-0.5)    EQ2(Appalachian,Cheese)
      (-0.5)    EQ2(Appalachian,Butter-Powder)
      (-0.5)    EQ2(Florida,Softs)
      (-0.5)    EQ2(Florida,Cheese)
      (-0.5)    EQ2(Florida,Butter-Powder)
      (-0.5)    EQ2(Southeast,Softs)
      (-0.5)    EQ2(Southeast,Cheese)
      (-0.5)    EQ2(Southeast,Butter-Powder)
      (-0.5)    EQ2(Upper-Midwest,Softs)
      (-0.5)    EQ2(Upper-Midwest,Cheese)
      (-0.5)    EQ2(Upper-Midwest,Butter-Powder)
      (-0.5)    EQ2(Central,Softs)
      (-0.5)    EQ2(Central,Cheese)
      (-0.5)    EQ2(Central,Butter-Powder)
      (-0.5)    EQ2(Mideast,Softs)
      (-0.5)    EQ2(Mideast,Cheese)
      (-0.5)    EQ2(Mideast,Butter-Powder)
      (-0.5)    EQ2(California,Softs)
      (-0.5)    EQ2(California,Cheese)
      (-0.5)    EQ2(California,Butter-Powder)
      (-0.5)    EQ2(Pacific-Northwest,Softs)
      (-0.5)    EQ2(Pacific-Northwest,Cheese)
      (-0.5)    EQ2(Pacific-Northwest,Butter-Powder)
      (-0.5)    EQ2(Southwest,Softs)
      (-0.5)    EQ2(Southwest,Cheese)
      (-0.5)    EQ2(Southwest,Butter-Powder)
      (-0.5)    EQ2(Arizona,Softs)
      (-0.5)    EQ2(Arizona,Cheese)
      (-0.5)    EQ2(Arizona,Butter-Powder)
      (-0.5)    EQ2(Unregulated,Softs)
      (-0.5)    EQ2(Unregulated,Cheese)
      (-0.5)    EQ2(Unregulated,Butter-Powder)
        1       EQ5


---- PINDEX20  relative change in foreign price of product SUBN

PINDEX20(Softs)
                (.LO, .L, .UP, .M = 0, 1, +INF, 0)
      (-6.2)    EQ2(Northeast,Softs)
      (-6.2)    EQ2(Appalachian,Softs)
      (-6.2)    EQ2(Florida,Softs)
      (-6.2)    EQ2(Southeast,Softs)
      (-6.2)    EQ2(Upper-Midwest,Softs)
      (-6.2)    EQ2(Central,Softs)
      (-6.2)    EQ2(Mideast,Softs)
      (-6.2)    EQ2(California,Softs)
      (-6.2)    EQ2(Pacific-Northwest,Softs)
      (-6.2)    EQ2(Southwest,Softs)
      (-6.2)    EQ2(Arizona,Softs)
      (-6.2)    EQ2(Unregulated,Softs)
      (-0.1763) EQ5
        1       EQ6(Softs)

PINDEX20(Cheese)
                (.LO, .L, .UP, .M = 0, 1, +INF, 0)
      (-6.2)    EQ2(Northeast,Cheese)
      (-6.2)    EQ2(Appalachian,Cheese)
      (-6.2)    EQ2(Florida,Cheese)
      (-6.2)    EQ2(Southeast,Cheese)
      (-6.2)    EQ2(Upper-Midwest,Cheese)
      (-6.2)    EQ2(Central,Cheese)
      (-6.2)    EQ2(Mideast,Cheese)
      (-6.2)    EQ2(California,Cheese)
      (-6.2)    EQ2(Pacific-Northwest,Cheese)
      (-6.2)    EQ2(Southwest,Cheese)
      (-6.2)    EQ2(Arizona,Cheese)
      (-6.2)    EQ2(Unregulated,Cheese)
      (-0.4719) EQ5
        1       EQ6(Cheese)

PINDEX20(Butter-Powder)
                (.LO, .L, .UP, .M = 0, 1, +INF, 0)
      (-8.2)    EQ2(Northeast,Butter-Powder)
      (-8.2)    EQ2(Appalachian,Butter-Powder)
      (-8.2)    EQ2(Florida,Butter-Powder)
      (-8.2)    EQ2(Southeast,Butter-Powder)
      (-8.2)    EQ2(Upper-Midwest,Butter-Powder)
      (-8.2)    EQ2(Central,Butter-Powder)
      (-8.2)    EQ2(Mideast,Butter-Powder)
      (-8.2)    EQ2(California,Butter-Powder)
      (-8.2)    EQ2(Pacific-Northwest,Butter-Powder)
      (-8.2)    EQ2(Southwest,Butter-Powder)
      (-8.2)    EQ2(Arizona,Butter-Powder)
      (-8.2)    EQ2(Unregulated,Butter-Powder)
      (-0.3518) EQ5
        1       EQ6(Butter-Powder)


---- Q  relative change in production of product N in region DOMI

Q(Northeast,Beverage)
                (.LO, .L, .UP, .M = -INF, 1, +INF, 0)
        1       EQ7(Northeast,Beverage)

Q(Northeast,Softs)
                (.LO, .L, .UP, .M = -INF, 1, +INF, 0)
        1       EQ7(Northeast,Softs)

Q(Northeast,Cheese)
                (.LO, .L, .UP, .M = -INF, 1, +INF, 0)
        1       EQ7(Northeast,Cheese)

REMAINING 45 ENTRIES SKIPPED

---- P  relative change in producer price of product N in region I

P(Northeast,Beverage)
                (.LO, .L, .UP, .M = 0, 1, +INF, 0)
       (2.5)    EQ1(Northeast,Northeast,Beverage)
       (2.5)    EQ1(Northeast,Appalachian,Beverage)
       (2.5)    EQ1(Northeast,Florida,Beverage)
       (2.5)    EQ1(Northeast,Southeast,Beverage)
       (2.5)    EQ1(Northeast,Upper-Midwest,Beverage)
       (2.5)    EQ1(Northeast,Central,Beverage)
       (2.5)    EQ1(Northeast,Mideast,Beverage)
       (2.5)    EQ1(Northeast,California,Beverage)
       (2.5)    EQ1(Northeast,Pacific-Northwest,Beverage)
       (2.5)    EQ1(Northeast,Southwest,Beverage)
       (2.5)    EQ1(Northeast,Arizona,Beverage)
       (2.5)    EQ1(Northeast,Unregulated,Beverage)
      (-0.7944) EQ4(Northeast,Beverage)
      (-0.1696) EQ4(Appalachian,Beverage)
      (-0.0532) EQ4(Florida,Beverage)
      (-0.1148) EQ4(Southeast,Beverage)
      (-0.0584) EQ4(Upper-Midwest,Beverage)
      (-0.0589) EQ4(Central,Beverage)
      (-0.0859) EQ4(Mideast,Beverage)
      (-0.0146) EQ4(California,Beverage)
      (-0.0249) EQ4(Pacific-Northwest,Beverage)
      (-0.0437) EQ4(Southwest,Beverage)
      (-0.0206) EQ4(Arizona,Beverage)
      (-0.0312) EQ4(Unregulated,Beverage)
        1       EQ10EX(Northeast,Beverage)

P(Northeast,Softs)
                (.LO, .L, .UP, .M = 0, 1, +INF, 0)
       (4)      EQ1(Northeast,Northeast,Softs)
       (4)      EQ1(Northeast,Appalachian,Softs)
       (4)      EQ1(Northeast,Florida,Softs)
       (4)      EQ1(Northeast,Southeast,Softs)
       (4)      EQ1(Northeast,Upper-Midwest,Softs)
       (4)      EQ1(Northeast,Central,Softs)
       (4)      EQ1(Northeast,Mideast,Softs)
       (4)      EQ1(Northeast,California,Softs)
       (4)      EQ1(Northeast,Pacific-Northwest,Softs)
       (4)      EQ1(Northeast,Southwest,Softs)
       (4)      EQ1(Northeast,Arizona,Softs)
       (4)      EQ1(Northeast,Unregulated,Softs)
       (8)      EQ2(Northeast,Softs)
      (-0.6099) EQ4(Northeast,Softs)
      (-0.1966) EQ4(Appalachian,Softs)
      (-0.1606) EQ4(Florida,Softs)
      (-0.1152) EQ4(Southeast,Softs)
      (-0.0841) EQ4(Upper-Midwest,Softs)
      (-0.1018) EQ4(Central,Softs)
      (-0.0965) EQ4(Mideast,Softs)
      (-0.0424) EQ4(California,Softs)
      (-0.0458) EQ4(Pacific-Northwest,Softs)
      (-0.0795) EQ4(Southwest,Softs)
      (-0.0933) EQ4(Arizona,Softs)
      (-0.0641) EQ4(Unregulated,Softs)
      (-0.2119) EQ6(Softs)
        1       EQ10EX(Northeast,Softs)

P(Northeast,Cheese)
                (.LO, .L, .UP, .M = 0, 1, +INF, 0)
       (4)      EQ1(Northeast,Northeast,Cheese)
       (4)      EQ1(Northeast,Appalachian,Cheese)
       (4)      EQ1(Northeast,Florida,Cheese)
       (4)      EQ1(Northeast,Southeast,Cheese)
       (4)      EQ1(Northeast,Upper-Midwest,Cheese)
       (4)      EQ1(Northeast,Central,Cheese)
       (4)      EQ1(Northeast,Mideast,Cheese)
       (4)      EQ1(Northeast,California,Cheese)
       (4)      EQ1(Northeast,Pacific-Northwest,Cheese)
       (4)      EQ1(Northeast,Southwest,Cheese)
       (4)      EQ1(Northeast,Arizona,Cheese)
       (4)      EQ1(Northeast,Unregulated,Cheese)
       (8)      EQ2(Northeast,Cheese)
      (-0.5568) EQ4(Northeast,Cheese)
      (-0.1417) EQ4(Appalachian,Cheese)
      (-0.1149) EQ4(Florida,Cheese)
      (-0.1184) EQ4(Southeast,Cheese)
      (-0.0456) EQ4(Upper-Midwest,Cheese)
      (-0.0437) EQ4(Central,Cheese)
      (-0.1068) EQ4(Mideast,Cheese)
      (-0.0179) EQ4(California,Cheese)
      (-0.0236) EQ4(Pacific-Northwest,Cheese)
      (-0.0627) EQ4(Southwest,Cheese)
      (-0.0276) EQ4(Arizona,Cheese)
      (-0.0309) EQ4(Unregulated,Cheese)
      (-0.0767) EQ6(Cheese)
        1       EQ10EX(Northeast,Cheese)

REMAINING 49 ENTRIES SKIPPED

---- OBJ  constant objective variable for optimization algorithm

OBJ
                (.LO, .L, .UP, .M = -INF, 1, +INF, 0)
        1       EQ21

GAMS 54.2.1  d9889eb3 Jul 13, 2026          DAX-DAC arm 64bit/macOS - 08/12/26 09:47:57 Page 9
GAMS CODE FOR "THE GEOGRAPHIC FOOTPRINT OF U.S. DAIRY POLICY," QUANTITATIVE ECONOMICS
Model Statistics    SOLVE COMPDEMAND Using NLP From line 1807


MODEL STATISTICS

BLOCKS OF EQUATIONS           9     SINGLE EQUATIONS          821
BLOCKS OF VARIABLES           9     SINGLE VARIABLES          825
NON ZERO ELEMENTS         4,120     NON LINEAR N-Z          2,687
CODE LENGTH              12,388     CONSTANT POOL             744


GENERATION TIME      =        0.002 SECONDS      5 MB  54.2.1 d9889eb3 DAX-DAC
GAMS 54.2.1  d9889eb3 Jul 13, 2026          DAX-DAC arm 64bit/macOS - 08/12/26 09:47:57 Page 10
GAMS CODE FOR "THE GEOGRAPHIC FOOTPRINT OF U.S. DAIRY POLICY," QUANTITATIVE ECONOMICS
Solution Report     SOLVE COMPDEMAND Using NLP From line 1807


               S O L V E      S U M M A R Y

     MODEL   COMPDEMAND          OBJECTIVE  OBJ
     TYPE    NLP                 DIRECTION  MAXIMIZE
     SOLVER  CONOPT3             FROM LINE  1807

**** SOLVER STATUS     1 Normal Completion
**** MODEL STATUS      1 Optimal
**** OBJECTIVE VALUE                1.0000

 RESOURCE USAGE, LIMIT          0.005 10000000000.000
 ITERATION COUNT, LIMIT         4    2147483647
 EVALUATION ERRORS              0             0
 
 
    C O N O P T 3   version 3.17R
    Copyright (C)   GAMS Software GmbH
                    GAMS Development Corporation
 
 
                   Pre-triangular equations:   821
                   Post-triangular equations:  0
 
 
 ** Optimal solution. There are no superbasic variables.
 
 
 CONOPT time Total                            0.001 seconds
   of which: Function evaluations             0.000 =  0.0%
             1st Derivative evaluations       0.001 =100.0%
 

---- EQU EQ1  domestic consumer demand in region DOMJ for dairy products from region I

                                                         LOWER          LEVEL          UPPER         MARGINAL

Northeast        .Northeast        .Beverage               .              .              .             EPS         
Northeast        .Northeast        .Softs                  .              .              .             EPS         
Northeast        .Northeast        .Cheese                 .              .              .             EPS         
Northeast        .Northeast        .Butter-Powder          .              .              .             EPS         
Northeast        .Appalachian      .Beverage               .              .              .             EPS         
Northeast        .Appalachian      .Softs                  .              .              .             EPS         
Northeast        .Appalachian      .Cheese                 .              .              .             EPS         
Northeast        .Appalachian      .Butter-Powder          .              .              .             EPS         
Northeast        .Florida          .Beverage               .              .              .             EPS         
Northeast        .Florida          .Softs                  .              .              .             EPS         
Northeast        .Florida          .Cheese                 .              .              .             EPS         
Northeast        .Florida          .Butter-Powder          .              .              .             EPS         
Northeast        .Southeast        .Beverage               .              .              .             EPS         
Northeast        .Southeast        .Softs                  .              .              .             EPS         
Northeast        .Southeast        .Cheese                 .              .              .             EPS         
Northeast        .Southeast        .Butter-Powder          .              .              .             EPS         
Northeast        .Upper-Midwest    .Beverage               .              .              .             EPS         
Northeast        .Upper-Midwest    .Softs                  .              .              .             EPS         
Northeast        .Upper-Midwest    .Cheese                 .              .              .             EPS         
Northeast        .Upper-Midwest    .Butter-Powder          .              .              .             EPS         
Northeast        .Central          .Beverage               .              .              .             EPS         
Northeast        .Central          .Softs                  .              .              .             EPS         
Northeast        .Central          .Cheese                 .              .              .             EPS         
Northeast        .Central          .Butter-Powder          .              .              .             EPS         
Northeast        .Mideast          .Beverage               .              .              .             EPS         
Northeast        .Mideast          .Softs                  .              .              .             EPS         
Northeast        .Mideast          .Cheese                 .              .              .             EPS         
Northeast        .Mideast          .Butter-Powder          .              .              .             EPS         
Northeast        .California       .Beverage               .              .              .             EPS         
Northeast        .California       .Softs                  .              .              .             EPS         
Northeast        .California       .Cheese                 .              .              .             EPS         
Northeast        .California       .Butter-Powder          .              .              .             EPS         
Northeast        .Pacific-Northwest.Beverage               .              .              .             EPS         
Northeast        .Pacific-Northwest.Softs                  .              .              .             EPS         
Northeast        .Pacific-Northwest.Cheese                 .              .              .             EPS         
Northeast        .Pacific-Northwest.Butter-Powder          .              .              .             EPS         
Northeast        .Southwest        .Beverage               .              .              .             EPS         
Northeast        .Southwest        .Softs                  .              .              .             EPS         
Northeast        .Southwest        .Cheese                 .              .              .             EPS         
Northeast        .Southwest        .Butter-Powder          .              .              .             EPS         
Northeast        .Arizona          .Beverage               .              .              .             EPS         
Northeast        .Arizona          .Softs                  .              .              .             EPS         
Northeast        .Arizona          .Cheese                 .              .              .             EPS         
Northeast        .Arizona          .Butter-Powder          .              .              .             EPS         
Northeast        .Unregulated      .Beverage               .              .              .             EPS         
Northeast        .Unregulated      .Softs                  .              .              .             EPS         
Northeast        .Unregulated      .Cheese                 .              .              .             EPS         
Northeast        .Unregulated      .Butter-Powder          .              .              .             EPS         
Appalachian      .Northeast        .Beverage               .              .              .             EPS         
Appalachian      .Northeast        .Softs                  .              .              .             EPS         
Appalachian      .Northeast        .Cheese                 .              .              .             EPS         
Appalachian      .Northeast        .Butter-Powder          .              .              .             EPS         
Appalachian      .Appalachian      .Beverage               .              .              .             EPS         
Appalachian      .Appalachian      .Softs                  .              .              .             EPS         
Appalachian      .Appalachian      .Cheese                 .              .              .             EPS         
Appalachian      .Appalachian      .Butter-Powder          .              .              .             EPS         
Appalachian      .Florida          .Beverage               .              .              .             EPS         
Appalachian      .Florida          .Softs                  .              .              .             EPS         
Appalachian      .Florida          .Cheese                 .              .              .             EPS         
Appalachian      .Florida          .Butter-Powder          .              .              .             EPS         
Appalachian      .Southeast        .Beverage               .              .              .             EPS         
Appalachian      .Southeast        .Softs                  .              .              .             EPS         
Appalachian      .Southeast        .Cheese                 .              .              .             EPS         
Appalachian      .Southeast        .Butter-Powder          .              .              .             EPS         
Appalachian      .Upper-Midwest    .Beverage               .              .              .             EPS         
Appalachian      .Upper-Midwest    .Softs                  .              .              .             EPS         
Appalachian      .Upper-Midwest    .Cheese                 .              .              .             EPS         
Appalachian      .Upper-Midwest    .Butter-Powder          .              .              .             EPS         
Appalachian      .Central          .Beverage               .              .              .             EPS         
Appalachian      .Central          .Softs                  .              .              .             EPS         
Appalachian      .Central          .Cheese                 .              .              .             EPS         
Appalachian      .Central          .Butter-Powder          .              .              .             EPS         
Appalachian      .Mideast          .Beverage               .              .              .             EPS         
Appalachian      .Mideast          .Softs                  .              .              .             EPS         
Appalachian      .Mideast          .Cheese                 .              .              .             EPS         
Appalachian      .Mideast          .Butter-Powder          .              .              .             EPS         
Appalachian      .California       .Beverage               .              .              .             EPS         
Appalachian      .California       .Softs                  .              .              .             EPS         
Appalachian      .California       .Cheese                 .              .              .             EPS         
Appalachian      .California       .Butter-Powder          .              .              .             EPS         
Appalachian      .Pacific-Northwest.Beverage               .              .              .             EPS         
Appalachian      .Pacific-Northwest.Softs                  .              .              .             EPS         
Appalachian      .Pacific-Northwest.Cheese                 .              .              .             EPS         
Appalachian      .Pacific-Northwest.Butter-Powder          .              .              .             EPS         
Appalachian      .Southwest        .Beverage               .              .              .             EPS         
Appalachian      .Southwest        .Softs                  .              .              .             EPS         
Appalachian      .Southwest        .Cheese                 .              .              .             EPS         
Appalachian      .Southwest        .Butter-Powder          .              .              .             EPS         
Appalachian      .Arizona          .Beverage               .              .              .             EPS         
Appalachian      .Arizona          .Softs                  .              .              .             EPS         
Appalachian      .Arizona          .Cheese                 .              .              .             EPS         
Appalachian      .Arizona          .Butter-Powder          .              .              .             EPS         
Appalachian      .Unregulated      .Beverage               .              .              .             EPS         
Appalachian      .Unregulated      .Softs                  .              .              .             EPS         
Appalachian      .Unregulated      .Cheese                 .              .              .             EPS         
Appalachian      .Unregulated      .Butter-Powder          .              .              .             EPS         
Florida          .Northeast        .Beverage               .              .              .             EPS         
Florida          .Northeast        .Softs                  .              .              .             EPS         
Florida          .Northeast        .Cheese                 .              .              .             EPS         
Florida          .Northeast        .Butter-Powder          .              .              .             EPS         
Florida          .Appalachian      .Beverage               .              .              .             EPS         
Florida          .Appalachian      .Softs                  .              .              .             EPS         
Florida          .Appalachian      .Cheese                 .              .              .             EPS         
Florida          .Appalachian      .Butter-Powder          .              .              .             EPS         
Florida          .Florida          .Beverage               .              .              .             EPS         
Florida          .Florida          .Softs                  .              .              .             EPS         
Florida          .Florida          .Cheese                 .              .              .             EPS         
Florida          .Florida          .Butter-Powder          .              .              .             EPS         
Florida          .Southeast        .Beverage               .              .              .             EPS         
Florida          .Southeast        .Softs                  .              .              .             EPS         
Florida          .Southeast        .Cheese                 .              .              .             EPS         
Florida          .Southeast        .Butter-Powder          .              .              .             EPS         
Florida          .Upper-Midwest    .Beverage               .              .              .             EPS         
Florida          .Upper-Midwest    .Softs                  .              .              .             EPS         
Florida          .Upper-Midwest    .Cheese                 .              .              .             EPS         
Florida          .Upper-Midwest    .Butter-Powder          .              .              .             EPS         
Florida          .Central          .Beverage               .              .              .             EPS         
Florida          .Central          .Softs                  .              .              .             EPS         
Florida          .Central          .Cheese                 .              .              .             EPS         
Florida          .Central          .Butter-Powder          .              .              .             EPS         
Florida          .Mideast          .Beverage               .              .              .             EPS         
Florida          .Mideast          .Softs                  .              .              .             EPS         
Florida          .Mideast          .Cheese                 .              .              .             EPS         
Florida          .Mideast          .Butter-Powder          .              .              .             EPS         
Florida          .California       .Beverage               .              .              .             EPS         
Florida          .California       .Softs                  .              .              .             EPS         
Florida          .California       .Cheese                 .              .              .             EPS         
Florida          .California       .Butter-Powder          .              .              .             EPS         
Florida          .Pacific-Northwest.Beverage               .              .              .             EPS         
Florida          .Pacific-Northwest.Softs                  .              .              .             EPS         
Florida          .Pacific-Northwest.Cheese                 .              .              .             EPS         
Florida          .Pacific-Northwest.Butter-Powder          .              .              .             EPS         
Florida          .Southwest        .Beverage               .              .              .             EPS         
Florida          .Southwest        .Softs                  .              .              .             EPS         
Florida          .Southwest        .Cheese                 .              .              .             EPS         
Florida          .Southwest        .Butter-Powder          .              .              .             EPS         
Florida          .Arizona          .Beverage               .              .              .             EPS         
Florida          .Arizona          .Softs                  .              .              .             EPS         
Florida          .Arizona          .Cheese                 .              .              .             EPS         
Florida          .Arizona          .Butter-Powder          .              .              .             EPS         
Florida          .Unregulated      .Beverage               .              .              .             EPS         
Florida          .Unregulated      .Softs                  .              .              .             EPS         
Florida          .Unregulated      .Cheese                 .              .              .             EPS         
Florida          .Unregulated      .Butter-Powder          .              .              .             EPS         
Southeast        .Northeast        .Beverage               .              .              .             EPS         
Southeast        .Northeast        .Softs                  .              .              .             EPS         
Southeast        .Northeast        .Cheese                 .              .              .             EPS         
Southeast        .Northeast        .Butter-Powder          .              .              .             EPS         
Southeast        .Appalachian      .Beverage               .              .              .             EPS         
Southeast        .Appalachian      .Softs                  .              .              .             EPS         
Southeast        .Appalachian      .Cheese                 .              .              .             EPS         
Southeast        .Appalachian      .Butter-Powder          .              .              .             EPS         
Southeast        .Florida          .Beverage               .              .              .             EPS         
Southeast        .Florida          .Softs                  .              .              .             EPS         
Southeast        .Florida          .Cheese                 .              .              .             EPS         
Southeast        .Florida          .Butter-Powder          .              .              .             EPS         
Southeast        .Southeast        .Beverage               .              .              .             EPS         
Southeast        .Southeast        .Softs                  .              .              .             EPS         
Southeast        .Southeast        .Cheese                 .              .              .             EPS         
Southeast        .Southeast        .Butter-Powder          .              .              .             EPS         
Southeast        .Upper-Midwest    .Beverage               .              .              .             EPS         
Southeast        .Upper-Midwest    .Softs                  .              .              .             EPS         
Southeast        .Upper-Midwest    .Cheese                 .              .              .             EPS         
Southeast        .Upper-Midwest    .Butter-Powder          .              .              .             EPS         
Southeast        .Central          .Beverage               .              .              .             EPS         
Southeast        .Central          .Softs                  .              .              .             EPS         
Southeast        .Central          .Cheese                 .              .              .             EPS         
Southeast        .Central          .Butter-Powder          .              .              .             EPS         
Southeast        .Mideast          .Beverage               .              .              .             EPS         
Southeast        .Mideast          .Softs                  .              .              .             EPS         
Southeast        .Mideast          .Cheese                 .              .              .             EPS         
Southeast        .Mideast          .Butter-Powder          .              .              .             EPS         
Southeast        .California       .Beverage               .              .              .             EPS         
Southeast        .California       .Softs                  .              .              .             EPS         
Southeast        .California       .Cheese                 .              .              .             EPS         
Southeast        .California       .Butter-Powder          .              .              .             EPS         
Southeast        .Pacific-Northwest.Beverage               .              .              .             EPS         
Southeast        .Pacific-Northwest.Softs                  .              .              .             EPS         
Southeast        .Pacific-Northwest.Cheese                 .              .              .             EPS         
Southeast        .Pacific-Northwest.Butter-Powder          .              .              .             EPS         
Southeast        .Southwest        .Beverage               .              .              .             EPS         
Southeast        .Southwest        .Softs                  .              .              .             EPS         
Southeast        .Southwest        .Cheese                 .              .              .             EPS         
Southeast        .Southwest        .Butter-Powder          .              .              .             EPS         
Southeast        .Arizona          .Beverage               .              .              .             EPS         
Southeast        .Arizona          .Softs                  .              .              .             EPS         
Southeast        .Arizona          .Cheese                 .              .              .             EPS         
Southeast        .Arizona          .Butter-Powder          .              .              .             EPS         
Southeast        .Unregulated      .Beverage               .              .              .             EPS         
Southeast        .Unregulated      .Softs                  .              .              .             EPS         
Southeast        .Unregulated      .Cheese                 .              .              .             EPS         
Southeast        .Unregulated      .Butter-Powder          .              .              .             EPS         
Upper-Midwest    .Northeast        .Beverage               .              .              .             EPS         
Upper-Midwest    .Northeast        .Softs                  .              .              .             EPS         
Upper-Midwest    .Northeast        .Cheese                 .              .              .             EPS         
Upper-Midwest    .Northeast        .Butter-Powder          .              .              .             EPS         
Upper-Midwest    .Appalachian      .Beverage               .              .              .             EPS         
Upper-Midwest    .Appalachian      .Softs                  .              .              .             EPS         
Upper-Midwest    .Appalachian      .Cheese                 .              .              .             EPS         
Upper-Midwest    .Appalachian      .Butter-Powder          .              .              .             EPS         
Upper-Midwest    .Florida          .Beverage               .              .              .             EPS         
Upper-Midwest    .Florida          .Softs                  .              .              .             EPS         
Upper-Midwest    .Florida          .Cheese                 .              .              .             EPS         
Upper-Midwest    .Florida          .Butter-Powder          .              .              .             EPS         
Upper-Midwest    .Southeast        .Beverage               .              .              .             EPS         
Upper-Midwest    .Southeast        .Softs                  .              .              .             EPS         
Upper-Midwest    .Southeast        .Cheese                 .              .              .             EPS         
Upper-Midwest    .Southeast        .Butter-Powder          .              .              .             EPS         
Upper-Midwest    .Upper-Midwest    .Beverage               .              .              .             EPS         
Upper-Midwest    .Upper-Midwest    .Softs                  .              .              .             EPS         
Upper-Midwest    .Upper-Midwest    .Cheese                 .              .              .             EPS         
Upper-Midwest    .Upper-Midwest    .Butter-Powder          .              .              .             EPS         
Upper-Midwest    .Central          .Beverage               .              .              .             EPS         
Upper-Midwest    .Central          .Softs                  .              .              .             EPS         
Upper-Midwest    .Central          .Cheese                 .              .              .             EPS         
Upper-Midwest    .Central          .Butter-Powder          .              .              .             EPS         
Upper-Midwest    .Mideast          .Beverage               .              .              .             EPS         
Upper-Midwest    .Mideast          .Softs                  .              .              .             EPS         
Upper-Midwest    .Mideast          .Cheese                 .              .              .             EPS         
Upper-Midwest    .Mideast          .Butter-Powder          .              .              .             EPS         
Upper-Midwest    .California       .Beverage               .              .              .             EPS         
Upper-Midwest    .California       .Softs                  .              .              .             EPS         
Upper-Midwest    .California       .Cheese                 .              .              .             EPS         
Upper-Midwest    .California       .Butter-Powder          .              .              .             EPS         
Upper-Midwest    .Pacific-Northwest.Beverage               .              .              .             EPS         
Upper-Midwest    .Pacific-Northwest.Softs                  .              .              .             EPS         
Upper-Midwest    .Pacific-Northwest.Cheese                 .              .              .             EPS         
Upper-Midwest    .Pacific-Northwest.Butter-Powder          .              .              .             EPS         
Upper-Midwest    .Southwest        .Beverage               .              .              .             EPS         
Upper-Midwest    .Southwest        .Softs                  .              .              .             EPS         
Upper-Midwest    .Southwest        .Cheese                 .              .              .             EPS         
Upper-Midwest    .Southwest        .Butter-Powder          .              .              .             EPS         
Upper-Midwest    .Arizona          .Beverage               .              .              .             EPS         
Upper-Midwest    .Arizona          .Softs                  .              .              .             EPS         
Upper-Midwest    .Arizona          .Cheese                 .              .              .             EPS         
Upper-Midwest    .Arizona          .Butter-Powder          .              .              .             EPS         
Upper-Midwest    .Unregulated      .Beverage               .              .              .             EPS         
Upper-Midwest    .Unregulated      .Softs                  .              .              .             EPS         
Upper-Midwest    .Unregulated      .Cheese                 .              .              .             EPS         
Upper-Midwest    .Unregulated      .Butter-Powder          .              .              .             EPS         
Central          .Northeast        .Beverage               .              .              .             EPS         
Central          .Northeast        .Softs                  .              .              .             EPS         
Central          .Northeast        .Cheese                 .              .              .             EPS         
Central          .Northeast        .Butter-Powder          .              .              .             EPS         
Central          .Appalachian      .Beverage               .              .              .             EPS         
Central          .Appalachian      .Softs                  .              .              .             EPS         
Central          .Appalachian      .Cheese                 .              .              .             EPS         
Central          .Appalachian      .Butter-Powder          .              .              .             EPS         
Central          .Florida          .Beverage               .              .              .             EPS         
Central          .Florida          .Softs                  .              .              .             EPS         
Central          .Florida          .Cheese                 .              .              .             EPS         
Central          .Florida          .Butter-Powder          .              .              .             EPS         
Central          .Southeast        .Beverage               .              .              .             EPS         
Central          .Southeast        .Softs                  .              .              .             EPS         
Central          .Southeast        .Cheese                 .              .              .             EPS         
Central          .Southeast        .Butter-Powder          .              .              .             EPS         
Central          .Upper-Midwest    .Beverage               .              .              .             EPS         
Central          .Upper-Midwest    .Softs                  .              .              .             EPS         
Central          .Upper-Midwest    .Cheese                 .              .              .             EPS         
Central          .Upper-Midwest    .Butter-Powder          .              .              .             EPS         
Central          .Central          .Beverage               .              .              .             EPS         
Central          .Central          .Softs                  .              .              .             EPS         
Central          .Central          .Cheese                 .              .              .             EPS         
Central          .Central          .Butter-Powder          .              .              .             EPS         
Central          .Mideast          .Beverage               .              .              .             EPS         
Central          .Mideast          .Softs                  .              .              .             EPS         
Central          .Mideast          .Cheese                 .              .              .             EPS         
Central          .Mideast          .Butter-Powder          .              .              .             EPS         
Central          .California       .Beverage               .              .              .             EPS         
Central          .California       .Softs                  .              .              .             EPS         
Central          .California       .Cheese                 .              .              .             EPS         
Central          .California       .Butter-Powder          .              .              .             EPS         
Central          .Pacific-Northwest.Beverage               .              .              .             EPS         
Central          .Pacific-Northwest.Softs                  .              .              .             EPS         
Central          .Pacific-Northwest.Cheese                 .              .              .             EPS         
Central          .Pacific-Northwest.Butter-Powder          .              .              .             EPS         
Central          .Southwest        .Beverage               .              .              .             EPS         
Central          .Southwest        .Softs                  .              .              .             EPS         
Central          .Southwest        .Cheese                 .              .              .             EPS         
Central          .Southwest        .Butter-Powder          .              .              .             EPS         
Central          .Arizona          .Beverage               .              .              .             EPS         
Central          .Arizona          .Softs                  .              .              .             EPS         
Central          .Arizona          .Cheese                 .              .              .             EPS         
Central          .Arizona          .Butter-Powder          .              .              .             EPS         
Central          .Unregulated      .Beverage               .              .              .             EPS         
Central          .Unregulated      .Softs                  .              .              .             EPS         
Central          .Unregulated      .Cheese                 .              .              .             EPS         
Central          .Unregulated      .Butter-Powder          .              .              .             EPS         
Mideast          .Northeast        .Beverage               .              .              .             EPS         
Mideast          .Northeast        .Softs                  .              .              .             EPS         
Mideast          .Northeast        .Cheese                 .              .              .             EPS         
Mideast          .Northeast        .Butter-Powder          .              .              .             EPS         
Mideast          .Appalachian      .Beverage               .              .              .             EPS         
Mideast          .Appalachian      .Softs                  .              .              .             EPS         
Mideast          .Appalachian      .Cheese                 .              .              .             EPS         
Mideast          .Appalachian      .Butter-Powder          .              .              .             EPS         
Mideast          .Florida          .Beverage               .              .              .             EPS         
Mideast          .Florida          .Softs                  .              .              .             EPS         
Mideast          .Florida          .Cheese                 .              .              .             EPS         
Mideast          .Florida          .Butter-Powder          .              .              .             EPS         
Mideast          .Southeast        .Beverage               .              .              .             EPS         
Mideast          .Southeast        .Softs                  .              .              .             EPS         
Mideast          .Southeast        .Cheese                 .              .              .             EPS         
Mideast          .Southeast        .Butter-Powder          .              .              .             EPS         
Mideast          .Upper-Midwest    .Beverage               .              .              .             EPS         
Mideast          .Upper-Midwest    .Softs                  .              .              .             EPS         
Mideast          .Upper-Midwest    .Cheese                 .              .              .             EPS         
Mideast          .Upper-Midwest    .Butter-Powder          .              .              .             EPS         
Mideast          .Central          .Beverage               .              .              .             EPS         
Mideast          .Central          .Softs                  .              .              .             EPS         
Mideast          .Central          .Cheese                 .              .              .             EPS         
Mideast          .Central          .Butter-Powder          .              .              .             EPS         
Mideast          .Mideast          .Beverage               .              .              .             EPS         
Mideast          .Mideast          .Softs                  .              .              .             EPS         
Mideast          .Mideast          .Cheese                 .              .              .             EPS         
Mideast          .Mideast          .Butter-Powder          .              .              .             EPS         
Mideast          .California       .Beverage               .              .              .             EPS         
Mideast          .California       .Softs                  .              .              .             EPS         
Mideast          .California       .Cheese                 .              .              .             EPS         
Mideast          .California       .Butter-Powder          .              .              .             EPS         
Mideast          .Pacific-Northwest.Beverage               .              .              .             EPS         
Mideast          .Pacific-Northwest.Softs                  .              .              .             EPS         
Mideast          .Pacific-Northwest.Cheese                 .              .              .             EPS         
Mideast          .Pacific-Northwest.Butter-Powder          .              .              .             EPS         
Mideast          .Southwest        .Beverage               .              .              .             EPS         
Mideast          .Southwest        .Softs                  .              .              .             EPS         
Mideast          .Southwest        .Cheese                 .              .              .             EPS         
Mideast          .Southwest        .Butter-Powder          .              .              .             EPS         
Mideast          .Arizona          .Beverage               .              .              .             EPS         
Mideast          .Arizona          .Softs                  .              .              .             EPS         
Mideast          .Arizona          .Cheese                 .              .              .             EPS         
Mideast          .Arizona          .Butter-Powder          .              .              .             EPS         
Mideast          .Unregulated      .Beverage               .              .              .             EPS         
Mideast          .Unregulated      .Softs                  .              .              .             EPS         
Mideast          .Unregulated      .Cheese                 .              .              .             EPS         
Mideast          .Unregulated      .Butter-Powder          .              .              .             EPS         
California       .Northeast        .Beverage               .              .              .             EPS         
California       .Northeast        .Softs                  .              .              .             EPS         
California       .Northeast        .Cheese                 .              .              .             EPS         
California       .Northeast        .Butter-Powder          .              .              .             EPS         
California       .Appalachian      .Beverage               .              .              .             EPS         
California       .Appalachian      .Softs                  .              .              .             EPS         
California       .Appalachian      .Cheese                 .              .              .             EPS         
California       .Appalachian      .Butter-Powder          .              .              .             EPS         
California       .Florida          .Beverage               .              .              .             EPS         
California       .Florida          .Softs                  .              .              .             EPS         
California       .Florida          .Cheese                 .              .              .             EPS         
California       .Florida          .Butter-Powder          .              .              .             EPS         
California       .Southeast        .Beverage               .              .              .             EPS         
California       .Southeast        .Softs                  .              .              .             EPS         
California       .Southeast        .Cheese                 .              .              .             EPS         
California       .Southeast        .Butter-Powder          .              .              .             EPS         
California       .Upper-Midwest    .Beverage               .              .              .             EPS         
California       .Upper-Midwest    .Softs                  .              .              .             EPS         
California       .Upper-Midwest    .Cheese                 .              .              .             EPS         
California       .Upper-Midwest    .Butter-Powder          .              .              .             EPS         
California       .Central          .Beverage               .              .              .             EPS         
California       .Central          .Softs                  .              .              .             EPS         
California       .Central          .Cheese                 .              .              .             EPS         
California       .Central          .Butter-Powder          .              .              .             EPS         
California       .Mideast          .Beverage               .              .              .             EPS         
California       .Mideast          .Softs                  .              .              .             EPS         
California       .Mideast          .Cheese                 .              .              .             EPS         
California       .Mideast          .Butter-Powder          .              .              .             EPS         
California       .California       .Beverage               .              .              .             EPS         
California       .California       .Softs                  .              .              .             EPS         
California       .California       .Cheese                 .              .              .             EPS         
California       .California       .Butter-Powder          .              .              .             EPS         
California       .Pacific-Northwest.Beverage               .              .              .             EPS         
California       .Pacific-Northwest.Softs                  .              .              .             EPS         
California       .Pacific-Northwest.Cheese                 .              .              .             EPS         
California       .Pacific-Northwest.Butter-Powder          .              .              .             EPS         
California       .Southwest        .Beverage               .              .              .             EPS         
California       .Southwest        .Softs                  .              .              .             EPS         
California       .Southwest        .Cheese                 .              .              .             EPS         
California       .Southwest        .Butter-Powder          .              .              .             EPS         
California       .Arizona          .Beverage               .              .              .             EPS         
California       .Arizona          .Softs                  .              .              .             EPS         
California       .Arizona          .Cheese                 .              .              .             EPS         
California       .Arizona          .Butter-Powder          .              .              .             EPS         
California       .Unregulated      .Beverage               .              .              .             EPS         
California       .Unregulated      .Softs                  .              .              .             EPS         
California       .Unregulated      .Cheese                 .              .              .             EPS         
California       .Unregulated      .Butter-Powder          .              .              .             EPS         
Pacific-Northwest.Northeast        .Beverage               .              .              .             EPS         
Pacific-Northwest.Northeast        .Softs                  .              .              .             EPS         
Pacific-Northwest.Northeast        .Cheese                 .              .              .             EPS         
Pacific-Northwest.Northeast        .Butter-Powder          .              .              .             EPS         
Pacific-Northwest.Appalachian      .Beverage               .              .              .             EPS         
Pacific-Northwest.Appalachian      .Softs                  .              .              .             EPS         
Pacific-Northwest.Appalachian      .Cheese                 .              .              .             EPS         
Pacific-Northwest.Appalachian      .Butter-Powder          .              .              .             EPS         
Pacific-Northwest.Florida          .Beverage               .              .              .             EPS         
Pacific-Northwest.Florida          .Softs                  .              .              .             EPS         
Pacific-Northwest.Florida          .Cheese                 .              .              .             EPS         
Pacific-Northwest.Florida          .Butter-Powder          .              .              .             EPS         
Pacific-Northwest.Southeast        .Beverage               .              .              .             EPS         
Pacific-Northwest.Southeast        .Softs                  .              .              .             EPS         
Pacific-Northwest.Southeast        .Cheese                 .              .              .             EPS         
Pacific-Northwest.Southeast        .Butter-Powder          .              .              .             EPS         
Pacific-Northwest.Upper-Midwest    .Beverage               .              .              .             EPS         
Pacific-Northwest.Upper-Midwest    .Softs                  .              .              .             EPS         
Pacific-Northwest.Upper-Midwest    .Cheese                 .              .              .             EPS         
Pacific-Northwest.Upper-Midwest    .Butter-Powder          .              .              .             EPS         
Pacific-Northwest.Central          .Beverage               .              .              .             EPS         
Pacific-Northwest.Central          .Softs                  .              .              .             EPS         
Pacific-Northwest.Central          .Cheese                 .              .              .             EPS         
Pacific-Northwest.Central          .Butter-Powder          .              .              .             EPS         
Pacific-Northwest.Mideast          .Beverage               .              .              .             EPS         
Pacific-Northwest.Mideast          .Softs                  .              .              .             EPS         
Pacific-Northwest.Mideast          .Cheese                 .              .              .             EPS         
Pacific-Northwest.Mideast          .Butter-Powder          .              .              .             EPS         
Pacific-Northwest.California       .Beverage               .              .              .             EPS         
Pacific-Northwest.California       .Softs                  .              .              .             EPS         
Pacific-Northwest.California       .Cheese                 .              .              .             EPS         
Pacific-Northwest.California       .Butter-Powder          .              .              .             EPS         
Pacific-Northwest.Pacific-Northwest.Beverage               .              .              .             EPS         
Pacific-Northwest.Pacific-Northwest.Softs                  .              .              .             EPS         
Pacific-Northwest.Pacific-Northwest.Cheese                 .              .              .             EPS         
Pacific-Northwest.Pacific-Northwest.Butter-Powder          .              .              .             EPS         
Pacific-Northwest.Southwest        .Beverage               .              .              .             EPS         
Pacific-Northwest.Southwest        .Softs                  .              .              .             EPS         
Pacific-Northwest.Southwest        .Cheese                 .              .              .             EPS         
Pacific-Northwest.Southwest        .Butter-Powder          .              .              .             EPS         
Pacific-Northwest.Arizona          .Beverage               .              .              .             EPS         
Pacific-Northwest.Arizona          .Softs                  .              .              .             EPS         
Pacific-Northwest.Arizona          .Cheese                 .              .              .             EPS         
Pacific-Northwest.Arizona          .Butter-Powder          .              .              .             EPS         
Pacific-Northwest.Unregulated      .Beverage               .              .              .             EPS         
Pacific-Northwest.Unregulated      .Softs                  .              .              .             EPS         
Pacific-Northwest.Unregulated      .Cheese                 .              .              .             EPS         
Pacific-Northwest.Unregulated      .Butter-Powder          .              .              .             EPS         
Southwest        .Northeast        .Beverage               .              .              .             EPS         
Southwest        .Northeast        .Softs                  .              .              .             EPS         
Southwest        .Northeast        .Cheese                 .              .              .             EPS         
Southwest        .Northeast        .Butter-Powder          .              .              .             EPS         
Southwest        .Appalachian      .Beverage               .              .              .             EPS         
Southwest        .Appalachian      .Softs                  .              .              .             EPS         
Southwest        .Appalachian      .Cheese                 .              .              .             EPS         
Southwest        .Appalachian      .Butter-Powder          .              .              .             EPS         
Southwest        .Florida          .Beverage               .              .              .             EPS         
Southwest        .Florida          .Softs                  .              .              .             EPS         
Southwest        .Florida          .Cheese                 .              .              .             EPS         
Southwest        .Florida          .Butter-Powder          .              .              .             EPS         
Southwest        .Southeast        .Beverage               .              .              .             EPS         
Southwest        .Southeast        .Softs                  .              .              .             EPS         
Southwest        .Southeast        .Cheese                 .              .              .             EPS         
Southwest        .Southeast        .Butter-Powder          .              .              .             EPS         
Southwest        .Upper-Midwest    .Beverage               .              .              .             EPS         
Southwest        .Upper-Midwest    .Softs                  .              .              .             EPS         
Southwest        .Upper-Midwest    .Cheese                 .              .              .             EPS         
Southwest        .Upper-Midwest    .Butter-Powder          .              .              .             EPS         
Southwest        .Central          .Beverage               .              .              .             EPS         
Southwest        .Central          .Softs                  .              .              .             EPS         
Southwest        .Central          .Cheese                 .              .              .             EPS         
Southwest        .Central          .Butter-Powder          .              .              .             EPS         
Southwest        .Mideast          .Beverage               .              .              .             EPS         
Southwest        .Mideast          .Softs                  .              .              .             EPS         
Southwest        .Mideast          .Cheese                 .              .              .             EPS         
Southwest        .Mideast          .Butter-Powder          .              .              .             EPS         
Southwest        .California       .Beverage               .              .              .             EPS         
Southwest        .California       .Softs                  .              .              .             EPS         
Southwest        .California       .Cheese                 .              .              .             EPS         
Southwest        .California       .Butter-Powder          .              .              .             EPS         
Southwest        .Pacific-Northwest.Beverage               .              .              .             EPS         
Southwest        .Pacific-Northwest.Softs                  .              .              .             EPS         
Southwest        .Pacific-Northwest.Cheese                 .              .              .             EPS         
Southwest        .Pacific-Northwest.Butter-Powder          .              .              .             EPS         
Southwest        .Southwest        .Beverage               .              .              .             EPS         
Southwest        .Southwest        .Softs                  .              .              .             EPS         
Southwest        .Southwest        .Cheese                 .              .              .             EPS         
Southwest        .Southwest        .Butter-Powder          .              .              .             EPS         
Southwest        .Arizona          .Beverage               .              .              .             EPS         
Southwest        .Arizona          .Softs                  .              .              .             EPS         
Southwest        .Arizona          .Cheese                 .              .              .             EPS         
Southwest        .Arizona          .Butter-Powder          .              .              .             EPS         
Southwest        .Unregulated      .Beverage               .              .              .             EPS         
Southwest        .Unregulated      .Softs                  .              .              .             EPS         
Southwest        .Unregulated      .Cheese                 .              .              .             EPS         
Southwest        .Unregulated      .Butter-Powder          .              .              .             EPS         
Arizona          .Northeast        .Beverage               .              .              .             EPS         
Arizona          .Northeast        .Softs                  .              .              .             EPS         
Arizona          .Northeast        .Cheese                 .              .              .             EPS         
Arizona          .Northeast        .Butter-Powder          .              .              .             EPS         
Arizona          .Appalachian      .Beverage               .              .              .             EPS         
Arizona          .Appalachian      .Softs                  .              .              .             EPS         
Arizona          .Appalachian      .Cheese                 .              .              .             EPS         
Arizona          .Appalachian      .Butter-Powder          .              .              .             EPS         
Arizona          .Florida          .Beverage               .              .              .             EPS         
Arizona          .Florida          .Softs                  .              .              .             EPS         
Arizona          .Florida          .Cheese                 .              .              .             EPS         
Arizona          .Florida          .Butter-Powder          .              .              .             EPS         
Arizona          .Southeast        .Beverage               .              .              .             EPS         
Arizona          .Southeast        .Softs                  .              .              .             EPS         
Arizona          .Southeast        .Cheese                 .              .              .             EPS         
Arizona          .Southeast        .Butter-Powder          .              .              .             EPS         
Arizona          .Upper-Midwest    .Beverage               .              .              .             EPS         
Arizona          .Upper-Midwest    .Softs                  .              .              .             EPS         
Arizona          .Upper-Midwest    .Cheese                 .              .              .             EPS         
Arizona          .Upper-Midwest    .Butter-Powder          .              .              .             EPS         
Arizona          .Central          .Beverage               .              .              .             EPS         
Arizona          .Central          .Softs                  .              .              .             EPS         
Arizona          .Central          .Cheese                 .              .              .             EPS         
Arizona          .Central          .Butter-Powder          .              .              .             EPS         
Arizona          .Mideast          .Beverage               .              .              .             EPS         
Arizona          .Mideast          .Softs                  .              .              .             EPS         
Arizona          .Mideast          .Cheese                 .              .              .             EPS         
Arizona          .Mideast          .Butter-Powder          .              .              .             EPS         
Arizona          .California       .Beverage               .              .              .             EPS         
Arizona          .California       .Softs                  .              .              .             EPS         
Arizona          .California       .Cheese                 .              .              .             EPS         
Arizona          .California       .Butter-Powder          .              .              .             EPS         
Arizona          .Pacific-Northwest.Beverage               .              .              .             EPS         
Arizona          .Pacific-Northwest.Softs                  .              .              .             EPS         
Arizona          .Pacific-Northwest.Cheese                 .              .              .             EPS         
Arizona          .Pacific-Northwest.Butter-Powder          .              .              .             EPS         
Arizona          .Southwest        .Beverage               .              .              .             EPS         
Arizona          .Southwest        .Softs                  .              .              .             EPS         
Arizona          .Southwest        .Cheese                 .              .              .             EPS         
Arizona          .Southwest        .Butter-Powder          .              .              .             EPS         
Arizona          .Arizona          .Beverage               .              .              .             EPS         
Arizona          .Arizona          .Softs                  .              .              .             EPS         
Arizona          .Arizona          .Cheese                 .              .              .             EPS         
Arizona          .Arizona          .Butter-Powder          .              .              .             EPS         
Arizona          .Unregulated      .Beverage               .              .              .             EPS         
Arizona          .Unregulated      .Softs                  .              .              .             EPS         
Arizona          .Unregulated      .Cheese                 .              .              .             EPS         
Arizona          .Unregulated      .Butter-Powder          .              .              .             EPS         
Unregulated      .Northeast        .Beverage               .              .              .             EPS         
Unregulated      .Northeast        .Softs                  .              .              .             EPS         
Unregulated      .Northeast        .Cheese                 .              .              .             EPS         
Unregulated      .Northeast        .Butter-Powder          .              .              .             EPS         
Unregulated      .Appalachian      .Beverage               .              .              .             EPS         
Unregulated      .Appalachian      .Softs                  .              .              .             EPS         
Unregulated      .Appalachian      .Cheese                 .              .              .             EPS         
Unregulated      .Appalachian      .Butter-Powder          .              .              .             EPS         
Unregulated      .Florida          .Beverage               .              .              .             EPS         
Unregulated      .Florida          .Softs                  .              .              .             EPS         
Unregulated      .Florida          .Cheese                 .              .              .             EPS         
Unregulated      .Florida          .Butter-Powder          .              .              .             EPS         
Unregulated      .Southeast        .Beverage               .              .              .             EPS         
Unregulated      .Southeast        .Softs                  .              .              .             EPS         
Unregulated      .Southeast        .Cheese                 .              .              .             EPS         
Unregulated      .Southeast        .Butter-Powder          .              .              .             EPS         
Unregulated      .Upper-Midwest    .Beverage               .              .              .             EPS         
Unregulated      .Upper-Midwest    .Softs                  .              .              .             EPS         
Unregulated      .Upper-Midwest    .Cheese                 .              .              .             EPS         
Unregulated      .Upper-Midwest    .Butter-Powder          .              .              .             EPS         
Unregulated      .Central          .Beverage               .              .              .             EPS         
Unregulated      .Central          .Softs                  .              .              .             EPS         
Unregulated      .Central          .Cheese                 .              .              .             EPS         
Unregulated      .Central          .Butter-Powder          .              .              .             EPS         
Unregulated      .Mideast          .Beverage               .              .              .             EPS         
Unregulated      .Mideast          .Softs                  .              .              .             EPS         
Unregulated      .Mideast          .Cheese                 .              .              .             EPS         
Unregulated      .Mideast          .Butter-Powder          .              .              .             EPS         
Unregulated      .California       .Beverage               .              .              .             EPS         
Unregulated      .California       .Softs                  .              .              .             EPS         
Unregulated      .California       .Cheese                 .              .              .             EPS         
Unregulated      .California       .Butter-Powder          .              .              .             EPS         
Unregulated      .Pacific-Northwest.Beverage               .              .              .             EPS         
Unregulated      .Pacific-Northwest.Softs                  .              .              .             EPS         
Unregulated      .Pacific-Northwest.Cheese                 .              .              .             EPS         
Unregulated      .Pacific-Northwest.Butter-Powder          .              .              .             EPS         
Unregulated      .Southwest        .Beverage               .              .              .             EPS         
Unregulated      .Southwest        .Softs                  .              .              .             EPS         
Unregulated      .Southwest        .Cheese                 .              .              .             EPS         
Unregulated      .Southwest        .Butter-Powder          .              .              .             EPS         
Unregulated      .Arizona          .Beverage               .              .              .             EPS         
Unregulated      .Arizona          .Softs                  .              .              .             EPS         
Unregulated      .Arizona          .Cheese                 .              .              .             EPS         
Unregulated      .Arizona          .Butter-Powder          .              .              .             EPS         
Unregulated      .Unregulated      .Beverage               .              .              .             EPS         
Unregulated      .Unregulated      .Softs                  .              .              .             EPS         
Unregulated      .Unregulated      .Cheese                 .              .              .             EPS         
Unregulated      .Unregulated      .Butter-Powder          .              .              .             EPS         
ROW              .Northeast        .Beverage               .              .              .             EPS         
ROW              .Northeast        .Softs                  .              .              .             EPS         
ROW              .Northeast        .Cheese                 .              .              .             EPS         
ROW              .Northeast        .Butter-Powder          .              .              .             EPS         
ROW              .Appalachian      .Beverage               .              .              .             EPS         
ROW              .Appalachian      .Softs                  .              .              .             EPS         
ROW              .Appalachian      .Cheese                 .              .              .             EPS         
ROW              .Appalachian      .Butter-Powder          .              .              .             EPS         
ROW              .Florida          .Beverage               .              .              .             EPS         
ROW              .Florida          .Softs                  .              .              .             EPS         
ROW              .Florida          .Cheese                 .              .              .             EPS         
ROW              .Florida          .Butter-Powder          .              .              .             EPS         
ROW              .Southeast        .Beverage               .              .              .             EPS         
ROW              .Southeast        .Softs                  .              .              .             EPS         
ROW              .Southeast        .Cheese                 .              .              .             EPS         
ROW              .Southeast        .Butter-Powder          .              .              .             EPS         
ROW              .Upper-Midwest    .Beverage               .              .              .             EPS         
ROW              .Upper-Midwest    .Softs                  .              .              .             EPS         
ROW              .Upper-Midwest    .Cheese                 .              .              .             EPS         
ROW              .Upper-Midwest    .Butter-Powder          .              .              .             EPS         
ROW              .Central          .Beverage               .              .              .             EPS         
ROW              .Central          .Softs                  .              .              .             EPS         
ROW              .Central          .Cheese                 .              .              .             EPS         
ROW              .Central          .Butter-Powder          .              .              .             EPS         
ROW              .Mideast          .Beverage               .              .              .             EPS         
ROW              .Mideast          .Softs                  .              .              .             EPS         
ROW              .Mideast          .Cheese                 .              .              .             EPS         
ROW              .Mideast          .Butter-Powder          .              .              .             EPS         
ROW              .California       .Beverage               .              .              .             EPS         
ROW              .California       .Softs                  .              .              .             EPS         
ROW              .California       .Cheese                 .              .              .             EPS         
ROW              .California       .Butter-Powder          .              .              .             EPS         
ROW              .Pacific-Northwest.Beverage               .              .              .             EPS         
ROW              .Pacific-Northwest.Softs                  .              .              .             EPS         
ROW              .Pacific-Northwest.Cheese                 .              .              .             EPS         
ROW              .Pacific-Northwest.Butter-Powder          .              .              .             EPS         
ROW              .Southwest        .Beverage               .              .              .             EPS         
ROW              .Southwest        .Softs                  .              .              .             EPS         
ROW              .Southwest        .Cheese                 .              .              .             EPS         
ROW              .Southwest        .Butter-Powder          .              .              .             EPS         
ROW              .Arizona          .Beverage               .              .              .             EPS         
ROW              .Arizona          .Softs                  .              .              .             EPS         
ROW              .Arizona          .Cheese                 .              .              .             EPS         
ROW              .Arizona          .Butter-Powder          .              .              .             EPS         
ROW              .Unregulated      .Beverage               .              .              .             EPS         
ROW              .Unregulated      .Softs                  .              .              .             EPS         
ROW              .Unregulated      .Cheese                 .              .              .             EPS         
ROW              .Unregulated      .Butter-Powder          .              .              .             EPS         

---- EQU EQ2  foreign consumer demand for US regional dairy products

                                       LOWER          LEVEL          UPPER         MARGINAL

Northeast        .Softs                  .              .              .             EPS         
Northeast        .Cheese                 .              .              .             EPS         
Northeast        .Butter-Powder          .              .              .             EPS         
Appalachian      .Softs                  .              .              .             EPS         
Appalachian      .Cheese                 .              .              .             EPS         
Appalachian      .Butter-Powder          .              .              .             EPS         
Florida          .Softs                  .              .              .             EPS         
Florida          .Cheese                 .              .              .             EPS         
Florida          .Butter-Powder          .              .              .             EPS         
Southeast        .Softs                  .              .              .             EPS         
Southeast        .Cheese                 .              .              .             EPS         
Southeast        .Butter-Powder          .              .              .             EPS         
Upper-Midwest    .Softs                  .              .              .             EPS         
Upper-Midwest    .Cheese                 .              .              .             EPS         
Upper-Midwest    .Butter-Powder          .              .              .             EPS         
Central          .Softs                  .              .              .             EPS         
Central          .Cheese                 .              .              .             EPS         
Central          .Butter-Powder          .              .              .             EPS         
Mideast          .Softs                  .              .              .             EPS         
Mideast          .Cheese                 .              .              .             EPS         
Mideast          .Butter-Powder          .              .              .             EPS         
California       .Softs                  .              .              .             EPS         
California       .Cheese                 .              .              .             EPS         
California       .Butter-Powder          .              .              .             EPS         
Pacific-Northwest.Softs                  .              .              .             EPS         
Pacific-Northwest.Cheese                 .              .              .             EPS         
Pacific-Northwest.Butter-Powder          .              .              .             EPS         
Southwest        .Softs                  .              .              .             EPS         
Southwest        .Cheese                 .              .              .             EPS         
Southwest        .Butter-Powder          .              .              .             EPS         
Arizona          .Softs                  .              .              .             EPS         
Arizona          .Cheese                 .              .              .             EPS         
Arizona          .Butter-Powder          .              .              .             EPS         
Unregulated      .Softs                  .              .              .             EPS         
Unregulated      .Cheese                 .              .              .             EPS         
Unregulated      .Butter-Powder          .              .              .             EPS         

---- EQU EQ3  definition of region DOMJ dairy product price index

                         LOWER          LEVEL          UPPER         MARGINAL

Northeast                  .              .              .             EPS         
Appalachian                .              .              .             EPS         
Florida                    .              .              .             EPS         
Southeast                  .              .              .             EPS         
Upper-Midwest              .              .              .             EPS         
Central                    .              .              .             EPS         
Mideast                    .              .              .             EPS         
California                 .              .              .             EPS         
Pacific-Northwest          .              .              .             EPS         
Southwest                  .              .              .             EPS         
Arizona                    .              .              .             EPS         
Unregulated                .              .              .             EPS         

---- EQU EQ4  definition of region DOMJ price index for product N

                                       LOWER          LEVEL          UPPER         MARGINAL

Northeast        .Beverage               .              .              .             EPS         
Northeast        .Softs                  .              .              .             EPS         
Northeast        .Cheese                 .              .              .             EPS         
Northeast        .Butter-Powder          .              .              .             EPS         
Appalachian      .Beverage               .              .              .             EPS         
Appalachian      .Softs                  .              .              .             EPS         
Appalachian      .Cheese                 .              .              .             EPS         
Appalachian      .Butter-Powder          .              .              .             EPS         
Florida          .Beverage               .              .              .             EPS         
Florida          .Softs                  .              .              .             EPS         
Florida          .Cheese                 .              .              .             EPS         
Florida          .Butter-Powder          .              .              .             EPS         
Southeast        .Beverage               .              .              .             EPS         
Southeast        .Softs                  .              .              .             EPS         
Southeast        .Cheese                 .              .              .             EPS         
Southeast        .Butter-Powder          .              .              .             EPS         
Upper-Midwest    .Beverage               .              .              .             EPS         
Upper-Midwest    .Softs                  .              .              .             EPS         
Upper-Midwest    .Cheese                 .              .              .             EPS         
Upper-Midwest    .Butter-Powder          .              .              .             EPS         
Central          .Beverage               .              .              .             EPS         
Central          .Softs                  .              .              .             EPS         
Central          .Cheese                 .              .              .             EPS         
Central          .Butter-Powder          .              .              .             EPS         
Mideast          .Beverage               .              .              .             EPS         
Mideast          .Softs                  .              .              .             EPS         
Mideast          .Cheese                 .              .              .             EPS         
Mideast          .Butter-Powder          .              .              .             EPS         
California       .Beverage               .              .              .             EPS         
California       .Softs                  .              .              .             EPS         
California       .Cheese                 .              .              .             EPS         
California       .Butter-Powder          .              .              .             EPS         
Pacific-Northwest.Beverage               .              .              .             EPS         
Pacific-Northwest.Softs                  .              .              .             EPS         
Pacific-Northwest.Cheese                 .              .              .             EPS         
Pacific-Northwest.Butter-Powder          .              .              .             EPS         
Southwest        .Beverage               .              .              .             EPS         
Southwest        .Softs                  .              .              .             EPS         
Southwest        .Cheese                 .              .              .             EPS         
Southwest        .Butter-Powder          .              .              .             EPS         
Arizona          .Beverage               .              .              .             EPS         
Arizona          .Softs                  .              .              .             EPS         
Arizona          .Cheese                 .              .              .             EPS         
Arizona          .Butter-Powder          .              .              .             EPS         
Unregulated      .Beverage               .              .              .             EPS         
Unregulated      .Softs                  .              .              .             EPS         
Unregulated      .Cheese                 .              .              .             EPS         
Unregulated      .Butter-Powder          .              .              .             EPS         

                           LOWER          LEVEL          UPPER         MARGINAL

---- EQU EQ5                 .              .              .             EPS         

  EQ5  definition of foreign dairy product price index

---- EQU EQ6  definition of foreign price index for product N

                     LOWER          LEVEL          UPPER         MARGINAL

Softs                  .              .              .             EPS         
Cheese                 .              .              .             EPS         
Butter-Powder          .              .              .             EPS         

---- EQU EQ7  dairy product market clearing

                                       LOWER          LEVEL          UPPER         MARGINAL

Northeast        .Beverage               .              .              .             EPS         
Northeast        .Softs                  .              .              .             EPS         
Northeast        .Cheese                 .              .              .             EPS         
Northeast        .Butter-Powder          .              .              .             EPS         
Appalachian      .Beverage               .              .              .             EPS         
Appalachian      .Softs                  .              .              .             EPS         
Appalachian      .Cheese                 .              .              .             EPS         
Appalachian      .Butter-Powder          .              .              .             EPS         
Florida          .Beverage               .              .              .             EPS         
Florida          .Softs                  .              .              .             EPS         
Florida          .Cheese                 .              .              .             EPS         
Florida          .Butter-Powder          .              .              .             EPS         
Southeast        .Beverage               .              .              .             EPS         
Southeast        .Softs                  .              .              .             EPS         
Southeast        .Cheese                 .              .              .             EPS         
Southeast        .Butter-Powder          .              .              .             EPS         
Upper-Midwest    .Beverage               .              .              .             EPS         
Upper-Midwest    .Softs                  .              .              .             EPS         
Upper-Midwest    .Cheese                 .              .              .             EPS         
Upper-Midwest    .Butter-Powder          .              .              .             EPS         
Central          .Beverage               .              .              .             EPS         
Central          .Softs                  .              .              .             EPS         
Central          .Cheese                 .              .              .             EPS         
Central          .Butter-Powder          .              .              .             EPS         
Mideast          .Beverage               .              .              .             EPS         
Mideast          .Softs                  .              .              .             EPS         
Mideast          .Cheese                 .              .              .             EPS         
Mideast          .Butter-Powder          .              .              .             EPS         
California       .Beverage               .              .              .             EPS         
California       .Softs                  .              .              .             EPS         
California       .Cheese                 .              .              .             EPS         
California       .Butter-Powder          .              .              .             EPS         
Pacific-Northwest.Beverage               .              .              .             EPS         
Pacific-Northwest.Softs                  .              .              .             EPS         
Pacific-Northwest.Cheese                 .              .              .             EPS         
Pacific-Northwest.Butter-Powder          .              .              .             EPS         
Southwest        .Beverage               .              .              .             EPS         
Southwest        .Softs                  .              .              .             EPS         
Southwest        .Cheese                 .              .              .             EPS         
Southwest        .Butter-Powder          .              .              .             EPS         
Arizona          .Beverage               .              .              .             EPS         
Arizona          .Softs                  .              .              .             EPS         
Arizona          .Cheese                 .              .              .             EPS         
Arizona          .Butter-Powder          .              .              .             EPS         
Unregulated      .Beverage               .              .              .             EPS         
Unregulated      .Softs                  .              .              .             EPS         
Unregulated      .Cheese                 .              .              .             EPS         
Unregulated      .Butter-Powder          .              .              .             EPS         

---- EQU EQ10EX  EQ10 with exogenous VINDEX (for MODEL COMPDEMAND)

                                       LOWER          LEVEL          UPPER         MARGINAL

Northeast        .Beverage              1.0000         1.0000         1.0000         EPS         
Northeast        .Softs                 1.0000         1.0000         1.0000         EPS         
Northeast        .Cheese                1.0000         1.0000         1.0000         EPS         
Northeast        .Butter-Powder         1.0000         1.0000         1.0000         EPS         
Appalachian      .Beverage              1.0000         1.0000         1.0000         EPS         
Appalachian      .Softs                 1.0000         1.0000         1.0000         EPS         
Appalachian      .Cheese                1.0000         1.0000         1.0000         EPS         
Appalachian      .Butter-Powder         1.0000         1.0000         1.0000         EPS         
Florida          .Beverage              1.0000         1.0000         1.0000         EPS         
Florida          .Softs                 1.0000         1.0000         1.0000         EPS         
Florida          .Cheese                1.0000         1.0000         1.0000         EPS         
Florida          .Butter-Powder         1.0000         1.0000         1.0000         EPS         
Southeast        .Beverage              1.0000         1.0000         1.0000         EPS         
Southeast        .Softs                 1.0000         1.0000         1.0000         EPS         
Southeast        .Cheese                1.0000         1.0000         1.0000         EPS         
Southeast        .Butter-Powder         1.0001         1.0001         1.0001         EPS         
Upper-Midwest    .Beverage              1.0000         1.0000         1.0000         EPS         
Upper-Midwest    .Softs                 1.0000         1.0000         1.0000         EPS         
Upper-Midwest    .Cheese                1.0000         1.0000         1.0000         EPS         
Upper-Midwest    .Butter-Powder         1.0000         1.0000         1.0000         EPS         
Central          .Beverage              1.0000         1.0000         1.0000         EPS         
Central          .Softs                 1.0000         1.0000         1.0000         EPS         
Central          .Cheese                1.0000         1.0000         1.0000         EPS         
Central          .Butter-Powder         1.0000         1.0000         1.0000         EPS         
Mideast          .Beverage              1.0000         1.0000         1.0000         EPS         
Mideast          .Softs                 1.0000         1.0000         1.0000         EPS         
Mideast          .Cheese                1.0000         1.0000         1.0000         EPS         
Mideast          .Butter-Powder         1.0001         1.0001         1.0001         EPS         
California       .Beverage              1.0000         1.0000         1.0000         EPS         
California       .Softs                 1.0000         1.0000         1.0000         EPS         
California       .Cheese                1.0000         1.0000         1.0000         EPS         
California       .Butter-Powder         1.0000         1.0000         1.0000         EPS         
Pacific-Northwest.Beverage              1.0000         1.0000         1.0000         EPS         
Pacific-Northwest.Softs                 1.0000         1.0000         1.0000         EPS         
Pacific-Northwest.Cheese                1.0000         1.0000         1.0000         EPS         
Pacific-Northwest.Butter-Powder         1.0001         1.0001         1.0001         EPS         
Southwest        .Beverage              1.0000         1.0000         1.0000         EPS         
Southwest        .Softs                 1.0000         1.0000         1.0000         EPS         
Southwest        .Cheese                1.0001         1.0001         1.0001         EPS         
Southwest        .Butter-Powder         1.0000         1.0000         1.0000         EPS         
Arizona          .Beverage              1.0000         1.0000         1.0000         EPS         
Arizona          .Softs                 1.0000         1.0000         1.0000         EPS         
Arizona          .Cheese                1.0000         1.0000         1.0000         EPS         
Arizona          .Butter-Powder         1.0000         1.0000         1.0000         EPS         
Unregulated      .Beverage              1.0000         1.0000         1.0000         EPS         
Unregulated      .Softs                 1.0000         1.0000         1.0000         EPS         
Unregulated      .Cheese                1.0000         1.0000         1.0000         EPS         
Unregulated      .Butter-Powder         1.0000         1.0000         1.0000         EPS         

                           LOWER          LEVEL          UPPER         MARGINAL

---- EQU EQ21               1.0000         1.0000         1.0000         1.0000      

  EQ21  objective function

---- VAR C  relative change in region DOMJ demand for product N from origin I

                                                         LOWER          LEVEL          UPPER         MARGINAL

Northeast        .Northeast        .Beverage             -INF            1.0000        +INF             .          
Northeast        .Northeast        .Softs                -INF            1.0000        +INF             .          
Northeast        .Northeast        .Cheese               -INF            1.0000        +INF             .          
Northeast        .Northeast        .Butter-Powder        -INF            1.0000        +INF             .          
Northeast        .Appalachian      .Beverage             -INF            1.0000        +INF             .          
Northeast        .Appalachian      .Softs                -INF            1.0000        +INF             .          
Northeast        .Appalachian      .Cheese               -INF            1.0000        +INF             .          
Northeast        .Appalachian      .Butter-Powder        -INF            1.0000        +INF             .          
Northeast        .Florida          .Beverage             -INF            1.0000        +INF             .          
Northeast        .Florida          .Softs                -INF            1.0000        +INF             .          
Northeast        .Florida          .Cheese               -INF            1.0000        +INF             .          
Northeast        .Florida          .Butter-Powder        -INF            1.0000        +INF             .          
Northeast        .Southeast        .Beverage             -INF            1.0000        +INF             .          
Northeast        .Southeast        .Softs                -INF            1.0000        +INF             .          
Northeast        .Southeast        .Cheese               -INF            1.0000        +INF             .          
Northeast        .Southeast        .Butter-Powder        -INF            1.0000        +INF             .          
Northeast        .Upper-Midwest    .Beverage             -INF            1.0000        +INF             .          
Northeast        .Upper-Midwest    .Softs                -INF            1.0000        +INF             .          
Northeast        .Upper-Midwest    .Cheese               -INF            1.0000        +INF             .          
Northeast        .Upper-Midwest    .Butter-Powder        -INF            1.0000        +INF             .          
Northeast        .Central          .Beverage             -INF            1.0000        +INF             .          
Northeast        .Central          .Softs                -INF            1.0000        +INF             .          
Northeast        .Central          .Cheese               -INF            1.0000        +INF             .          
Northeast        .Central          .Butter-Powder        -INF            1.0000        +INF             .          
Northeast        .Mideast          .Beverage             -INF            1.0000        +INF             .          
Northeast        .Mideast          .Softs                -INF            1.0000        +INF             .          
Northeast        .Mideast          .Cheese               -INF            1.0000        +INF             .          
Northeast        .Mideast          .Butter-Powder        -INF            1.0001        +INF             .          
Northeast        .California       .Beverage             -INF            1.0000        +INF             .          
Northeast        .California       .Softs                -INF            1.0000        +INF             .          
Northeast        .California       .Cheese               -INF            1.0001        +INF             .          
Northeast        .California       .Butter-Powder        -INF            1.0001        +INF             .          
Northeast        .Pacific-Northwest.Beverage             -INF            1.0000        +INF             .          
Northeast        .Pacific-Northwest.Softs                -INF            1.0000        +INF             .          
Northeast        .Pacific-Northwest.Cheese               -INF            1.0001        +INF             .          
Northeast        .Pacific-Northwest.Butter-Powder        -INF            1.0002        +INF             .          
Northeast        .Southwest        .Beverage             -INF            1.0000        +INF             .          
Northeast        .Southwest        .Softs                -INF            1.0000        +INF             .          
Northeast        .Southwest        .Cheese               -INF            1.0001        +INF             .          
Northeast        .Southwest        .Butter-Powder        -INF            1.0001        +INF             .          
Northeast        .Arizona          .Beverage             -INF            1.0000        +INF             .          
Northeast        .Arizona          .Softs                -INF            1.0000        +INF             .          
Northeast        .Arizona          .Cheese               -INF            1.0001        +INF             .          
Northeast        .Arizona          .Butter-Powder        -INF            1.0000        +INF             .          
Northeast        .Unregulated      .Beverage             -INF            1.0000        +INF             .          
Northeast        .Unregulated      .Softs                -INF            1.0000        +INF             .          
Northeast        .Unregulated      .Cheese               -INF            1.0001        +INF             .          
Northeast        .Unregulated      .Butter-Powder        -INF            1.0002        +INF             .          
Appalachian      .Northeast        .Beverage             -INF            1.0000        +INF             .          
Appalachian      .Northeast        .Softs                -INF            1.0000        +INF             .          
Appalachian      .Northeast        .Cheese               -INF            1.0000        +INF             .          
Appalachian      .Northeast        .Butter-Powder        -INF            1.0001        +INF             .          
Appalachian      .Appalachian      .Beverage             -INF            1.0000        +INF             .          
Appalachian      .Appalachian      .Softs                -INF            1.0000        +INF             .          
Appalachian      .Appalachian      .Cheese               -INF            1.0000        +INF             .          
Appalachian      .Appalachian      .Butter-Powder        -INF            1.0001        +INF             .          
Appalachian      .Florida          .Beverage             -INF            1.0000        +INF             .          
Appalachian      .Florida          .Softs                -INF            1.0000        +INF             .          
Appalachian      .Florida          .Cheese               -INF            1.0000        +INF             .          
Appalachian      .Florida          .Butter-Powder        -INF            1.0001        +INF             .          
Appalachian      .Southeast        .Beverage             -INF            1.0000        +INF             .          
Appalachian      .Southeast        .Softs                -INF            1.0000        +INF             .          
Appalachian      .Southeast        .Cheese               -INF            1.0001        +INF             .          
Appalachian      .Southeast        .Butter-Powder        -INF            1.0001        +INF             .          
Appalachian      .Upper-Midwest    .Beverage             -INF            1.0000        +INF             .          
Appalachian      .Upper-Midwest    .Softs                -INF            1.0000        +INF             .          
Appalachian      .Upper-Midwest    .Cheese               -INF            1.0001        +INF             .          
Appalachian      .Upper-Midwest    .Butter-Powder        -INF            1.0001        +INF             .          
Appalachian      .Central          .Beverage             -INF            1.0000        +INF             .          
Appalachian      .Central          .Softs                -INF            1.0000        +INF             .          
Appalachian      .Central          .Cheese               -INF            1.0000        +INF             .          
Appalachian      .Central          .Butter-Powder        -INF            1.0001        +INF             .          
Appalachian      .Mideast          .Beverage             -INF            1.0000        +INF             .          
Appalachian      .Mideast          .Softs                -INF            1.0000        +INF             .          
Appalachian      .Mideast          .Cheese               -INF            1.0000        +INF             .          
Appalachian      .Mideast          .Butter-Powder        -INF            1.0002        +INF             .          
Appalachian      .California       .Beverage             -INF            1.0000        +INF             .          
Appalachian      .California       .Softs                -INF            1.0000        +INF             .          
Appalachian      .California       .Cheese               -INF            1.0001        +INF             .          
Appalachian      .California       .Butter-Powder        -INF            1.0002        +INF             .          
Appalachian      .Pacific-Northwest.Beverage             -INF            1.0000        +INF             .          
Appalachian      .Pacific-Northwest.Softs                -INF            1.0000        +INF             .          
Appalachian      .Pacific-Northwest.Cheese               -INF            1.0001        +INF             .          
Appalachian      .Pacific-Northwest.Butter-Powder        -INF            1.0003        +INF             .          
Appalachian      .Southwest        .Beverage             -INF            1.0000        +INF             .          
Appalachian      .Southwest        .Softs                -INF            1.0000        +INF             .          
Appalachian      .Southwest        .Cheese               -INF            1.0001        +INF             .          
Appalachian      .Southwest        .Butter-Powder        -INF            1.0002        +INF             .          
Appalachian      .Arizona          .Beverage             -INF            1.0000        +INF             .          
Appalachian      .Arizona          .Softs                -INF            1.0000        +INF             .          
Appalachian      .Arizona          .Cheese               -INF            1.0001        +INF             .          
Appalachian      .Arizona          .Butter-Powder        -INF            1.0001        +INF             .          
Appalachian      .Unregulated      .Beverage             -INF            1.0000        +INF             .          
Appalachian      .Unregulated      .Softs                -INF            1.0000        +INF             .          
Appalachian      .Unregulated      .Cheese               -INF            1.0001        +INF             .          
Appalachian      .Unregulated      .Butter-Powder        -INF            1.0002        +INF             .          
Florida          .Northeast        .Beverage             -INF            1.0000        +INF             .          
Florida          .Northeast        .Softs                -INF            1.0000        +INF             .          
Florida          .Northeast        .Cheese               -INF            1.0001        +INF             .          
Florida          .Northeast        .Butter-Powder        -INF            1.0000        +INF             .          
Florida          .Appalachian      .Beverage             -INF            1.0000        +INF             .          
Florida          .Appalachian      .Softs                -INF            1.0000        +INF             .          
Florida          .Appalachian      .Cheese               -INF            1.0001        +INF             .          
Florida          .Appalachian      .Butter-Powder        -INF            1.0000        +INF             .          
Florida          .Florida          .Beverage             -INF            1.0000        +INF             .          
Florida          .Florida          .Softs                -INF            1.0000        +INF             .          
Florida          .Florida          .Cheese               -INF            1.0001        +INF             .          
Florida          .Florida          .Butter-Powder        -INF            1.0000        +INF             .          
Florida          .Southeast        .Beverage             -INF            1.0000        +INF             .          
Florida          .Southeast        .Softs                -INF            1.0000        +INF             .          
Florida          .Southeast        .Cheese               -INF            1.0001        +INF             .          
Florida          .Southeast        .Butter-Powder        -INF            1.0001        +INF             .          
Florida          .Upper-Midwest    .Beverage             -INF            1.0000        +INF             .          
Florida          .Upper-Midwest    .Softs                -INF            1.0000        +INF             .          
Florida          .Upper-Midwest    .Cheese               -INF            1.0001        +INF             .          
Florida          .Upper-Midwest    .Butter-Powder        -INF            1.0001        +INF             .          
Florida          .Central          .Beverage             -INF            1.0000        +INF             .          
Florida          .Central          .Softs                -INF            1.0000        +INF             .          
Florida          .Central          .Cheese               -INF            1.0001        +INF             .          
Florida          .Central          .Butter-Powder        -INF            1.0001        +INF             .          
Florida          .Mideast          .Beverage             -INF            1.0000        +INF             .          
Florida          .Mideast          .Softs                -INF            1.0000        +INF             .          
Florida          .Mideast          .Cheese               -INF            1.0001        +INF             .          
Florida          .Mideast          .Butter-Powder        -INF            1.0001        +INF             .          
Florida          .California       .Beverage             -INF            1.0000        +INF             .          
Florida          .California       .Softs                -INF            1.0000        +INF             .          
Florida          .California       .Cheese               -INF            1.0001        +INF             .          
Florida          .California       .Butter-Powder        -INF            1.0002        +INF             .          
Florida          .Pacific-Northwest.Beverage             -INF            1.0000        +INF             .          
Florida          .Pacific-Northwest.Softs                -INF            1.0000        +INF             .          
Florida          .Pacific-Northwest.Cheese               -INF            1.0001        +INF             .          
Florida          .Pacific-Northwest.Butter-Powder        -INF            1.0002        +INF             .          
Florida          .Southwest        .Beverage             -INF            1.0000        +INF             .          
Florida          .Southwest        .Softs                -INF            1.0000        +INF             .          
Florida          .Southwest        .Cheese               -INF            1.0001        +INF             .          
Florida          .Southwest        .Butter-Powder        -INF            1.0001        +INF             .          
Florida          .Arizona          .Beverage             -INF            1.0000        +INF             .          
Florida          .Arizona          .Softs                -INF            1.0000        +INF             .          
Florida          .Arizona          .Cheese               -INF            1.0001        +INF             .          
Florida          .Arizona          .Butter-Powder        -INF            1.0001        +INF             .          
Florida          .Unregulated      .Beverage             -INF            1.0000        +INF             .          
Florida          .Unregulated      .Softs                -INF            1.0000        +INF             .          
Florida          .Unregulated      .Cheese               -INF            1.0001        +INF             .          
Florida          .Unregulated      .Butter-Powder        -INF            1.0002        +INF             .          
Southeast        .Northeast        .Beverage             -INF            1.0000        +INF             .          
Southeast        .Northeast        .Softs                -INF            0.9999        +INF             .          
Southeast        .Northeast        .Cheese               -INF            0.9999        +INF             .          
Southeast        .Northeast        .Butter-Powder        -INF            0.9997        +INF             .          
Southeast        .Appalachian      .Beverage             -INF            1.0000        +INF             .          
Southeast        .Appalachian      .Softs                -INF            0.9999        +INF             .          
Southeast        .Appalachian      .Cheese               -INF            1.0000        +INF             .          
Southeast        .Appalachian      .Butter-Powder        -INF            0.9997        +INF             .          
Southeast        .Florida          .Beverage             -INF            1.0000        +INF             .          
Southeast        .Florida          .Softs                -INF            0.9999        +INF             .          
Southeast        .Florida          .Cheese               -INF            1.0000        +INF             .          
Southeast        .Florida          .Butter-Powder        -INF            0.9997        +INF             .          
Southeast        .Southeast        .Beverage             -INF            1.0000        +INF             .          
Southeast        .Southeast        .Softs                -INF            0.9999        +INF             .          
Southeast        .Southeast        .Cheese               -INF            1.0000        +INF             .          
Southeast        .Southeast        .Butter-Powder        -INF            0.9998        +INF             .          
Southeast        .Upper-Midwest    .Beverage             -INF            1.0000        +INF             .          
Southeast        .Upper-Midwest    .Softs                -INF            0.9999        +INF             .          
Southeast        .Upper-Midwest    .Cheese               -INF            1.0000        +INF             .          
Southeast        .Upper-Midwest    .Butter-Powder        -INF            0.9998        +INF             .          
Southeast        .Central          .Beverage             -INF            1.0000        +INF             .          
Southeast        .Central          .Softs                -INF            0.9999        +INF             .          
Southeast        .Central          .Cheese               -INF            1.0000        +INF             .          
Southeast        .Central          .Butter-Powder        -INF            0.9998        +INF             .          
Southeast        .Mideast          .Beverage             -INF            1.0000        +INF             .          
Southeast        .Mideast          .Softs                -INF            0.9999        +INF             .          
Southeast        .Mideast          .Cheese               -INF            1.0000        +INF             .          
Southeast        .Mideast          .Butter-Powder        -INF            0.9998        +INF             .          
Southeast        .California       .Beverage             -INF            1.0000        +INF             .          
Southeast        .California       .Softs                -INF            0.9999        +INF             .          
Southeast        .California       .Cheese               -INF            1.0000        +INF             .          
Southeast        .California       .Butter-Powder        -INF            0.9999        +INF             .          
Southeast        .Pacific-Northwest.Beverage             -INF            1.0000        +INF             .          
Southeast        .Pacific-Northwest.Softs                -INF            0.9999        +INF             .          
Southeast        .Pacific-Northwest.Cheese               -INF            1.0000        +INF             .          
Southeast        .Pacific-Northwest.Butter-Powder        -INF            0.9999        +INF             .          
Southeast        .Southwest        .Beverage             -INF            1.0000        +INF             .          
Southeast        .Southwest        .Softs                -INF            0.9999        +INF             .          
Southeast        .Southwest        .Cheese               -INF            1.0000        +INF             .          
Southeast        .Southwest        .Butter-Powder        -INF            0.9998        +INF             .          
Southeast        .Arizona          .Beverage             -INF            1.0000        +INF             .          
Southeast        .Arizona          .Softs                -INF            0.9999        +INF             .          
Southeast        .Arizona          .Cheese               -INF            1.0000        +INF             .          
Southeast        .Arizona          .Butter-Powder        -INF            0.9998        +INF             .          
Southeast        .Unregulated      .Beverage             -INF            1.0000        +INF             .          
Southeast        .Unregulated      .Softs                -INF            0.9999        +INF             .          
Southeast        .Unregulated      .Cheese               -INF            1.0000        +INF             .          
Southeast        .Unregulated      .Butter-Powder        -INF            0.9999        +INF             .          
Upper-Midwest    .Northeast        .Beverage             -INF            1.0000        +INF             .          
Upper-Midwest    .Northeast        .Softs                -INF            1.0000        +INF             .          
Upper-Midwest    .Northeast        .Cheese               -INF            1.0000        +INF             .          
Upper-Midwest    .Northeast        .Butter-Powder        -INF            1.0000        +INF             .          
Upper-Midwest    .Appalachian      .Beverage             -INF            1.0000        +INF             .          
Upper-Midwest    .Appalachian      .Softs                -INF            1.0000        +INF             .          
Upper-Midwest    .Appalachian      .Cheese               -INF            1.0000        +INF             .          
Upper-Midwest    .Appalachian      .Butter-Powder        -INF            1.0000        +INF             .          
Upper-Midwest    .Florida          .Beverage             -INF            1.0000        +INF             .          
Upper-Midwest    .Florida          .Softs                -INF            1.0000        +INF             .          
Upper-Midwest    .Florida          .Cheese               -INF            1.0000        +INF             .          
Upper-Midwest    .Florida          .Butter-Powder        -INF            1.0000        +INF             .          
Upper-Midwest    .Southeast        .Beverage             -INF            1.0000        +INF             .          
Upper-Midwest    .Southeast        .Softs                -INF            1.0000        +INF             .          
Upper-Midwest    .Southeast        .Cheese               -INF            1.0000        +INF             .          
Upper-Midwest    .Southeast        .Butter-Powder        -INF            1.0001        +INF             .          
Upper-Midwest    .Upper-Midwest    .Beverage             -INF            1.0000        +INF             .          
Upper-Midwest    .Upper-Midwest    .Softs                -INF            1.0000        +INF             .          
Upper-Midwest    .Upper-Midwest    .Cheese               -INF            1.0000        +INF             .          
Upper-Midwest    .Upper-Midwest    .Butter-Powder        -INF            1.0000        +INF             .          
Upper-Midwest    .Central          .Beverage             -INF            1.0000        +INF             .          
Upper-Midwest    .Central          .Softs                -INF            1.0000        +INF             .          
Upper-Midwest    .Central          .Cheese               -INF            1.0000        +INF             .          
Upper-Midwest    .Central          .Butter-Powder        -INF            1.0000        +INF             .          
Upper-Midwest    .Mideast          .Beverage             -INF            1.0000        +INF             .          
Upper-Midwest    .Mideast          .Softs                -INF            1.0000        +INF             .          
Upper-Midwest    .Mideast          .Cheese               -INF            1.0000        +INF             .          
Upper-Midwest    .Mideast          .Butter-Powder        -INF            1.0001        +INF             .          
Upper-Midwest    .California       .Beverage             -INF            1.0000        +INF             .          
Upper-Midwest    .California       .Softs                -INF            1.0000        +INF             .          
Upper-Midwest    .California       .Cheese               -INF            1.0000        +INF             .          
Upper-Midwest    .California       .Butter-Powder        -INF            1.0001        +INF             .          
Upper-Midwest    .Pacific-Northwest.Beverage             -INF            1.0000        +INF             .          
Upper-Midwest    .Pacific-Northwest.Softs                -INF            1.0000        +INF             .          
Upper-Midwest    .Pacific-Northwest.Cheese               -INF            1.0000        +INF             .          
Upper-Midwest    .Pacific-Northwest.Butter-Powder        -INF            1.0002        +INF             .          
Upper-Midwest    .Southwest        .Beverage             -INF            1.0000        +INF             .          
Upper-Midwest    .Southwest        .Softs                -INF            1.0000        +INF             .          
Upper-Midwest    .Southwest        .Cheese               -INF            1.0000        +INF             .          
Upper-Midwest    .Southwest        .Butter-Powder        -INF            1.0001        +INF             .          
Upper-Midwest    .Arizona          .Beverage             -INF            1.0000        +INF             .          
Upper-Midwest    .Arizona          .Softs                -INF            1.0000        +INF             .          
Upper-Midwest    .Arizona          .Cheese               -INF            1.0000        +INF             .          
Upper-Midwest    .Arizona          .Butter-Powder        -INF            1.0000        +INF             .          
Upper-Midwest    .Unregulated      .Beverage             -INF            1.0000        +INF             .          
Upper-Midwest    .Unregulated      .Softs                -INF            1.0000        +INF             .          
Upper-Midwest    .Unregulated      .Cheese               -INF            1.0000        +INF             .          
Upper-Midwest    .Unregulated      .Butter-Powder        -INF            1.0002        +INF             .          
Central          .Northeast        .Beverage             -INF            1.0000        +INF             .          
Central          .Northeast        .Softs                -INF            1.0000        +INF             .          
Central          .Northeast        .Cheese               -INF            1.0000        +INF             .          
Central          .Northeast        .Butter-Powder        -INF            1.0000        +INF             .          
Central          .Appalachian      .Beverage             -INF            1.0000        +INF             .          
Central          .Appalachian      .Softs                -INF            1.0000        +INF             .          
Central          .Appalachian      .Cheese               -INF            1.0000        +INF             .          
Central          .Appalachian      .Butter-Powder        -INF            0.9999        +INF             .          
Central          .Florida          .Beverage             -INF            1.0000        +INF             .          
Central          .Florida          .Softs                -INF            1.0000        +INF             .          
Central          .Florida          .Cheese               -INF            1.0000        +INF             .          
Central          .Florida          .Butter-Powder        -INF            1.0000        +INF             .          
Central          .Southeast        .Beverage             -INF            1.0000        +INF             .          
Central          .Southeast        .Softs                -INF            1.0000        +INF             .          
Central          .Southeast        .Cheese               -INF            1.0000        +INF             .          
Central          .Southeast        .Butter-Powder        -INF            1.0000        +INF             .          
Central          .Upper-Midwest    .Beverage             -INF            1.0000        +INF             .          
Central          .Upper-Midwest    .Softs                -INF            1.0000        +INF             .          
Central          .Upper-Midwest    .Cheese               -INF            1.0000        +INF             .          
Central          .Upper-Midwest    .Butter-Powder        -INF            1.0000        +INF             .          
Central          .Central          .Beverage             -INF            1.0000        +INF             .          
Central          .Central          .Softs                -INF            1.0000        +INF             .          
Central          .Central          .Cheese               -INF            1.0000        +INF             .          
Central          .Central          .Butter-Powder        -INF            1.0000        +INF             .          
Central          .Mideast          .Beverage             -INF            1.0000        +INF             .          
Central          .Mideast          .Softs                -INF            1.0000        +INF             .          
Central          .Mideast          .Cheese               -INF            1.0000        +INF             .          
Central          .Mideast          .Butter-Powder        -INF            1.0000        +INF             .          
Central          .California       .Beverage             -INF            1.0000        +INF             .          
Central          .California       .Softs                -INF            1.0000        +INF             .          
Central          .California       .Cheese               -INF            1.0000        +INF             .          
Central          .California       .Butter-Powder        -INF            1.0001        +INF             .          
Central          .Pacific-Northwest.Beverage             -INF            1.0000        +INF             .          
Central          .Pacific-Northwest.Softs                -INF            1.0000        +INF             .          
Central          .Pacific-Northwest.Cheese               -INF            1.0000        +INF             .          
Central          .Pacific-Northwest.Butter-Powder        -INF            1.0002        +INF             .          
Central          .Southwest        .Beverage             -INF            1.0000        +INF             .          
Central          .Southwest        .Softs                -INF            1.0000        +INF             .          
Central          .Southwest        .Cheese               -INF            1.0000        +INF             .          
Central          .Southwest        .Butter-Powder        -INF            1.0000        +INF             .          
Central          .Arizona          .Beverage             -INF            1.0000        +INF             .          
Central          .Arizona          .Softs                -INF            1.0000        +INF             .          
Central          .Arizona          .Cheese               -INF            1.0000        +INF             .          
Central          .Arizona          .Butter-Powder        -INF            1.0000        +INF             .          
Central          .Unregulated      .Beverage             -INF            1.0000        +INF             .          
Central          .Unregulated      .Softs                -INF            1.0000        +INF             .          
Central          .Unregulated      .Cheese               -INF            1.0000        +INF             .          
Central          .Unregulated      .Butter-Powder        -INF            1.0001        +INF             .          
Mideast          .Northeast        .Beverage             -INF            1.0000        +INF             .          
Mideast          .Northeast        .Softs                -INF            1.0000        +INF             .          
Mideast          .Northeast        .Cheese               -INF            1.0000        +INF             .          
Mideast          .Northeast        .Butter-Powder        -INF            0.9996        +INF             .          
Mideast          .Appalachian      .Beverage             -INF            1.0000        +INF             .          
Mideast          .Appalachian      .Softs                -INF            1.0000        +INF             .          
Mideast          .Appalachian      .Cheese               -INF            1.0000        +INF             .          
Mideast          .Appalachian      .Butter-Powder        -INF            0.9996        +INF             .          
Mideast          .Florida          .Beverage             -INF            1.0000        +INF             .          
Mideast          .Florida          .Softs                -INF            1.0000        +INF             .          
Mideast          .Florida          .Cheese               -INF            1.0000        +INF             .          
Mideast          .Florida          .Butter-Powder        -INF            0.9996        +INF             .          
Mideast          .Southeast        .Beverage             -INF            1.0000        +INF             .          
Mideast          .Southeast        .Softs                -INF            1.0000        +INF             .          
Mideast          .Southeast        .Cheese               -INF            1.0000        +INF             .          
Mideast          .Southeast        .Butter-Powder        -INF            0.9997        +INF             .          
Mideast          .Upper-Midwest    .Beverage             -INF            1.0000        +INF             .          
Mideast          .Upper-Midwest    .Softs                -INF            1.0000        +INF             .          
Mideast          .Upper-Midwest    .Cheese               -INF            1.0000        +INF             .          
Mideast          .Upper-Midwest    .Butter-Powder        -INF            0.9997        +INF             .          
Mideast          .Central          .Beverage             -INF            1.0000        +INF             .          
Mideast          .Central          .Softs                -INF            1.0000        +INF             .          
Mideast          .Central          .Cheese               -INF            1.0000        +INF             .          
Mideast          .Central          .Butter-Powder        -INF            0.9997        +INF             .          
Mideast          .Mideast          .Beverage             -INF            1.0000        +INF             .          
Mideast          .Mideast          .Softs                -INF            1.0000        +INF             .          
Mideast          .Mideast          .Cheese               -INF            1.0000        +INF             .          
Mideast          .Mideast          .Butter-Powder        -INF            0.9997        +INF             .          
Mideast          .California       .Beverage             -INF            1.0000        +INF             .          
Mideast          .California       .Softs                -INF            1.0000        +INF             .          
Mideast          .California       .Cheese               -INF            1.0000        +INF             .          
Mideast          .California       .Butter-Powder        -INF            0.9997        +INF             .          
Mideast          .Pacific-Northwest.Beverage             -INF            1.0000        +INF             .          
Mideast          .Pacific-Northwest.Softs                -INF            1.0000        +INF             .          
Mideast          .Pacific-Northwest.Cheese               -INF            1.0000        +INF             .          
Mideast          .Pacific-Northwest.Butter-Powder        -INF            0.9998        +INF             .          
Mideast          .Southwest        .Beverage             -INF            1.0000        +INF             .          
Mideast          .Southwest        .Softs                -INF            1.0000        +INF             .          
Mideast          .Southwest        .Cheese               -INF            1.0000        +INF             .          
Mideast          .Southwest        .Butter-Powder        -INF            0.9997        +INF             .          
Mideast          .Arizona          .Beverage             -INF            1.0000        +INF             .          
Mideast          .Arizona          .Softs                -INF            1.0000        +INF             .          
Mideast          .Arizona          .Cheese               -INF            1.0000        +INF             .          
Mideast          .Arizona          .Butter-Powder        -INF            0.9997        +INF             .          
Mideast          .Unregulated      .Beverage             -INF            1.0000        +INF             .          
Mideast          .Unregulated      .Softs                -INF            1.0000        +INF             .          
Mideast          .Unregulated      .Cheese               -INF            1.0000        +INF             .          
Mideast          .Unregulated      .Butter-Powder        -INF            0.9998        +INF             .          
California       .Northeast        .Beverage             -INF            1.0000        +INF             .          
California       .Northeast        .Softs                -INF            1.0000        +INF             .          
California       .Northeast        .Cheese               -INF            0.9999        +INF             .          
California       .Northeast        .Butter-Powder        -INF            0.9998        +INF             .          
California       .Appalachian      .Beverage             -INF            1.0000        +INF             .          
California       .Appalachian      .Softs                -INF            1.0000        +INF             .          
California       .Appalachian      .Cheese               -INF            1.0000        +INF             .          
California       .Appalachian      .Butter-Powder        -INF            0.9998        +INF             .          
California       .Florida          .Beverage             -INF            1.0000        +INF             .          
California       .Florida          .Softs                -INF            1.0000        +INF             .          
California       .Florida          .Cheese               -INF            1.0000        +INF             .          
California       .Florida          .Butter-Powder        -INF            0.9998        +INF             .          
California       .Southeast        .Beverage             -INF            1.0000        +INF             .          
California       .Southeast        .Softs                -INF            1.0000        +INF             .          
California       .Southeast        .Cheese               -INF            1.0000        +INF             .          
California       .Southeast        .Butter-Powder        -INF            0.9999        +INF             .          
California       .Upper-Midwest    .Beverage             -INF            1.0000        +INF             .          
California       .Upper-Midwest    .Softs                -INF            1.0000        +INF             .          
California       .Upper-Midwest    .Cheese               -INF            1.0000        +INF             .          
California       .Upper-Midwest    .Butter-Powder        -INF            0.9999        +INF             .          
California       .Central          .Beverage             -INF            1.0000        +INF             .          
California       .Central          .Softs                -INF            1.0000        +INF             .          
California       .Central          .Cheese               -INF            1.0000        +INF             .          
California       .Central          .Butter-Powder        -INF            0.9999        +INF             .          
California       .Mideast          .Beverage             -INF            1.0000        +INF             .          
California       .Mideast          .Softs                -INF            1.0000        +INF             .          
California       .Mideast          .Cheese               -INF            1.0000        +INF             .          
California       .Mideast          .Butter-Powder        -INF            0.9999        +INF             .          
California       .California       .Beverage             -INF            1.0000        +INF             .          
California       .California       .Softs                -INF            1.0000        +INF             .          
California       .California       .Cheese               -INF            1.0000        +INF             .          
California       .California       .Butter-Powder        -INF            1.0000        +INF             .          
California       .Pacific-Northwest.Beverage             -INF            1.0000        +INF             .          
California       .Pacific-Northwest.Softs                -INF            1.0000        +INF             .          
California       .Pacific-Northwest.Cheese               -INF            1.0000        +INF             .          
California       .Pacific-Northwest.Butter-Powder        -INF            1.0000        +INF             .          
California       .Southwest        .Beverage             -INF            1.0000        +INF             .          
California       .Southwest        .Softs                -INF            1.0000        +INF             .          
California       .Southwest        .Cheese               -INF            1.0000        +INF             .          
California       .Southwest        .Butter-Powder        -INF            0.9999        +INF             .          
California       .Arizona          .Beverage             -INF            1.0000        +INF             .          
California       .Arizona          .Softs                -INF            1.0000        +INF             .          
California       .Arizona          .Cheese               -INF            1.0000        +INF             .          
California       .Arizona          .Butter-Powder        -INF            0.9999        +INF             .          
California       .Unregulated      .Beverage             -INF            1.0000        +INF             .          
California       .Unregulated      .Softs                -INF            1.0000        +INF             .          
California       .Unregulated      .Cheese               -INF            1.0000        +INF             .          
California       .Unregulated      .Butter-Powder        -INF            1.0000        +INF             .          
Pacific-Northwest.Northeast        .Beverage             -INF            1.0000        +INF             .          
Pacific-Northwest.Northeast        .Softs                -INF            1.0000        +INF             .          
Pacific-Northwest.Northeast        .Cheese               -INF            0.9999        +INF             .          
Pacific-Northwest.Northeast        .Butter-Powder        -INF            0.9997        +INF             .          
Pacific-Northwest.Appalachian      .Beverage             -INF            1.0000        +INF             .          
Pacific-Northwest.Appalachian      .Softs                -INF            1.0000        +INF             .          
Pacific-Northwest.Appalachian      .Cheese               -INF            1.0000        +INF             .          
Pacific-Northwest.Appalachian      .Butter-Powder        -INF            0.9997        +INF             .          
Pacific-Northwest.Florida          .Beverage             -INF            1.0000        +INF             .          
Pacific-Northwest.Florida          .Softs                -INF            1.0000        +INF             .          
Pacific-Northwest.Florida          .Cheese               -INF            1.0000        +INF             .          
Pacific-Northwest.Florida          .Butter-Powder        -INF            0.9997        +INF             .          
Pacific-Northwest.Southeast        .Beverage             -INF            1.0000        +INF             .          
Pacific-Northwest.Southeast        .Softs                -INF            1.0000        +INF             .          
Pacific-Northwest.Southeast        .Cheese               -INF            1.0000        +INF             .          
Pacific-Northwest.Southeast        .Butter-Powder        -INF            0.9997        +INF             .          
Pacific-Northwest.Upper-Midwest    .Beverage             -INF            1.0000        +INF             .          
Pacific-Northwest.Upper-Midwest    .Softs                -INF            1.0000        +INF             .          
Pacific-Northwest.Upper-Midwest    .Cheese               -INF            1.0000        +INF             .          
Pacific-Northwest.Upper-Midwest    .Butter-Powder        -INF            0.9997        +INF             .          
Pacific-Northwest.Central          .Beverage             -INF            1.0000        +INF             .          
Pacific-Northwest.Central          .Softs                -INF            1.0000        +INF             .          
Pacific-Northwest.Central          .Cheese               -INF            1.0000        +INF             .          
Pacific-Northwest.Central          .Butter-Powder        -INF            0.9997        +INF             .          
Pacific-Northwest.Mideast          .Beverage             -INF            1.0000        +INF             .          
Pacific-Northwest.Mideast          .Softs                -INF            1.0000        +INF             .          
Pacific-Northwest.Mideast          .Cheese               -INF            1.0000        +INF             .          
Pacific-Northwest.Mideast          .Butter-Powder        -INF            0.9998        +INF             .          
Pacific-Northwest.California       .Beverage             -INF            1.0000        +INF             .          
Pacific-Northwest.California       .Softs                -INF            1.0000        +INF             .          
Pacific-Northwest.California       .Cheese               -INF            1.0000        +INF             .          
Pacific-Northwest.California       .Butter-Powder        -INF            0.9998        +INF             .          
Pacific-Northwest.Pacific-Northwest.Beverage             -INF            1.0000        +INF             .          
Pacific-Northwest.Pacific-Northwest.Softs                -INF            1.0000        +INF             .          
Pacific-Northwest.Pacific-Northwest.Cheese               -INF            1.0000        +INF             .          
Pacific-Northwest.Pacific-Northwest.Butter-Powder        -INF            0.9999        +INF             .          
Pacific-Northwest.Southwest        .Beverage             -INF            1.0000        +INF             .          
Pacific-Northwest.Southwest        .Softs                -INF            1.0000        +INF             .          
Pacific-Northwest.Southwest        .Cheese               -INF            1.0000        +INF             .          
Pacific-Northwest.Southwest        .Butter-Powder        -INF            0.9998        +INF             .          
Pacific-Northwest.Arizona          .Beverage             -INF            1.0000        +INF             .          
Pacific-Northwest.Arizona          .Softs                -INF            1.0000        +INF             .          
Pacific-Northwest.Arizona          .Cheese               -INF            1.0000        +INF             .          
Pacific-Northwest.Arizona          .Butter-Powder        -INF            0.9997        +INF             .          
Pacific-Northwest.Unregulated      .Beverage             -INF            1.0000        +INF             .          
Pacific-Northwest.Unregulated      .Softs                -INF            1.0000        +INF             .          
Pacific-Northwest.Unregulated      .Cheese               -INF            1.0000        +INF             .          
Pacific-Northwest.Unregulated      .Butter-Powder        -INF            0.9999        +INF             .          
Southwest        .Northeast        .Beverage             -INF            1.0000        +INF             .          
Southwest        .Northeast        .Softs                -INF            1.0000        +INF             .          
Southwest        .Northeast        .Cheese               -INF            0.9998        +INF             .          
Southwest        .Northeast        .Butter-Powder        -INF            0.9999        +INF             .          
Southwest        .Appalachian      .Beverage             -INF            1.0000        +INF             .          
Southwest        .Appalachian      .Softs                -INF            1.0000        +INF             .          
Southwest        .Appalachian      .Cheese               -INF            0.9999        +INF             .          
Southwest        .Appalachian      .Butter-Powder        -INF            0.9999        +INF             .          
Southwest        .Florida          .Beverage             -INF            1.0000        +INF             .          
Southwest        .Florida          .Softs                -INF            1.0000        +INF             .          
Southwest        .Florida          .Cheese               -INF            0.9999        +INF             .          
Southwest        .Florida          .Butter-Powder        -INF            0.9999        +INF             .          
Southwest        .Southeast        .Beverage             -INF            1.0000        +INF             .          
Southwest        .Southeast        .Softs                -INF            1.0000        +INF             .          
Southwest        .Southeast        .Cheese               -INF            0.9999        +INF             .          
Southwest        .Southeast        .Butter-Powder        -INF            0.9999        +INF             .          
Southwest        .Upper-Midwest    .Beverage             -INF            1.0000        +INF             .          
Southwest        .Upper-Midwest    .Softs                -INF            1.0000        +INF             .          
Southwest        .Upper-Midwest    .Cheese               -INF            0.9999        +INF             .          
Southwest        .Upper-Midwest    .Butter-Powder        -INF            0.9999        +INF             .          
Southwest        .Central          .Beverage             -INF            1.0000        +INF             .          
Southwest        .Central          .Softs                -INF            1.0000        +INF             .          
Southwest        .Central          .Cheese               -INF            0.9999        +INF             .          
Southwest        .Central          .Butter-Powder        -INF            0.9999        +INF             .          
Southwest        .Mideast          .Beverage             -INF            1.0000        +INF             .          
Southwest        .Mideast          .Softs                -INF            1.0000        +INF             .          
Southwest        .Mideast          .Cheese               -INF            0.9999        +INF             .          
Southwest        .Mideast          .Butter-Powder        -INF            1.0000        +INF             .          
Southwest        .California       .Beverage             -INF            1.0000        +INF             .          
Southwest        .California       .Softs                -INF            1.0000        +INF             .          
Southwest        .California       .Cheese               -INF            0.9999        +INF             .          
Southwest        .California       .Butter-Powder        -INF            1.0000        +INF             .          
Southwest        .Pacific-Northwest.Beverage             -INF            1.0000        +INF             .          
Southwest        .Pacific-Northwest.Softs                -INF            1.0000        +INF             .          
Southwest        .Pacific-Northwest.Cheese               -INF            0.9999        +INF             .          
Southwest        .Pacific-Northwest.Butter-Powder        -INF            1.0001        +INF             .          
Southwest        .Southwest        .Beverage             -INF            1.0000        +INF             .          
Southwest        .Southwest        .Softs                -INF            1.0000        +INF             .          
Southwest        .Southwest        .Cheese               -INF            0.9999        +INF             .          
Southwest        .Southwest        .Butter-Powder        -INF            1.0000        +INF             .          
Southwest        .Arizona          .Beverage             -INF            1.0000        +INF             .          
Southwest        .Arizona          .Softs                -INF            1.0000        +INF             .          
Southwest        .Arizona          .Cheese               -INF            0.9999        +INF             .          
Southwest        .Arizona          .Butter-Powder        -INF            0.9999        +INF             .          
Southwest        .Unregulated      .Beverage             -INF            1.0000        +INF             .          
Southwest        .Unregulated      .Softs                -INF            1.0000        +INF             .          
Southwest        .Unregulated      .Cheese               -INF            0.9999        +INF             .          
Southwest        .Unregulated      .Butter-Powder        -INF            1.0000        +INF             .          
Arizona          .Northeast        .Beverage             -INF            1.0000        +INF             .          
Arizona          .Northeast        .Softs                -INF            0.9999        +INF             .          
Arizona          .Northeast        .Cheese               -INF            0.9999        +INF             .          
Arizona          .Northeast        .Butter-Powder        -INF            1.0000        +INF             .          
Arizona          .Appalachian      .Beverage             -INF            1.0000        +INF             .          
Arizona          .Appalachian      .Softs                -INF            0.9999        +INF             .          
Arizona          .Appalachian      .Cheese               -INF            0.9999        +INF             .          
Arizona          .Appalachian      .Butter-Powder        -INF            0.9999        +INF             .          
Arizona          .Florida          .Beverage             -INF            1.0000        +INF             .          
Arizona          .Florida          .Softs                -INF            0.9999        +INF             .          
Arizona          .Florida          .Cheese               -INF            0.9999        +INF             .          
Arizona          .Florida          .Butter-Powder        -INF            1.0000        +INF             .          
Arizona          .Southeast        .Beverage             -INF            1.0000        +INF             .          
Arizona          .Southeast        .Softs                -INF            0.9999        +INF             .          
Arizona          .Southeast        .Cheese               -INF            0.9999        +INF             .          
Arizona          .Southeast        .Butter-Powder        -INF            1.0000        +INF             .          
Arizona          .Upper-Midwest    .Beverage             -INF            1.0000        +INF             .          
Arizona          .Upper-Midwest    .Softs                -INF            0.9999        +INF             .          
Arizona          .Upper-Midwest    .Cheese               -INF            0.9999        +INF             .          
Arizona          .Upper-Midwest    .Butter-Powder        -INF            1.0000        +INF             .          
Arizona          .Central          .Beverage             -INF            1.0000        +INF             .          
Arizona          .Central          .Softs                -INF            0.9999        +INF             .          
Arizona          .Central          .Cheese               -INF            0.9999        +INF             .          
Arizona          .Central          .Butter-Powder        -INF            1.0000        +INF             .          
Arizona          .Mideast          .Beverage             -INF            1.0000        +INF             .          
Arizona          .Mideast          .Softs                -INF            0.9999        +INF             .          
Arizona          .Mideast          .Cheese               -INF            0.9999        +INF             .          
Arizona          .Mideast          .Butter-Powder        -INF            1.0000        +INF             .          
Arizona          .California       .Beverage             -INF            1.0000        +INF             .          
Arizona          .California       .Softs                -INF            0.9999        +INF             .          
Arizona          .California       .Cheese               -INF            0.9999        +INF             .          
Arizona          .California       .Butter-Powder        -INF            1.0001        +INF             .          
Arizona          .Pacific-Northwest.Beverage             -INF            1.0000        +INF             .          
Arizona          .Pacific-Northwest.Softs                -INF            0.9999        +INF             .          
Arizona          .Pacific-Northwest.Cheese               -INF            0.9999        +INF             .          
Arizona          .Pacific-Northwest.Butter-Powder        -INF            1.0002        +INF             .          
Arizona          .Southwest        .Beverage             -INF            1.0000        +INF             .          
Arizona          .Southwest        .Softs                -INF            0.9999        +INF             .          
Arizona          .Southwest        .Cheese               -INF            1.0000        +INF             .          
Arizona          .Southwest        .Butter-Powder        -INF            1.0000        +INF             .          
Arizona          .Arizona          .Beverage             -INF            1.0000        +INF             .          
Arizona          .Arizona          .Softs                -INF            0.9999        +INF             .          
Arizona          .Arizona          .Cheese               -INF            1.0000        +INF             .          
Arizona          .Arizona          .Butter-Powder        -INF            1.0000        +INF             .          
Arizona          .Unregulated      .Beverage             -INF            1.0000        +INF             .          
Arizona          .Unregulated      .Softs                -INF            0.9999        +INF             .          
Arizona          .Unregulated      .Cheese               -INF            0.9999        +INF             .          
Arizona          .Unregulated      .Butter-Powder        -INF            1.0001        +INF             .          
Unregulated      .Northeast        .Beverage             -INF            1.0000        +INF             .          
Unregulated      .Northeast        .Softs                -INF            1.0000        +INF             .          
Unregulated      .Northeast        .Cheese               -INF            0.9999        +INF             .          
Unregulated      .Northeast        .Butter-Powder        -INF            0.9998        +INF             .          
Unregulated      .Appalachian      .Beverage             -INF            1.0000        +INF             .          
Unregulated      .Appalachian      .Softs                -INF            1.0000        +INF             .          
Unregulated      .Appalachian      .Cheese               -INF            1.0000        +INF             .          
Unregulated      .Appalachian      .Butter-Powder        -INF            0.9998        +INF             .          
Unregulated      .Florida          .Beverage             -INF            1.0000        +INF             .          
Unregulated      .Florida          .Softs                -INF            1.0000        +INF             .          
Unregulated      .Florida          .Cheese               -INF            1.0000        +INF             .          
Unregulated      .Florida          .Butter-Powder        -INF            0.9998        +INF             .          
Unregulated      .Southeast        .Beverage             -INF            1.0000        +INF             .          
Unregulated      .Southeast        .Softs                -INF            1.0000        +INF             .          
Unregulated      .Southeast        .Cheese               -INF            1.0000        +INF             .          
Unregulated      .Southeast        .Butter-Powder        -INF            0.9998        +INF             .          
Unregulated      .Upper-Midwest    .Beverage             -INF            1.0000        +INF             .          
Unregulated      .Upper-Midwest    .Softs                -INF            1.0000        +INF             .          
Unregulated      .Upper-Midwest    .Cheese               -INF            1.0000        +INF             .          
Unregulated      .Upper-Midwest    .Butter-Powder        -INF            0.9998        +INF             .          
Unregulated      .Central          .Beverage             -INF            1.0000        +INF             .          
Unregulated      .Central          .Softs                -INF            1.0000        +INF             .          
Unregulated      .Central          .Cheese               -INF            1.0000        +INF             .          
Unregulated      .Central          .Butter-Powder        -INF            0.9998        +INF             .          
Unregulated      .Mideast          .Beverage             -INF            1.0000        +INF             .          
Unregulated      .Mideast          .Softs                -INF            1.0000        +INF             .          
Unregulated      .Mideast          .Cheese               -INF            1.0000        +INF             .          
Unregulated      .Mideast          .Butter-Powder        -INF            0.9999        +INF             .          
Unregulated      .California       .Beverage             -INF            1.0000        +INF             .          
Unregulated      .California       .Softs                -INF            1.0000        +INF             .          
Unregulated      .California       .Cheese               -INF            1.0000        +INF             .          
Unregulated      .California       .Butter-Powder        -INF            0.9999        +INF             .          
Unregulated      .Pacific-Northwest.Beverage             -INF            1.0000        +INF             .          
Unregulated      .Pacific-Northwest.Softs                -INF            1.0000        +INF             .          
Unregulated      .Pacific-Northwest.Cheese               -INF            1.0000        +INF             .          
Unregulated      .Pacific-Northwest.Butter-Powder        -INF            1.0000        +INF             .          
Unregulated      .Southwest        .Beverage             -INF            1.0000        +INF             .          
Unregulated      .Southwest        .Softs                -INF            1.0000        +INF             .          
Unregulated      .Southwest        .Cheese               -INF            1.0000        +INF             .          
Unregulated      .Southwest        .Butter-Powder        -INF            0.9999        +INF             .          
Unregulated      .Arizona          .Beverage             -INF            1.0000        +INF             .          
Unregulated      .Arizona          .Softs                -INF            1.0000        +INF             .          
Unregulated      .Arizona          .Cheese               -INF            1.0000        +INF             .          
Unregulated      .Arizona          .Butter-Powder        -INF            0.9998        +INF             .          
Unregulated      .Unregulated      .Beverage             -INF            1.0000        +INF             .          
Unregulated      .Unregulated      .Softs                -INF            1.0000        +INF             .          
Unregulated      .Unregulated      .Cheese               -INF            1.0000        +INF             .          
Unregulated      .Unregulated      .Butter-Powder        -INF            1.0000        +INF             .          
ROW              .Northeast        .Beverage             -INF            1.0000        +INF             .          
ROW              .Northeast        .Softs                -INF            1.0000        +INF             .          
ROW              .Northeast        .Cheese               -INF            1.0001        +INF             .          
ROW              .Northeast        .Butter-Powder        -INF            1.0001        +INF             .          
ROW              .Appalachian      .Beverage             -INF            1.0000        +INF             .          
ROW              .Appalachian      .Softs                -INF            1.0000        +INF             .          
ROW              .Appalachian      .Cheese               -INF            1.0001        +INF             .          
ROW              .Appalachian      .Butter-Powder        -INF            1.0001        +INF             .          
ROW              .Florida          .Beverage             -INF            1.0000        +INF             .          
ROW              .Florida          .Softs                -INF            1.0000        +INF             .          
ROW              .Florida          .Cheese               -INF            1.0001        +INF             .          
ROW              .Florida          .Butter-Powder        -INF            1.0001        +INF             .          
ROW              .Southeast        .Beverage             -INF            1.0000        +INF             .          
ROW              .Southeast        .Softs                -INF            1.0001        +INF             .          
ROW              .Southeast        .Cheese               -INF            1.0001        +INF             .          
ROW              .Southeast        .Butter-Powder        -INF            1.0002        +INF             .          
ROW              .Upper-Midwest    .Beverage             -INF            1.0000        +INF             .          
ROW              .Upper-Midwest    .Softs                -INF            1.0000        +INF             .          
ROW              .Upper-Midwest    .Cheese               -INF            1.0001        +INF             .          
ROW              .Upper-Midwest    .Butter-Powder        -INF            1.0002        +INF             .          
ROW              .Central          .Beverage             -INF            1.0000        +INF             .          
ROW              .Central          .Softs                -INF            1.0000        +INF             .          
ROW              .Central          .Cheese               -INF            1.0001        +INF             .          
ROW              .Central          .Butter-Powder        -INF            1.0002        +INF             .          
ROW              .Mideast          .Beverage             -INF            1.0000        +INF             .          
ROW              .Mideast          .Softs                -INF            1.0000        +INF             .          
ROW              .Mideast          .Cheese               -INF            1.0001        +INF             .          
ROW              .Mideast          .Butter-Powder        -INF            1.0002        +INF             .          
ROW              .California       .Beverage             -INF            1.0000        +INF             .          
ROW              .California       .Softs                -INF            1.0000        +INF             .          
ROW              .California       .Cheese               -INF            1.0001        +INF             .          
ROW              .California       .Butter-Powder        -INF            1.0002        +INF             .          
ROW              .Pacific-Northwest.Beverage             -INF            1.0000        +INF             .          
ROW              .Pacific-Northwest.Softs                -INF            1.0000        +INF             .          
ROW              .Pacific-Northwest.Cheese               -INF            1.0001        +INF             .          
ROW              .Pacific-Northwest.Butter-Powder        -INF            1.0003        +INF             .          
ROW              .Southwest        .Beverage             -INF            1.0000        +INF             .          
ROW              .Southwest        .Softs                -INF            1.0000        +INF             .          
ROW              .Southwest        .Cheese               -INF            1.0001        +INF             .          
ROW              .Southwest        .Butter-Powder        -INF            1.0002        +INF             .          
ROW              .Arizona          .Beverage             -INF            1.0000        +INF             .          
ROW              .Arizona          .Softs                -INF            1.0001        +INF             .          
ROW              .Arizona          .Cheese               -INF            1.0001        +INF             .          
ROW              .Arizona          .Butter-Powder        -INF            1.0002        +INF             .          
ROW              .Unregulated      .Beverage             -INF            1.0000        +INF             .          
ROW              .Unregulated      .Softs                -INF            1.0000        +INF             .          
ROW              .Unregulated      .Cheese               -INF            1.0001        +INF             .          
ROW              .Unregulated      .Butter-Powder        -INF            1.0003        +INF             .          

---- VAR C0  relative change in foreign demand for product N from origin DOMI

                                       LOWER          LEVEL          UPPER         MARGINAL

Northeast        .Softs                -INF            1.0000        +INF             .          
Northeast        .Cheese               -INF            1.0001        +INF             .          
Northeast        .Butter-Powder        -INF            1.0001        +INF             .          
Appalachian      .Softs                -INF            1.0000        +INF             .          
Appalachian      .Cheese               -INF            1.0001        +INF             .          
Appalachian      .Butter-Powder        -INF            1.0003        +INF             .          
Florida          .Softs                -INF            0.9999        +INF             .          
Florida          .Cheese               -INF            1.0002        +INF             .          
Florida          .Butter-Powder        -INF            1.0002        +INF             .          
Southeast        .Softs                -INF            0.9998        +INF             .          
Southeast        .Cheese               -INF            0.9999        +INF             .          
Southeast        .Butter-Powder        -INF            0.9998        +INF             .          
Upper-Midwest    .Softs                -INF            1.0000        +INF             .          
Upper-Midwest    .Cheese               -INF            1.0000        +INF             .          
Upper-Midwest    .Butter-Powder        -INF            1.0001        +INF             .          
Central          .Softs                -INF            1.0000        +INF             .          
Central          .Cheese               -INF            1.0000        +INF             .          
Central          .Butter-Powder        -INF            1.0001        +INF             .          
Mideast          .Softs                -INF            1.0000        +INF             .          
Mideast          .Cheese               -INF            1.0000        +INF             .          
Mideast          .Butter-Powder        -INF            0.9996        +INF             .          
California       .Softs                -INF            1.0000        +INF             .          
California       .Cheese               -INF            0.9999        +INF             .          
California       .Butter-Powder        -INF            0.9999        +INF             .          
Pacific-Northwest.Softs                -INF            1.0000        +INF             .          
Pacific-Northwest.Cheese               -INF            1.0000        +INF             .          
Pacific-Northwest.Butter-Powder        -INF            0.9997        +INF             .          
Southwest        .Softs                -INF            1.0000        +INF             .          
Southwest        .Cheese               -INF            0.9997        +INF             .          
Southwest        .Butter-Powder        -INF            1.0000        +INF             .          
Arizona          .Softs                -INF            0.9998        +INF             .          
Arizona          .Cheese               -INF            0.9999        +INF             .          
Arizona          .Butter-Powder        -INF            1.0001        +INF             .          
Unregulated      .Softs                -INF            1.0000        +INF             .          
Unregulated      .Cheese               -INF            0.9999        +INF             .          
Unregulated      .Butter-Powder        -INF            0.9998        +INF             .          

---- VAR PINDEX1  relative change in dairy product price index in region DOMJ

                         LOWER          LEVEL          UPPER         MARGINAL

Northeast                  .             1.0000        +INF             .          
Appalachian                .             1.0000        +INF             .          
Florida                    .             1.0000        +INF             .          
Southeast                  .             1.0000        +INF             .          
Upper-Midwest              .             1.0000        +INF             .          
Central                    .             1.0000        +INF             .          
Mideast                    .             1.0000        +INF             .          
California                 .             1.0000        +INF             .          
Pacific-Northwest          .             1.0000        +INF             .          
Southwest                  .             1.0000        +INF             .          
Arizona                    .             1.0000        +INF             .          
Unregulated                .             1.0000        +INF             .          

---- VAR PINDEX2  relative change in price of product N in region DOMJ

                                       LOWER          LEVEL          UPPER         MARGINAL

Northeast        .Beverage               .             1.0000        +INF             .          
Northeast        .Softs                  .             1.0000        +INF             .          
Northeast        .Cheese                 .             1.0000        +INF             .          
Northeast        .Butter-Powder          .             1.0000        +INF             .          
Appalachian      .Beverage               .             1.0000        +INF             .          
Appalachian      .Softs                  .             1.0000        +INF             .          
Appalachian      .Cheese                 .             1.0000        +INF             .          
Appalachian      .Butter-Powder          .             1.0000        +INF             .          
Florida          .Beverage               .             1.0000        +INF             .          
Florida          .Softs                  .             1.0000        +INF             .          
Florida          .Cheese                 .             1.0000        +INF             .          
Florida          .Butter-Powder          .             1.0000        +INF             .          
Southeast        .Beverage               .             1.0000        +INF             .          
Southeast        .Softs                  .             1.0000        +INF             .          
Southeast        .Cheese                 .             1.0000        +INF             .          
Southeast        .Butter-Powder          .             1.0000        +INF             .          
Upper-Midwest    .Beverage               .             1.0000        +INF             .          
Upper-Midwest    .Softs                  .             1.0000        +INF             .          
Upper-Midwest    .Cheese                 .             1.0000        +INF             .          
Upper-Midwest    .Butter-Powder          .             1.0000        +INF             .          
Central          .Beverage               .             1.0000        +INF             .          
Central          .Softs                  .             1.0000        +INF             .          
Central          .Cheese                 .             1.0000        +INF             .          
Central          .Butter-Powder          .             1.0000        +INF             .          
Mideast          .Beverage               .             1.0000        +INF             .          
Mideast          .Softs                  .             1.0000        +INF             .          
Mideast          .Cheese                 .             1.0000        +INF             .          
Mideast          .Butter-Powder          .             1.0000        +INF             .          
California       .Beverage               .             1.0000        +INF             .          
California       .Softs                  .             1.0000        +INF             .          
California       .Cheese                 .             1.0000        +INF             .          
California       .Butter-Powder          .             1.0000        +INF             .          
Pacific-Northwest.Beverage               .             1.0000        +INF             .          
Pacific-Northwest.Softs                  .             1.0000        +INF             .          
Pacific-Northwest.Cheese                 .             1.0000        +INF             .          
Pacific-Northwest.Butter-Powder          .             1.0001        +INF             .          
Southwest        .Beverage               .             1.0000        +INF             .          
Southwest        .Softs                  .             1.0000        +INF             .          
Southwest        .Cheese                 .             1.0000        +INF             .          
Southwest        .Butter-Powder          .             1.0000        +INF             .          
Arizona          .Beverage               .             1.0000        +INF             .          
Arizona          .Softs                  .             1.0000        +INF             .          
Arizona          .Cheese                 .             1.0000        +INF             .          
Arizona          .Butter-Powder          .             1.0000        +INF             .          
Unregulated      .Beverage               .             1.0000        +INF             .          
Unregulated      .Softs                  .             1.0000        +INF             .          
Unregulated      .Cheese                 .             1.0000        +INF             .          
Unregulated      .Butter-Powder          .             1.0000        +INF             .          

                           LOWER          LEVEL          UPPER         MARGINAL

---- VAR PINDEX10            .             1.0000        +INF             .          

  PINDEX10  relative change in foreign price index for dairy products

---- VAR PINDEX20  relative change in foreign price of product SUBN

                     LOWER          LEVEL          UPPER         MARGINAL

Softs                  .             1.0000        +INF             .          
Cheese                 .             1.0000        +INF             .          
Butter-Powder          .             1.0000        +INF             .          

---- VAR Q  relative change in production of product N in region DOMI

                                       LOWER          LEVEL          UPPER         MARGINAL

Northeast        .Beverage             -INF            1.0000        +INF             .          
Northeast        .Softs                -INF            1.0000        +INF             .          
Northeast        .Cheese               -INF            1.0000        +INF             .          
Northeast        .Butter-Powder        -INF            1.0000        +INF             .          
Appalachian      .Beverage             -INF            1.0000        +INF             .          
Appalachian      .Softs                -INF            1.0000        +INF             .          
Appalachian      .Cheese               -INF            1.0000        +INF             .          
Appalachian      .Butter-Powder        -INF            1.0001        +INF             .          
Florida          .Beverage             -INF            1.0000        +INF             .          
Florida          .Softs                -INF            1.0000        +INF             .          
Florida          .Cheese               -INF            1.0001        +INF             .          
Florida          .Butter-Powder        -INF            1.0001        +INF             .          
Southeast        .Beverage             -INF            1.0000        +INF             .          
Southeast        .Softs                -INF            0.9999        +INF             .          
Southeast        .Cheese               -INF            1.0000        +INF             .          
Southeast        .Butter-Powder        -INF            0.9998        +INF             .          
Upper-Midwest    .Beverage             -INF            1.0000        +INF             .          
Upper-Midwest    .Softs                -INF            1.0000        +INF             .          
Upper-Midwest    .Cheese               -INF            1.0000        +INF             .          
Upper-Midwest    .Butter-Powder        -INF            1.0001        +INF             .          
Central          .Beverage             -INF            1.0000        +INF             .          
Central          .Softs                -INF            1.0000        +INF             .          
Central          .Cheese               -INF            1.0000        +INF             .          
Central          .Butter-Powder        -INF            1.0000        +INF             .          
Mideast          .Beverage             -INF            1.0000        +INF             .          
Mideast          .Softs                -INF            1.0000        +INF             .          
Mideast          .Cheese               -INF            1.0000        +INF             .          
Mideast          .Butter-Powder        -INF            0.9997        +INF             .          
California       .Beverage             -INF            1.0000        +INF             .          
California       .Softs                -INF            1.0000        +INF             .          
California       .Cheese               -INF            1.0000        +INF             .          
California       .Butter-Powder        -INF            0.9999        +INF             .          
Pacific-Northwest.Beverage             -INF            1.0000        +INF             .          
Pacific-Northwest.Softs                -INF            1.0000        +INF             .          
Pacific-Northwest.Cheese               -INF            1.0000        +INF             .          
Pacific-Northwest.Butter-Powder        -INF            0.9998        +INF             .          
Southwest        .Beverage             -INF            1.0000        +INF             .          
Southwest        .Softs                -INF            1.0000        +INF             .          
Southwest        .Cheese               -INF            0.9999        +INF             .          
Southwest        .Butter-Powder        -INF            1.0000        +INF             .          
Arizona          .Beverage             -INF            1.0000        +INF             .          
Arizona          .Softs                -INF            0.9999        +INF             .          
Arizona          .Cheese               -INF            0.9999        +INF             .          
Arizona          .Butter-Powder        -INF            1.0001        +INF             .          
Unregulated      .Beverage             -INF            1.0000        +INF             .          
Unregulated      .Softs                -INF            1.0000        +INF             .          
Unregulated      .Cheese               -INF            1.0000        +INF             .          
Unregulated      .Butter-Powder        -INF            0.9999        +INF             .          

---- VAR P  relative change in producer price of product N in region I

                                       LOWER          LEVEL          UPPER         MARGINAL

Northeast        .Beverage               .             1.0000        +INF             .          
Northeast        .Softs                  .             1.0000        +INF             .          
Northeast        .Cheese                 .             1.0000        +INF             .          
Northeast        .Butter-Powder          .             1.0000        +INF             .          
Appalachian      .Beverage               .             1.0000        +INF             .          
Appalachian      .Softs                  .             1.0000        +INF             .          
Appalachian      .Cheese                 .             1.0000        +INF             .          
Appalachian      .Butter-Powder          .             1.0000        +INF             .          
Florida          .Beverage               .             1.0000        +INF             .          
Florida          .Softs                  .             1.0000        +INF             .          
Florida          .Cheese                 .             1.0000        +INF             .          
Florida          .Butter-Powder          .             1.0000        +INF             .          
Southeast        .Beverage               .             1.0000        +INF             .          
Southeast        .Softs                  .             1.0000        +INF             .          
Southeast        .Cheese                 .             1.0000        +INF             .          
Southeast        .Butter-Powder          .             1.0001        +INF             .          
Upper-Midwest    .Beverage               .             1.0000        +INF             .          
Upper-Midwest    .Softs                  .             1.0000        +INF             .          
Upper-Midwest    .Cheese                 .             1.0000        +INF             .          
Upper-Midwest    .Butter-Powder          .             1.0000        +INF             .          
Central          .Beverage               .             1.0000        +INF             .          
Central          .Softs                  .             1.0000        +INF             .          
Central          .Cheese                 .             1.0000        +INF             .          
Central          .Butter-Powder          .             1.0000        +INF             .          
Mideast          .Beverage               .             1.0000        +INF             .          
Mideast          .Softs                  .             1.0000        +INF             .          
Mideast          .Cheese                 .             1.0000        +INF             .          
Mideast          .Butter-Powder          .             1.0001        +INF             .          
California       .Beverage               .             1.0000        +INF             .          
California       .Softs                  .             1.0000        +INF             .          
California       .Cheese                 .             1.0000        +INF             .          
California       .Butter-Powder          .             1.0000        +INF             .          
Pacific-Northwest.Beverage               .             1.0000        +INF             .          
Pacific-Northwest.Softs                  .             1.0000        +INF             .          
Pacific-Northwest.Cheese                 .             1.0000        +INF             .          
Pacific-Northwest.Butter-Powder          .             1.0001        +INF             .          
Southwest        .Beverage               .             1.0000        +INF             .          
Southwest        .Softs                  .             1.0000        +INF             .          
Southwest        .Cheese                 .             1.0001        +INF             .          
Southwest        .Butter-Powder          .             1.0000        +INF             .          
Arizona          .Beverage               .             1.0000        +INF             .          
Arizona          .Softs                  .             1.0000        +INF             .          
Arizona          .Cheese                 .             1.0000        +INF             .          
Arizona          .Butter-Powder          .             1.0000        +INF             .          
Unregulated      .Beverage               .             1.0000        +INF             .          
Unregulated      .Softs                  .             1.0000        +INF             .          
Unregulated      .Cheese                 .             1.0000        +INF             .          
Unregulated      .Butter-Powder          .             1.0000        +INF             .          
ROW              .Beverage              1.0000         1.0000         1.0000         EPS         
ROW              .Softs                 1.0000         1.0000         1.0000         EPS         
ROW              .Cheese                1.0000         1.0000         1.0000         EPS         
ROW              .Butter-Powder         1.0000         1.0000         1.0000         EPS         

                           LOWER          LEVEL          UPPER         MARGINAL

---- VAR OBJ               -INF            1.0000        +INF             .          

  OBJ  constant objective variable for optimization algorithm


**** REPORT SUMMARY :        0     NONOPT
                             0 INFEASIBLE
                             0  UNBOUNDED
                             0     ERRORS
GAMS 54.2.1  d9889eb3 Jul 13, 2026          DAX-DAC arm 64bit/macOS - 08/12/26 09:47:57 Page 11
GAMS CODE FOR "THE GEOGRAPHIC FOOTPRINT OF U.S. DAIRY POLICY," QUANTITATIVE ECONOMICS
Equation Listing    SOLVE COMPDEMAND Using NLP From line 1827


---- EQ1  =E=  domestic consumer demand in region DOMJ for dairy products from region I

EQ1(Northeast,Northeast,Beverage)..  C(Northeast,Northeast,Beverage) - (0.3)*PINDEX1(Northeast) - (2)*PINDEX2(Northeast,Beverage) + (2.5)*P(Northeast,Beverage) =E= 0 ; (LHS = 0)
     
EQ1(Northeast,Northeast,Softs)..  C(Northeast,Northeast,Softs) - (0.3)*PINDEX1(Northeast) - (3.5)*PINDEX2(Northeast,Softs) + (4)*P(Northeast,Softs) =E= 0 ; (LHS = 0)
     
EQ1(Northeast,Northeast,Cheese)..  C(Northeast,Northeast,Cheese) - (0.3)*PINDEX1(Northeast) - (3.5)*PINDEX2(Northeast,Cheese) + (4)*P(Northeast,Cheese) =E= 0 ; (LHS = 0)
     
REMAINING 621 ENTRIES SKIPPED


---- EQ2  =E=  foreign consumer demand for US regional dairy products

EQ2(Northeast,Softs)..  C0(Northeast,Softs) + (98.2)*PINDEX10 - (6.2)*PINDEX20(Softs) + (8)*P(Northeast,Softs) =E= 0 ; (LHS = 0)
     
EQ2(Northeast,Cheese)..  C0(Northeast,Cheese) + (98.2)*PINDEX10 - (6.2)*PINDEX20(Cheese) + (8)*P(Northeast,Cheese) =E= 0 ; (LHS = 0)
     
EQ2(Northeast,Butter-Powder)..  C0(Northeast,Butter-Powder) + (98.2)*PINDEX10 - (8.2)*PINDEX20(Butter-Powder) + (10)*P(Northeast,Butter-Powder) =E= 0 ; (LHS = 0)
     
REMAINING 33 ENTRIES SKIPPED


---- EQ3  =E=  definition of region DOMJ dairy product price index

EQ3(Northeast)..  PINDEX1(Northeast) - (0.24675823174585)*PINDEX2(Northeast,Beverage) - (0.369375695568235)*PINDEX2(Northeast,Softs) - (0.284563345832431)*PINDEX2(Northeast,Cheese) - (0.0993027268534856)*PINDEX2(Northeast,Butter-Powder) =E= 0 ; (LHS = 0)
     
EQ3(Appalachian)..  PINDEX1(Appalachian) - (0.289725322691852)*PINDEX2(Appalachian,Beverage) - (0.314378390851904)*PINDEX2(Appalachian,Softs) - (0.254554644478508)*PINDEX2(Appalachian,Cheese) - (0.141341641977737)*PINDEX2(Appalachian,Butter-Powder) =E= 0 ; (LHS = 0)
     
EQ3(Florida)..  PINDEX1(Florida) - (0.468749591058235)*PINDEX2(Florida,Beverage) - (0.193399921267732)*PINDEX2(Florida,Softs) - (0.26963903730746)*PINDEX2(Florida,Cheese) - (0.0682114503665725)*PINDEX2(Florida,Butter-Powder) =E= 0 ; (LHS = 0)
     
REMAINING 9 ENTRIES SKIPPED


---- EQ4  =E=  definition of region DOMJ price index for product N

EQ4(Northeast,Beverage)..  PINDEX2(Northeast,Beverage) - (0.794352638855325)*P(Northeast,Beverage) - (0.0447387524231041)*P(Appalachian,Beverage) - (0.00965849106029156)*P(Florida,Beverage) - (0.00825807851749739)*P(Southeast,Beverage) - (0.0139814348655846)*P(Upper-Midwest,Beverage) - (0.0289443512979822)*P(Central,Beverage) - (0.0466563166718455)*P(Mideast,Beverage) - (0.0125884724113748)*P(California,Beverage) - (0.0131281678556238)*P(Pacific-Northwest,Beverage) - (0.0179771489494811)*P(Southwest,Beverage) - (0.00312464188185102)*P(Arizona,Beverage) - (0.0063044685515737)*P(Unregulated,Beverage) - (0.000287036658464304)*P(ROW,Beverage) =E= 0 ; (LHS = 0)
     
EQ4(Northeast,Softs)..  PINDEX2(Northeast,Softs) - (0.609903631894997)*P(Northeast,Softs) - (0.0159869338424502)*P(Appalachian,Softs) - (0.00217687738242106)*P(Florida,Softs) - (0.00254288069474904)*P(Southeast,Softs) - (0.0321761881743595)*P(Upper-Midwest,Softs) - (0.0412666809203598)*P(Central,Softs) - (0.24454086919435)*P(Mideast,Softs) - (0.0115496940230726)*P(California,Softs) - (0.00227270377478237)*P(Pacific-Northwest,Softs) - (0.0114504353634063)*P(Southwest,Softs) - (0.00169466850579308)*P(Arizona,Softs) - (0.0139276615627646)*P(Unregulated,Softs) - (0.0105107746664942)*P(ROW,Softs) =E= 0 ; (LHS = 0)
     
EQ4(Northeast,Cheese)..  PINDEX2(Northeast,Cheese) - (0.556844301674043)*P(Northeast,Cheese) - (0.00426870474921141)*P(Appalachian,Cheese) - (0.00207774438805753)*P(Florida,Cheese) - (0.00109568052056707)*P(Southeast,Cheese) - (0.140154014898437)*P(Upper-Midwest,Cheese) - (0.0449413640282396)*P(Central,Cheese) - (0.0654805084912523)*P(Mideast,Cheese) - (0.0409520952832567)*P(California,Cheese) - (0.0103192763518827)*P(Pacific-Northwest,Cheese) - (0.0151841976977415)*P(Southwest,Cheese) - (0.00353908683926618)*P(Arizona,Cheese) - (0.0306356539440691)*P(Unregulated,Cheese) - (0.0845073711339766)*P(ROW,Cheese) =E= 0 ; (LHS = 0)
     
REMAINING 45 ENTRIES SKIPPED


---- EQ5  =E=  definition of foreign dairy product price index

EQ5..  PINDEX10 - (0.176281753003001)*PINDEX20(Softs) - (0.471878872756067)*PINDEX20(Cheese) - (0.351839374240931)*PINDEX20(Butter-Powder) =E= 0 ; (LHS = 0)
     

---- EQ6  =E=  definition of foreign price index for product N

EQ6(Softs)..  PINDEX20(Softs) - (0.21185303201962)*P(Northeast,Softs) - (0.0577587020737929)*P(Appalachian,Softs) - (0.0526957374806717)*P(Florida,Softs) - (0.0428369233660385)*P(Southeast,Softs) - (0.0796760306371085)*P(Upper-Midwest,Softs) - (0.11973943383975)*P(Central,Softs) - (0.199159719161657)*P(Mideast,Softs) - (0.109938571423707)*P(California,Softs) - (0.0255272683962069)*P(Pacific-Northwest,Softs) - (0.0646813494655297)*P(Southwest,Softs) - (0.0235795401855904)*P(Arizona,Softs) - (0.0125536919503268)*P(Unregulated,Softs) =E= 0 ; (LHS = 0)
     
EQ6(Cheese)..  PINDEX20(Cheese) - (0.0766540004672471)*P(Northeast,Cheese) - (0.0145525533760702)*P(Appalachian,Cheese) - (0.0561889024874473)*P(Florida,Cheese) - (0.00677034506162829)*P(Southeast,Cheese) - (0.167532072164993)*P(Upper-Midwest,Cheese) - (0.0855383963980723)*P(Central,Cheese) - (0.0295444110130319)*P(Mideast,Cheese) - (0.330581947609173)*P(California,Cheese) - (0.0492777718420943)*P(Pacific-Northwest,Cheese) - (0.0799845271509775)*P(Southwest,Cheese) - (0.00601885323305417)*P(Arizona,Cheese) - (0.0973562191962109)*P(Unregulated,Cheese) =E= 0 ; (LHS = 0)
     
EQ6(Butter-Powder)..  PINDEX20(Butter-Powder) - (0.0529849908093177)*P(Northeast,Butter-Powder) - (0.0162842442404841)*P(Appalachian,Butter-Powder) - (0.0541961034976644)*P(Florida,Butter-Powder) - (0.00158953528624292)*P(Southeast,Butter-Powder) - (0.0900371107236857)*P(Upper-Midwest,Butter-Powder) - (0.100341984128239)*P(Central,Butter-Powder) - (0.0101742056961099)*P(Mideast,Butter-Powder) - (0.378681962058392)*P(California,Butter-Powder) - (0.121617155918956)*P(Pacific-Northwest,Butter-Powder) - (0.0945981052120954)*P(Southwest,Butter-Powder) - (0.0197107123623539)*P(Arizona,Butter-Powder) - (0.059783890066459)*P(Unregulated,Butter-Powder) =E= 0 ; (LHS = 0)
     

---- EQ7  =E=  dairy product market clearing

EQ7(Northeast,Beverage)..  - 0.786793109071197*C(Northeast,Northeast,Beverage) - 0.0518658018099528*C(Northeast,Appalachian,Beverage) - 0.0157614012833185*C(Northeast,Florida,Beverage) - 0.0301098428393148*C(Northeast,Southeast,Beverage) - 0.00979850100111836*C(Northeast,Upper-Midwest,Beverage) - 0.033320390446923*C(Northeast,Central,Beverage) - 0.027648324423947*C(Northeast,Mideast,Beverage) - 0.00908376723955732*C(Northeast,California,Beverage) - 0.00741336392843791*C(Northeast,Pacific-Northwest,Beverage) - 0.0194144327201721*C(Northeast,Southwest,Beverage) - 0.00250939452788024*C(Northeast,Arizona,Beverage) - 0.00628167070818092*C(Northeast,Unregulated,Beverage) + Q(Northeast,Beverage) =E= 0 ; (LHS = 0)
     
EQ7(Northeast,Softs)..  - 0.709078190290326*C(Northeast,Northeast,Softs) - 0.0511574922635477*C(Northeast,Appalachian,Softs) - 0.0154097826248743*C(Northeast,Florida,Softs) - 0.0183419022373236*C(Northeast,Southeast,Softs) - 0.0187358282059508*C(Northeast,Upper-Midwest,Softs) - 0.0607097319249804*C(Northeast,Central,Softs) - 0.0467282049576684*C(Northeast,Mideast,Softs) - 0.0189903255554335*C(Northeast,California,Softs) - 0.00469907158192011*C(Northeast,Pacific-Northwest,Softs) - 0.0313711003786776*C(Northeast,Southwest,Softs) - 0.00326927407416365*C(Northeast,Arizona,Softs) - 0.00819061032342025*C(Northeast,Unregulated,Softs) - 0.0133184855817139*C0(Northeast,Softs) + Q(Northeast,Softs) =E= 0 ; (LHS = 0)
     
EQ7(Northeast,Cheese)..  - 0.693733649805413*C(Northeast,Northeast,Cheese) - 0.0415221080827172*C(Northeast,Appalachian,Cheese) - 0.0213832642349401*C(Northeast,Florida,Cheese) - 0.0173718547730165*C(Northeast,Southeast,Cheese) - 0.0685604014303773*C(Northeast,Upper-Midwest,Cheese) - 0.0383227112565743*C(Northeast,Central,Cheese) - 0.0552226600736926*C(Northeast,Mideast,Cheese) - 0.0102889045190845*C(Northeast,California,Cheese) - 0.00459376028743111*C(Northeast,Pacific-Northwest,Cheese) - 0.0174794584008063*C(Northeast,Southwest,Cheese) - 0.00225745393736262*C(Northeast,Arizona,Cheese) - 0.0113208338607315*C(Northeast,Unregulated,Cheese) - 0.017942939337853*C0(Northeast,Cheese) + Q(Northeast,Cheese) =E= 0 ; (LHS = 0)
     
REMAINING 45 ENTRIES SKIPPED


---- EQ10EX  =E=  EQ10 with exogenous VINDEX (for MODEL COMPDEMAND)

EQ10EX(Northeast,Beverage)..  P(Northeast,Beverage) =E= 1 ; (LHS = 1)
     
EQ10EX(Northeast,Softs)..  P(Northeast,Softs) =E= 1.00001026179843 ; (LHS = 1, INFES = 1.02617984294451E-5 ****)
     
EQ10EX(Northeast,Cheese)..  P(Northeast,Cheese) =E= 1.00001249967622 ; (LHS = 1, INFES = 1.24996762238538E-5 ****)
     
REMAINING 45 ENTRIES SKIPPED


---- EQ21  =E=  objective function

EQ21..  OBJ =E= 1 ; (LHS = 1)
     
GAMS 54.2.1  d9889eb3 Jul 13, 2026          DAX-DAC arm 64bit/macOS - 08/12/26 09:47:57 Page 12
GAMS CODE FOR "THE GEOGRAPHIC FOOTPRINT OF U.S. DAIRY POLICY," QUANTITATIVE ECONOMICS
Column Listing      SOLVE COMPDEMAND Using NLP From line 1827


---- C  relative change in region DOMJ demand for product N from origin I

C(Northeast,Northeast,Beverage)
                (.LO, .L, .UP, .M = -INF, 1, +INF, 0)
        1       EQ1(Northeast,Northeast,Beverage)
       -0.7868  EQ7(Northeast,Beverage)

C(Northeast,Northeast,Softs)
                (.LO, .L, .UP, .M = -INF, 1, +INF, 0)
        1       EQ1(Northeast,Northeast,Softs)
       -0.7091  EQ7(Northeast,Softs)

C(Northeast,Northeast,Cheese)
                (.LO, .L, .UP, .M = -INF, 1, +INF, 0)
        1       EQ1(Northeast,Northeast,Cheese)
       -0.6937  EQ7(Northeast,Cheese)

REMAINING 621 ENTRIES SKIPPED

---- C0  relative change in foreign demand for product N from origin DOMI

C0(Northeast,Softs)
                (.LO, .L, .UP, .M = -INF, 1, +INF, 0)
        1       EQ2(Northeast,Softs)
       -0.0133  EQ7(Northeast,Softs)

C0(Northeast,Cheese)
                (.LO, .L, .UP, .M = -INF, 1, +INF, 0)
        1       EQ2(Northeast,Cheese)
       -0.0179  EQ7(Northeast,Cheese)

C0(Northeast,Butter-Powder)
                (.LO, .L, .UP, .M = -INF, 1, +INF, 0)
        1       EQ2(Northeast,Butter-Powder)
       -0.0219  EQ7(Northeast,Butter-Powder)

REMAINING 33 ENTRIES SKIPPED

---- PINDEX1  relative change in dairy product price index in region DOMJ

PINDEX1(Northeast)
                (.LO, .L, .UP, .M = 0, 1, +INF, 0)
      (-0.3)    EQ1(Northeast,Northeast,Beverage)
      (-0.3)    EQ1(Northeast,Northeast,Softs)
      (-0.3)    EQ1(Northeast,Northeast,Cheese)
      (-0.3)    EQ1(Northeast,Northeast,Butter-Powder)
      (-0.3)    EQ1(Appalachian,Northeast,Beverage)
      (-0.3)    EQ1(Appalachian,Northeast,Softs)
      (-0.3)    EQ1(Appalachian,Northeast,Cheese)
      (-0.3)    EQ1(Appalachian,Northeast,Butter-Powder)
      (-0.3)    EQ1(Florida,Northeast,Beverage)
      (-0.3)    EQ1(Florida,Northeast,Softs)
      (-0.3)    EQ1(Florida,Northeast,Cheese)
      (-0.3)    EQ1(Florida,Northeast,Butter-Powder)
      (-0.3)    EQ1(Southeast,Northeast,Beverage)
      (-0.3)    EQ1(Southeast,Northeast,Softs)
      (-0.3)    EQ1(Southeast,Northeast,Cheese)
      (-0.3)    EQ1(Southeast,Northeast,Butter-Powder)
      (-0.3)    EQ1(Upper-Midwest,Northeast,Beverage)
      (-0.3)    EQ1(Upper-Midwest,Northeast,Softs)
      (-0.3)    EQ1(Upper-Midwest,Northeast,Cheese)
      (-0.3)    EQ1(Upper-Midwest,Northeast,Butter-Powder)
      (-0.3)    EQ1(Central,Northeast,Beverage)
      (-0.3)    EQ1(Central,Northeast,Softs)
      (-0.3)    EQ1(Central,Northeast,Cheese)
      (-0.3)    EQ1(Central,Northeast,Butter-Powder)
      (-0.3)    EQ1(Mideast,Northeast,Beverage)
      (-0.3)    EQ1(Mideast,Northeast,Softs)
      (-0.3)    EQ1(Mideast,Northeast,Cheese)
      (-0.3)    EQ1(Mideast,Northeast,Butter-Powder)
      (-0.3)    EQ1(California,Northeast,Beverage)
      (-0.3)    EQ1(California,Northeast,Softs)
      (-0.3)    EQ1(California,Northeast,Cheese)
      (-0.3)    EQ1(California,Northeast,Butter-Powder)
      (-0.3)    EQ1(Pacific-Northwest,Northeast,Beverage)
      (-0.3)    EQ1(Pacific-Northwest,Northeast,Softs)
      (-0.3)    EQ1(Pacific-Northwest,Northeast,Cheese)
      (-0.3)    EQ1(Pacific-Northwest,Northeast,Butter-Powder)
      (-0.3)    EQ1(Southwest,Northeast,Beverage)
      (-0.3)    EQ1(Southwest,Northeast,Softs)
      (-0.3)    EQ1(Southwest,Northeast,Cheese)
      (-0.3)    EQ1(Southwest,Northeast,Butter-Powder)
      (-0.3)    EQ1(Arizona,Northeast,Beverage)
      (-0.3)    EQ1(Arizona,Northeast,Softs)
      (-0.3)    EQ1(Arizona,Northeast,Cheese)
      (-0.3)    EQ1(Arizona,Northeast,Butter-Powder)
      (-0.3)    EQ1(Unregulated,Northeast,Beverage)
      (-0.3)    EQ1(Unregulated,Northeast,Softs)
      (-0.3)    EQ1(Unregulated,Northeast,Cheese)
      (-0.3)    EQ1(Unregulated,Northeast,Butter-Powder)
      (-0.3)    EQ1(ROW,Northeast,Beverage)
      (-0.3)    EQ1(ROW,Northeast,Softs)
      (-0.3)    EQ1(ROW,Northeast,Cheese)
      (-0.3)    EQ1(ROW,Northeast,Butter-Powder)
        1       EQ3(Northeast)

PINDEX1(Appalachian)
                (.LO, .L, .UP, .M = 0, 1, +INF, 0)
      (-0.3)    EQ1(Northeast,Appalachian,Beverage)
      (-0.3)    EQ1(Northeast,Appalachian,Softs)
      (-0.3)    EQ1(Northeast,Appalachian,Cheese)
      (-0.3)    EQ1(Northeast,Appalachian,Butter-Powder)
      (-0.3)    EQ1(Appalachian,Appalachian,Beverage)
      (-0.3)    EQ1(Appalachian,Appalachian,Softs)
      (-0.3)    EQ1(Appalachian,Appalachian,Cheese)
      (-0.3)    EQ1(Appalachian,Appalachian,Butter-Powder)
      (-0.3)    EQ1(Florida,Appalachian,Beverage)
      (-0.3)    EQ1(Florida,Appalachian,Softs)
      (-0.3)    EQ1(Florida,Appalachian,Cheese)
      (-0.3)    EQ1(Florida,Appalachian,Butter-Powder)
      (-0.3)    EQ1(Southeast,Appalachian,Beverage)
      (-0.3)    EQ1(Southeast,Appalachian,Softs)
      (-0.3)    EQ1(Southeast,Appalachian,Cheese)
      (-0.3)    EQ1(Southeast,Appalachian,Butter-Powder)
      (-0.3)    EQ1(Upper-Midwest,Appalachian,Beverage)
      (-0.3)    EQ1(Upper-Midwest,Appalachian,Softs)
      (-0.3)    EQ1(Upper-Midwest,Appalachian,Cheese)
      (-0.3)    EQ1(Upper-Midwest,Appalachian,Butter-Powder)
      (-0.3)    EQ1(Central,Appalachian,Beverage)
      (-0.3)    EQ1(Central,Appalachian,Softs)
      (-0.3)    EQ1(Central,Appalachian,Cheese)
      (-0.3)    EQ1(Central,Appalachian,Butter-Powder)
      (-0.3)    EQ1(Mideast,Appalachian,Beverage)
      (-0.3)    EQ1(Mideast,Appalachian,Softs)
      (-0.3)    EQ1(Mideast,Appalachian,Cheese)
      (-0.3)    EQ1(Mideast,Appalachian,Butter-Powder)
      (-0.3)    EQ1(California,Appalachian,Beverage)
      (-0.3)    EQ1(California,Appalachian,Softs)
      (-0.3)    EQ1(California,Appalachian,Cheese)
      (-0.3)    EQ1(California,Appalachian,Butter-Powder)
      (-0.3)    EQ1(Pacific-Northwest,Appalachian,Beverage)
      (-0.3)    EQ1(Pacific-Northwest,Appalachian,Softs)
      (-0.3)    EQ1(Pacific-Northwest,Appalachian,Cheese)
      (-0.3)    EQ1(Pacific-Northwest,Appalachian,Butter-Powder)
      (-0.3)    EQ1(Southwest,Appalachian,Beverage)
      (-0.3)    EQ1(Southwest,Appalachian,Softs)
      (-0.3)    EQ1(Southwest,Appalachian,Cheese)
      (-0.3)    EQ1(Southwest,Appalachian,Butter-Powder)
      (-0.3)    EQ1(Arizona,Appalachian,Beverage)
      (-0.3)    EQ1(Arizona,Appalachian,Softs)
      (-0.3)    EQ1(Arizona,Appalachian,Cheese)
      (-0.3)    EQ1(Arizona,Appalachian,Butter-Powder)
      (-0.3)    EQ1(Unregulated,Appalachian,Beverage)
      (-0.3)    EQ1(Unregulated,Appalachian,Softs)
      (-0.3)    EQ1(Unregulated,Appalachian,Cheese)
      (-0.3)    EQ1(Unregulated,Appalachian,Butter-Powder)
      (-0.3)    EQ1(ROW,Appalachian,Beverage)
      (-0.3)    EQ1(ROW,Appalachian,Softs)
      (-0.3)    EQ1(ROW,Appalachian,Cheese)
      (-0.3)    EQ1(ROW,Appalachian,Butter-Powder)
        1       EQ3(Appalachian)

PINDEX1(Florida)
                (.LO, .L, .UP, .M = 0, 1, +INF, 0)
      (-0.3)    EQ1(Northeast,Florida,Beverage)
      (-0.3)    EQ1(Northeast,Florida,Softs)
      (-0.3)    EQ1(Northeast,Florida,Cheese)
      (-0.3)    EQ1(Northeast,Florida,Butter-Powder)
      (-0.3)    EQ1(Appalachian,Florida,Beverage)
      (-0.3)    EQ1(Appalachian,Florida,Softs)
      (-0.3)    EQ1(Appalachian,Florida,Cheese)
      (-0.3)    EQ1(Appalachian,Florida,Butter-Powder)
      (-0.3)    EQ1(Florida,Florida,Beverage)
      (-0.3)    EQ1(Florida,Florida,Softs)
      (-0.3)    EQ1(Florida,Florida,Cheese)
      (-0.3)    EQ1(Florida,Florida,Butter-Powder)
      (-0.3)    EQ1(Southeast,Florida,Beverage)
      (-0.3)    EQ1(Southeast,Florida,Softs)
      (-0.3)    EQ1(Southeast,Florida,Cheese)
      (-0.3)    EQ1(Southeast,Florida,Butter-Powder)
      (-0.3)    EQ1(Upper-Midwest,Florida,Beverage)
      (-0.3)    EQ1(Upper-Midwest,Florida,Softs)
      (-0.3)    EQ1(Upper-Midwest,Florida,Cheese)
      (-0.3)    EQ1(Upper-Midwest,Florida,Butter-Powder)
      (-0.3)    EQ1(Central,Florida,Beverage)
      (-0.3)    EQ1(Central,Florida,Softs)
      (-0.3)    EQ1(Central,Florida,Cheese)
      (-0.3)    EQ1(Central,Florida,Butter-Powder)
      (-0.3)    EQ1(Mideast,Florida,Beverage)
      (-0.3)    EQ1(Mideast,Florida,Softs)
      (-0.3)    EQ1(Mideast,Florida,Cheese)
      (-0.3)    EQ1(Mideast,Florida,Butter-Powder)
      (-0.3)    EQ1(California,Florida,Beverage)
      (-0.3)    EQ1(California,Florida,Softs)
      (-0.3)    EQ1(California,Florida,Cheese)
      (-0.3)    EQ1(California,Florida,Butter-Powder)
      (-0.3)    EQ1(Pacific-Northwest,Florida,Beverage)
      (-0.3)    EQ1(Pacific-Northwest,Florida,Softs)
      (-0.3)    EQ1(Pacific-Northwest,Florida,Cheese)
      (-0.3)    EQ1(Pacific-Northwest,Florida,Butter-Powder)
      (-0.3)    EQ1(Southwest,Florida,Beverage)
      (-0.3)    EQ1(Southwest,Florida,Softs)
      (-0.3)    EQ1(Southwest,Florida,Cheese)
      (-0.3)    EQ1(Southwest,Florida,Butter-Powder)
      (-0.3)    EQ1(Arizona,Florida,Beverage)
      (-0.3)    EQ1(Arizona,Florida,Softs)
      (-0.3)    EQ1(Arizona,Florida,Cheese)
      (-0.3)    EQ1(Arizona,Florida,Butter-Powder)
      (-0.3)    EQ1(Unregulated,Florida,Beverage)
      (-0.3)    EQ1(Unregulated,Florida,Softs)
      (-0.3)    EQ1(Unregulated,Florida,Cheese)
      (-0.3)    EQ1(Unregulated,Florida,Butter-Powder)
      (-0.3)    EQ1(ROW,Florida,Beverage)
      (-0.3)    EQ1(ROW,Florida,Softs)
      (-0.3)    EQ1(ROW,Florida,Cheese)
      (-0.3)    EQ1(ROW,Florida,Butter-Powder)
        1       EQ3(Florida)

REMAINING 9 ENTRIES SKIPPED

---- PINDEX2  relative change in price of product N in region DOMJ

PINDEX2(Northeast,Beverage)
                (.LO, .L, .UP, .M = 0, 1, +INF, 0)
      (-2)      EQ1(Northeast,Northeast,Beverage)
      (-2)      EQ1(Appalachian,Northeast,Beverage)
      (-2)      EQ1(Florida,Northeast,Beverage)
      (-2)      EQ1(Southeast,Northeast,Beverage)
      (-2)      EQ1(Upper-Midwest,Northeast,Beverage)
      (-2)      EQ1(Central,Northeast,Beverage)
      (-2)      EQ1(Mideast,Northeast,Beverage)
      (-2)      EQ1(California,Northeast,Beverage)
      (-2)      EQ1(Pacific-Northwest,Northeast,Beverage)
      (-2)      EQ1(Southwest,Northeast,Beverage)
      (-2)      EQ1(Arizona,Northeast,Beverage)
      (-2)      EQ1(Unregulated,Northeast,Beverage)
      (-2)      EQ1(ROW,Northeast,Beverage)
      (-0.2468) EQ3(Northeast)
        1       EQ4(Northeast,Beverage)

PINDEX2(Northeast,Softs)
                (.LO, .L, .UP, .M = 0, 1, +INF, 0)
      (-3.5)    EQ1(Northeast,Northeast,Softs)
      (-3.5)    EQ1(Appalachian,Northeast,Softs)
      (-3.5)    EQ1(Florida,Northeast,Softs)
      (-3.5)    EQ1(Southeast,Northeast,Softs)
      (-3.5)    EQ1(Upper-Midwest,Northeast,Softs)
      (-3.5)    EQ1(Central,Northeast,Softs)
      (-3.5)    EQ1(Mideast,Northeast,Softs)
      (-3.5)    EQ1(California,Northeast,Softs)
      (-3.5)    EQ1(Pacific-Northwest,Northeast,Softs)
      (-3.5)    EQ1(Southwest,Northeast,Softs)
      (-3.5)    EQ1(Arizona,Northeast,Softs)
      (-3.5)    EQ1(Unregulated,Northeast,Softs)
      (-3.5)    EQ1(ROW,Northeast,Softs)
      (-0.3694) EQ3(Northeast)
        1       EQ4(Northeast,Softs)

PINDEX2(Northeast,Cheese)
                (.LO, .L, .UP, .M = 0, 1, +INF, 0)
      (-3.5)    EQ1(Northeast,Northeast,Cheese)
      (-3.5)    EQ1(Appalachian,Northeast,Cheese)
      (-3.5)    EQ1(Florida,Northeast,Cheese)
      (-3.5)    EQ1(Southeast,Northeast,Cheese)
      (-3.5)    EQ1(Upper-Midwest,Northeast,Cheese)
      (-3.5)    EQ1(Central,Northeast,Cheese)
      (-3.5)    EQ1(Mideast,Northeast,Cheese)
      (-3.5)    EQ1(California,Northeast,Cheese)
      (-3.5)    EQ1(Pacific-Northwest,Northeast,Cheese)
      (-3.5)    EQ1(Southwest,Northeast,Cheese)
      (-3.5)    EQ1(Arizona,Northeast,Cheese)
      (-3.5)    EQ1(Unregulated,Northeast,Cheese)
      (-3.5)    EQ1(ROW,Northeast,Cheese)
      (-0.2846) EQ3(Northeast)
        1       EQ4(Northeast,Cheese)

REMAINING 45 ENTRIES SKIPPED

---- PINDEX10  relative change in foreign price index for dairy products

PINDEX10
                (.LO, .L, .UP, .M = 0, 1, +INF, 0)
      (98.2)    EQ2(Northeast,Softs)
      (98.2)    EQ2(Northeast,Cheese)
      (98.2)    EQ2(Northeast,Butter-Powder)
      (98.2)    EQ2(Appalachian,Softs)
      (98.2)    EQ2(Appalachian,Cheese)
      (98.2)    EQ2(Appalachian,Butter-Powder)
      (98.2)    EQ2(Florida,Softs)
      (98.2)    EQ2(Florida,Cheese)
      (98.2)    EQ2(Florida,Butter-Powder)
      (98.2)    EQ2(Southeast,Softs)
      (98.2)    EQ2(Southeast,Cheese)
      (98.2)    EQ2(Southeast,Butter-Powder)
      (98.2)    EQ2(Upper-Midwest,Softs)
      (98.2)    EQ2(Upper-Midwest,Cheese)
      (98.2)    EQ2(Upper-Midwest,Butter-Powder)
      (98.2)    EQ2(Central,Softs)
      (98.2)    EQ2(Central,Cheese)
      (98.2)    EQ2(Central,Butter-Powder)
      (98.2)    EQ2(Mideast,Softs)
      (98.2)    EQ2(Mideast,Cheese)
      (98.2)    EQ2(Mideast,Butter-Powder)
      (98.2)    EQ2(California,Softs)
      (98.2)    EQ2(California,Cheese)
      (98.2)    EQ2(California,Butter-Powder)
      (98.2)    EQ2(Pacific-Northwest,Softs)
      (98.2)    EQ2(Pacific-Northwest,Cheese)
      (98.2)    EQ2(Pacific-Northwest,Butter-Powder)
      (98.2)    EQ2(Southwest,Softs)
      (98.2)    EQ2(Southwest,Cheese)
      (98.2)    EQ2(Southwest,Butter-Powder)
      (98.2)    EQ2(Arizona,Softs)
      (98.2)    EQ2(Arizona,Cheese)
      (98.2)    EQ2(Arizona,Butter-Powder)
      (98.2)    EQ2(Unregulated,Softs)
      (98.2)    EQ2(Unregulated,Cheese)
      (98.2)    EQ2(Unregulated,Butter-Powder)
        1       EQ5


---- PINDEX20  relative change in foreign price of product SUBN

PINDEX20(Softs)
                (.LO, .L, .UP, .M = 0, 1, +INF, 0)
      (-6.2)    EQ2(Northeast,Softs)
      (-6.2)    EQ2(Appalachian,Softs)
      (-6.2)    EQ2(Florida,Softs)
      (-6.2)    EQ2(Southeast,Softs)
      (-6.2)    EQ2(Upper-Midwest,Softs)
      (-6.2)    EQ2(Central,Softs)
      (-6.2)    EQ2(Mideast,Softs)
      (-6.2)    EQ2(California,Softs)
      (-6.2)    EQ2(Pacific-Northwest,Softs)
      (-6.2)    EQ2(Southwest,Softs)
      (-6.2)    EQ2(Arizona,Softs)
      (-6.2)    EQ2(Unregulated,Softs)
      (-0.1763) EQ5
        1       EQ6(Softs)

PINDEX20(Cheese)
                (.LO, .L, .UP, .M = 0, 1, +INF, 0)
      (-6.2)    EQ2(Northeast,Cheese)
      (-6.2)    EQ2(Appalachian,Cheese)
      (-6.2)    EQ2(Florida,Cheese)
      (-6.2)    EQ2(Southeast,Cheese)
      (-6.2)    EQ2(Upper-Midwest,Cheese)
      (-6.2)    EQ2(Central,Cheese)
      (-6.2)    EQ2(Mideast,Cheese)
      (-6.2)    EQ2(California,Cheese)
      (-6.2)    EQ2(Pacific-Northwest,Cheese)
      (-6.2)    EQ2(Southwest,Cheese)
      (-6.2)    EQ2(Arizona,Cheese)
      (-6.2)    EQ2(Unregulated,Cheese)
      (-0.4719) EQ5
        1       EQ6(Cheese)

PINDEX20(Butter-Powder)
                (.LO, .L, .UP, .M = 0, 1, +INF, 0)
      (-8.2)    EQ2(Northeast,Butter-Powder)
      (-8.2)    EQ2(Appalachian,Butter-Powder)
      (-8.2)    EQ2(Florida,Butter-Powder)
      (-8.2)    EQ2(Southeast,Butter-Powder)
      (-8.2)    EQ2(Upper-Midwest,Butter-Powder)
      (-8.2)    EQ2(Central,Butter-Powder)
      (-8.2)    EQ2(Mideast,Butter-Powder)
      (-8.2)    EQ2(California,Butter-Powder)
      (-8.2)    EQ2(Pacific-Northwest,Butter-Powder)
      (-8.2)    EQ2(Southwest,Butter-Powder)
      (-8.2)    EQ2(Arizona,Butter-Powder)
      (-8.2)    EQ2(Unregulated,Butter-Powder)
      (-0.3518) EQ5
        1       EQ6(Butter-Powder)


---- Q  relative change in production of product N in region DOMI

Q(Northeast,Beverage)
                (.LO, .L, .UP, .M = -INF, 1, +INF, 0)
        1       EQ7(Northeast,Beverage)

Q(Northeast,Softs)
                (.LO, .L, .UP, .M = -INF, 1, +INF, 0)
        1       EQ7(Northeast,Softs)

Q(Northeast,Cheese)
                (.LO, .L, .UP, .M = -INF, 1, +INF, 0)
        1       EQ7(Northeast,Cheese)

REMAINING 45 ENTRIES SKIPPED

---- P  relative change in producer price of product N in region I

P(Northeast,Beverage)
                (.LO, .L, .UP, .M = 0, 1, +INF, 0)
       (2.5)    EQ1(Northeast,Northeast,Beverage)
       (2.5)    EQ1(Northeast,Appalachian,Beverage)
       (2.5)    EQ1(Northeast,Florida,Beverage)
       (2.5)    EQ1(Northeast,Southeast,Beverage)
       (2.5)    EQ1(Northeast,Upper-Midwest,Beverage)
       (2.5)    EQ1(Northeast,Central,Beverage)
       (2.5)    EQ1(Northeast,Mideast,Beverage)
       (2.5)    EQ1(Northeast,California,Beverage)
       (2.5)    EQ1(Northeast,Pacific-Northwest,Beverage)
       (2.5)    EQ1(Northeast,Southwest,Beverage)
       (2.5)    EQ1(Northeast,Arizona,Beverage)
       (2.5)    EQ1(Northeast,Unregulated,Beverage)
      (-0.7944) EQ4(Northeast,Beverage)
      (-0.1696) EQ4(Appalachian,Beverage)
      (-0.0532) EQ4(Florida,Beverage)
      (-0.1148) EQ4(Southeast,Beverage)
      (-0.0584) EQ4(Upper-Midwest,Beverage)
      (-0.0589) EQ4(Central,Beverage)
      (-0.0859) EQ4(Mideast,Beverage)
      (-0.0146) EQ4(California,Beverage)
      (-0.0249) EQ4(Pacific-Northwest,Beverage)
      (-0.0437) EQ4(Southwest,Beverage)
      (-0.0206) EQ4(Arizona,Beverage)
      (-0.0312) EQ4(Unregulated,Beverage)
        1       EQ10EX(Northeast,Beverage)

P(Northeast,Softs)
                (.LO, .L, .UP, .M = 0, 1, +INF, 0)
       (4)      EQ1(Northeast,Northeast,Softs)
       (4)      EQ1(Northeast,Appalachian,Softs)
       (4)      EQ1(Northeast,Florida,Softs)
       (4)      EQ1(Northeast,Southeast,Softs)
       (4)      EQ1(Northeast,Upper-Midwest,Softs)
       (4)      EQ1(Northeast,Central,Softs)
       (4)      EQ1(Northeast,Mideast,Softs)
       (4)      EQ1(Northeast,California,Softs)
       (4)      EQ1(Northeast,Pacific-Northwest,Softs)
       (4)      EQ1(Northeast,Southwest,Softs)
       (4)      EQ1(Northeast,Arizona,Softs)
       (4)      EQ1(Northeast,Unregulated,Softs)
       (8)      EQ2(Northeast,Softs)
      (-0.6099) EQ4(Northeast,Softs)
      (-0.1966) EQ4(Appalachian,Softs)
      (-0.1606) EQ4(Florida,Softs)
      (-0.1152) EQ4(Southeast,Softs)
      (-0.0841) EQ4(Upper-Midwest,Softs)
      (-0.1018) EQ4(Central,Softs)
      (-0.0965) EQ4(Mideast,Softs)
      (-0.0424) EQ4(California,Softs)
      (-0.0458) EQ4(Pacific-Northwest,Softs)
      (-0.0795) EQ4(Southwest,Softs)
      (-0.0933) EQ4(Arizona,Softs)
      (-0.0641) EQ4(Unregulated,Softs)
      (-0.2119) EQ6(Softs)
        1       EQ10EX(Northeast,Softs)

P(Northeast,Cheese)
                (.LO, .L, .UP, .M = 0, 1, +INF, 0)
       (4)      EQ1(Northeast,Northeast,Cheese)
       (4)      EQ1(Northeast,Appalachian,Cheese)
       (4)      EQ1(Northeast,Florida,Cheese)
       (4)      EQ1(Northeast,Southeast,Cheese)
       (4)      EQ1(Northeast,Upper-Midwest,Cheese)
       (4)      EQ1(Northeast,Central,Cheese)
       (4)      EQ1(Northeast,Mideast,Cheese)
       (4)      EQ1(Northeast,California,Cheese)
       (4)      EQ1(Northeast,Pacific-Northwest,Cheese)
       (4)      EQ1(Northeast,Southwest,Cheese)
       (4)      EQ1(Northeast,Arizona,Cheese)
       (4)      EQ1(Northeast,Unregulated,Cheese)
       (8)      EQ2(Northeast,Cheese)
      (-0.5568) EQ4(Northeast,Cheese)
      (-0.1417) EQ4(Appalachian,Cheese)
      (-0.1149) EQ4(Florida,Cheese)
      (-0.1184) EQ4(Southeast,Cheese)
      (-0.0456) EQ4(Upper-Midwest,Cheese)
      (-0.0437) EQ4(Central,Cheese)
      (-0.1068) EQ4(Mideast,Cheese)
      (-0.0179) EQ4(California,Cheese)
      (-0.0236) EQ4(Pacific-Northwest,Cheese)
      (-0.0627) EQ4(Southwest,Cheese)
      (-0.0276) EQ4(Arizona,Cheese)
      (-0.0309) EQ4(Unregulated,Cheese)
      (-0.0767) EQ6(Cheese)
        1       EQ10EX(Northeast,Cheese)

REMAINING 49 ENTRIES SKIPPED

---- OBJ  constant objective variable for optimization algorithm

OBJ
                (.LO, .L, .UP, .M = -INF, 1, +INF, 0)
        1       EQ21

GAMS 54.2.1  d9889eb3 Jul 13, 2026          DAX-DAC arm 64bit/macOS - 08/12/26 09:47:57 Page 13
GAMS CODE FOR "THE GEOGRAPHIC FOOTPRINT OF U.S. DAIRY POLICY," QUANTITATIVE ECONOMICS
Model Statistics    SOLVE COMPDEMAND Using NLP From line 1827


MODEL STATISTICS

BLOCKS OF EQUATIONS           9     SINGLE EQUATIONS          821
BLOCKS OF VARIABLES           9     SINGLE VARIABLES          825
NON ZERO ELEMENTS         4,120     NON LINEAR N-Z          2,687
CODE LENGTH              12,388     CONSTANT POOL             745


GENERATION TIME      =        0.003 SECONDS      5 MB  54.2.1 d9889eb3 DAX-DAC
GAMS 54.2.1  d9889eb3 Jul 13, 2026          DAX-DAC arm 64bit/macOS - 08/12/26 09:47:57 Page 14
GAMS CODE FOR "THE GEOGRAPHIC FOOTPRINT OF U.S. DAIRY POLICY," QUANTITATIVE ECONOMICS
Solution Report     SOLVE COMPDEMAND Using NLP From line 1827


               S O L V E      S U M M A R Y

     MODEL   COMPDEMAND          OBJECTIVE  OBJ
     TYPE    NLP                 DIRECTION  MAXIMIZE
     SOLVER  CONOPT3             FROM LINE  1827

**** SOLVER STATUS     1 Normal Completion
**** MODEL STATUS      1 Optimal
**** OBJECTIVE VALUE                1.0000

 RESOURCE USAGE, LIMIT          0.005 10000000000.000
 ITERATION COUNT, LIMIT         4    2147483647
 EVALUATION ERRORS              0             0
 
 
    C O N O P T 3   version 3.17R
    Copyright (C)   GAMS Software GmbH
                    GAMS Development Corporation
 
 
                   Pre-triangular equations:   821
                   Post-triangular equations:  0
 
 
 ** Optimal solution. There are no superbasic variables.
 
 
 CONOPT time Total                            0.001 seconds
   of which: Function evaluations             0.001 =100.0%
             1st Derivative evaluations       0.000 =  0.0%
 

---- EQU EQ1  domestic consumer demand in region DOMJ for dairy products from region I

                                                         LOWER          LEVEL          UPPER         MARGINAL

Northeast        .Northeast        .Beverage               .              .              .             EPS         
Northeast        .Northeast        .Softs                  .              .              .             EPS         
Northeast        .Northeast        .Cheese                 .              .              .             EPS         
Northeast        .Northeast        .Butter-Powder          .              .              .             EPS         
Northeast        .Appalachian      .Beverage               .              .              .             EPS         
Northeast        .Appalachian      .Softs                  .              .              .             EPS         
Northeast        .Appalachian      .Cheese                 .              .              .             EPS         
Northeast        .Appalachian      .Butter-Powder          .              .              .             EPS         
Northeast        .Florida          .Beverage               .              .              .             EPS         
Northeast        .Florida          .Softs                  .              .              .             EPS         
Northeast        .Florida          .Cheese                 .              .              .             EPS         
Northeast        .Florida          .Butter-Powder          .              .              .             EPS         
Northeast        .Southeast        .Beverage               .              .              .             EPS         
Northeast        .Southeast        .Softs                  .              .              .             EPS         
Northeast        .Southeast        .Cheese                 .              .              .             EPS         
Northeast        .Southeast        .Butter-Powder          .              .              .             EPS         
Northeast        .Upper-Midwest    .Beverage               .              .              .             EPS         
Northeast        .Upper-Midwest    .Softs                  .              .              .             EPS         
Northeast        .Upper-Midwest    .Cheese                 .              .              .             EPS         
Northeast        .Upper-Midwest    .Butter-Powder          .              .              .             EPS         
Northeast        .Central          .Beverage               .              .              .             EPS         
Northeast        .Central          .Softs                  .              .              .             EPS         
Northeast        .Central          .Cheese                 .              .              .             EPS         
Northeast        .Central          .Butter-Powder          .              .              .             EPS         
Northeast        .Mideast          .Beverage               .              .              .             EPS         
Northeast        .Mideast          .Softs                  .              .              .             EPS         
Northeast        .Mideast          .Cheese                 .              .              .             EPS         
Northeast        .Mideast          .Butter-Powder          .              .              .             EPS         
Northeast        .California       .Beverage               .              .              .             EPS         
Northeast        .California       .Softs                  .              .              .             EPS         
Northeast        .California       .Cheese                 .              .              .             EPS         
Northeast        .California       .Butter-Powder          .              .              .             EPS         
Northeast        .Pacific-Northwest.Beverage               .              .              .             EPS         
Northeast        .Pacific-Northwest.Softs                  .              .              .             EPS         
Northeast        .Pacific-Northwest.Cheese                 .              .              .             EPS         
Northeast        .Pacific-Northwest.Butter-Powder          .              .              .             EPS         
Northeast        .Southwest        .Beverage               .              .              .             EPS         
Northeast        .Southwest        .Softs                  .              .              .             EPS         
Northeast        .Southwest        .Cheese                 .              .              .             EPS         
Northeast        .Southwest        .Butter-Powder          .              .              .             EPS         
Northeast        .Arizona          .Beverage               .              .              .             EPS         
Northeast        .Arizona          .Softs                  .              .              .             EPS         
Northeast        .Arizona          .Cheese                 .              .              .             EPS         
Northeast        .Arizona          .Butter-Powder          .              .              .             EPS         
Northeast        .Unregulated      .Beverage               .              .              .             EPS         
Northeast        .Unregulated      .Softs                  .              .              .             EPS         
Northeast        .Unregulated      .Cheese                 .              .              .             EPS         
Northeast        .Unregulated      .Butter-Powder          .              .              .             EPS         
Appalachian      .Northeast        .Beverage               .              .              .             EPS         
Appalachian      .Northeast        .Softs                  .              .              .             EPS         
Appalachian      .Northeast        .Cheese                 .              .              .             EPS         
Appalachian      .Northeast        .Butter-Powder          .              .              .             EPS         
Appalachian      .Appalachian      .Beverage               .              .              .             EPS         
Appalachian      .Appalachian      .Softs                  .              .              .             EPS         
Appalachian      .Appalachian      .Cheese                 .              .              .             EPS         
Appalachian      .Appalachian      .Butter-Powder          .              .              .             EPS         
Appalachian      .Florida          .Beverage               .              .              .             EPS         
Appalachian      .Florida          .Softs                  .              .              .             EPS         
Appalachian      .Florida          .Cheese                 .              .              .             EPS         
Appalachian      .Florida          .Butter-Powder          .              .              .             EPS         
Appalachian      .Southeast        .Beverage               .              .              .             EPS         
Appalachian      .Southeast        .Softs                  .              .              .             EPS         
Appalachian      .Southeast        .Cheese                 .              .              .             EPS         
Appalachian      .Southeast        .Butter-Powder          .              .              .             EPS         
Appalachian      .Upper-Midwest    .Beverage               .              .              .             EPS         
Appalachian      .Upper-Midwest    .Softs                  .              .              .             EPS         
Appalachian      .Upper-Midwest    .Cheese                 .              .              .             EPS         
Appalachian      .Upper-Midwest    .Butter-Powder          .              .              .             EPS         
Appalachian      .Central          .Beverage               .              .              .             EPS         
Appalachian      .Central          .Softs                  .              .              .             EPS         
Appalachian      .Central          .Cheese                 .              .              .             EPS         
Appalachian      .Central          .Butter-Powder          .              .              .             EPS         
Appalachian      .Mideast          .Beverage               .              .              .             EPS         
Appalachian      .Mideast          .Softs                  .              .              .             EPS         
Appalachian      .Mideast          .Cheese                 .              .              .             EPS         
Appalachian      .Mideast          .Butter-Powder          .              .              .             EPS         
Appalachian      .California       .Beverage               .              .              .             EPS         
Appalachian      .California       .Softs                  .              .              .             EPS         
Appalachian      .California       .Cheese                 .              .              .             EPS         
Appalachian      .California       .Butter-Powder          .              .              .             EPS         
Appalachian      .Pacific-Northwest.Beverage               .              .              .             EPS         
Appalachian      .Pacific-Northwest.Softs                  .              .              .             EPS         
Appalachian      .Pacific-Northwest.Cheese                 .              .              .             EPS         
Appalachian      .Pacific-Northwest.Butter-Powder          .              .              .             EPS         
Appalachian      .Southwest        .Beverage               .              .              .             EPS         
Appalachian      .Southwest        .Softs                  .              .              .             EPS         
Appalachian      .Southwest        .Cheese                 .              .              .             EPS         
Appalachian      .Southwest        .Butter-Powder          .              .              .             EPS         
Appalachian      .Arizona          .Beverage               .              .              .             EPS         
Appalachian      .Arizona          .Softs                  .              .              .             EPS         
Appalachian      .Arizona          .Cheese                 .              .              .             EPS         
Appalachian      .Arizona          .Butter-Powder          .              .              .             EPS         
Appalachian      .Unregulated      .Beverage               .              .              .             EPS         
Appalachian      .Unregulated      .Softs                  .              .              .             EPS         
Appalachian      .Unregulated      .Cheese                 .              .              .             EPS         
Appalachian      .Unregulated      .Butter-Powder          .              .              .             EPS         
Florida          .Northeast        .Beverage               .              .              .             EPS         
Florida          .Northeast        .Softs                  .              .              .             EPS         
Florida          .Northeast        .Cheese                 .              .              .             EPS         
Florida          .Northeast        .Butter-Powder          .              .              .             EPS         
Florida          .Appalachian      .Beverage               .              .              .             EPS         
Florida          .Appalachian      .Softs                  .              .              .             EPS         
Florida          .Appalachian      .Cheese                 .              .              .             EPS         
Florida          .Appalachian      .Butter-Powder          .              .              .             EPS         
Florida          .Florida          .Beverage               .              .              .             EPS         
Florida          .Florida          .Softs                  .              .              .             EPS         
Florida          .Florida          .Cheese                 .              .              .             EPS         
Florida          .Florida          .Butter-Powder          .              .              .             EPS         
Florida          .Southeast        .Beverage               .              .              .             EPS         
Florida          .Southeast        .Softs                  .              .              .             EPS         
Florida          .Southeast        .Cheese                 .              .              .             EPS         
Florida          .Southeast        .Butter-Powder          .              .              .             EPS         
Florida          .Upper-Midwest    .Beverage               .              .              .             EPS         
Florida          .Upper-Midwest    .Softs                  .              .              .             EPS         
Florida          .Upper-Midwest    .Cheese                 .              .              .             EPS         
Florida          .Upper-Midwest    .Butter-Powder          .              .              .             EPS         
Florida          .Central          .Beverage               .              .              .             EPS         
Florida          .Central          .Softs                  .              .              .             EPS         
Florida          .Central          .Cheese                 .              .              .             EPS         
Florida          .Central          .Butter-Powder          .              .              .             EPS         
Florida          .Mideast          .Beverage               .              .              .             EPS         
Florida          .Mideast          .Softs                  .              .              .             EPS         
Florida          .Mideast          .Cheese                 .              .              .             EPS         
Florida          .Mideast          .Butter-Powder          .              .              .             EPS         
Florida          .California       .Beverage               .              .              .             EPS         
Florida          .California       .Softs                  .              .              .             EPS         
Florida          .California       .Cheese                 .              .              .             EPS         
Florida          .California       .Butter-Powder          .              .              .             EPS         
Florida          .Pacific-Northwest.Beverage               .              .              .             EPS         
Florida          .Pacific-Northwest.Softs                  .              .              .             EPS         
Florida          .Pacific-Northwest.Cheese                 .              .              .             EPS         
Florida          .Pacific-Northwest.Butter-Powder          .              .              .             EPS         
Florida          .Southwest        .Beverage               .              .              .             EPS         
Florida          .Southwest        .Softs                  .              .              .             EPS         
Florida          .Southwest        .Cheese                 .              .              .             EPS         
Florida          .Southwest        .Butter-Powder          .              .              .             EPS         
Florida          .Arizona          .Beverage               .              .              .             EPS         
Florida          .Arizona          .Softs                  .              .              .             EPS         
Florida          .Arizona          .Cheese                 .              .              .             EPS         
Florida          .Arizona          .Butter-Powder          .              .              .             EPS         
Florida          .Unregulated      .Beverage               .              .              .             EPS         
Florida          .Unregulated      .Softs                  .              .              .             EPS         
Florida          .Unregulated      .Cheese                 .              .              .             EPS         
Florida          .Unregulated      .Butter-Powder          .              .              .             EPS         
Southeast        .Northeast        .Beverage               .              .              .             EPS         
Southeast        .Northeast        .Softs                  .              .              .             EPS         
Southeast        .Northeast        .Cheese                 .              .              .             EPS         
Southeast        .Northeast        .Butter-Powder          .              .              .             EPS         
Southeast        .Appalachian      .Beverage               .              .              .             EPS         
Southeast        .Appalachian      .Softs                  .              .              .             EPS         
Southeast        .Appalachian      .Cheese                 .              .              .             EPS         
Southeast        .Appalachian      .Butter-Powder          .              .              .             EPS         
Southeast        .Florida          .Beverage               .              .              .             EPS         
Southeast        .Florida          .Softs                  .              .              .             EPS         
Southeast        .Florida          .Cheese                 .              .              .             EPS         
Southeast        .Florida          .Butter-Powder          .              .              .             EPS         
Southeast        .Southeast        .Beverage               .              .              .             EPS         
Southeast        .Southeast        .Softs                  .              .              .             EPS         
Southeast        .Southeast        .Cheese                 .              .              .             EPS         
Southeast        .Southeast        .Butter-Powder          .              .              .             EPS         
Southeast        .Upper-Midwest    .Beverage               .              .              .             EPS         
Southeast        .Upper-Midwest    .Softs                  .              .              .             EPS         
Southeast        .Upper-Midwest    .Cheese                 .              .              .             EPS         
Southeast        .Upper-Midwest    .Butter-Powder          .              .              .             EPS         
Southeast        .Central          .Beverage               .              .              .             EPS         
Southeast        .Central          .Softs                  .              .              .             EPS         
Southeast        .Central          .Cheese                 .              .              .             EPS         
Southeast        .Central          .Butter-Powder          .              .              .             EPS         
Southeast        .Mideast          .Beverage               .              .              .             EPS         
Southeast        .Mideast          .Softs                  .              .              .             EPS         
Southeast        .Mideast          .Cheese                 .              .              .             EPS         
Southeast        .Mideast          .Butter-Powder          .              .              .             EPS         
Southeast        .California       .Beverage               .              .              .             EPS         
Southeast        .California       .Softs                  .              .              .             EPS         
Southeast        .California       .Cheese                 .              .              .             EPS         
Southeast        .California       .Butter-Powder          .              .              .             EPS         
Southeast        .Pacific-Northwest.Beverage               .              .              .             EPS         
Southeast        .Pacific-Northwest.Softs                  .              .              .             EPS         
Southeast        .Pacific-Northwest.Cheese                 .              .              .             EPS         
Southeast        .Pacific-Northwest.Butter-Powder          .              .              .             EPS         
Southeast        .Southwest        .Beverage               .              .              .             EPS         
Southeast        .Southwest        .Softs                  .              .              .             EPS         
Southeast        .Southwest        .Cheese                 .              .              .             EPS         
Southeast        .Southwest        .Butter-Powder          .              .              .             EPS         
Southeast        .Arizona          .Beverage               .              .              .             EPS         
Southeast        .Arizona          .Softs                  .              .              .             EPS         
Southeast        .Arizona          .Cheese                 .              .              .             EPS         
Southeast        .Arizona          .Butter-Powder          .              .              .             EPS         
Southeast        .Unregulated      .Beverage               .              .              .             EPS         
Southeast        .Unregulated      .Softs                  .              .              .             EPS         
Southeast        .Unregulated      .Cheese                 .              .              .             EPS         
Southeast        .Unregulated      .Butter-Powder          .              .              .             EPS         
Upper-Midwest    .Northeast        .Beverage               .              .              .             EPS         
Upper-Midwest    .Northeast        .Softs                  .              .              .             EPS         
Upper-Midwest    .Northeast        .Cheese                 .              .              .             EPS         
Upper-Midwest    .Northeast        .Butter-Powder          .              .              .             EPS         
Upper-Midwest    .Appalachian      .Beverage               .              .              .             EPS         
Upper-Midwest    .Appalachian      .Softs                  .              .              .             EPS         
Upper-Midwest    .Appalachian      .Cheese                 .              .              .             EPS         
Upper-Midwest    .Appalachian      .Butter-Powder          .              .              .             EPS         
Upper-Midwest    .Florida          .Beverage               .              .              .             EPS         
Upper-Midwest    .Florida          .Softs                  .              .              .             EPS         
Upper-Midwest    .Florida          .Cheese                 .              .              .             EPS         
Upper-Midwest    .Florida          .Butter-Powder          .              .              .             EPS         
Upper-Midwest    .Southeast        .Beverage               .              .              .             EPS         
Upper-Midwest    .Southeast        .Softs                  .              .              .             EPS         
Upper-Midwest    .Southeast        .Cheese                 .              .              .             EPS         
Upper-Midwest    .Southeast        .Butter-Powder          .              .              .             EPS         
Upper-Midwest    .Upper-Midwest    .Beverage               .              .              .             EPS         
Upper-Midwest    .Upper-Midwest    .Softs                  .              .              .             EPS         
Upper-Midwest    .Upper-Midwest    .Cheese                 .              .              .             EPS         
Upper-Midwest    .Upper-Midwest    .Butter-Powder          .              .              .             EPS         
Upper-Midwest    .Central          .Beverage               .              .              .             EPS         
Upper-Midwest    .Central          .Softs                  .              .              .             EPS         
Upper-Midwest    .Central          .Cheese                 .              .              .             EPS         
Upper-Midwest    .Central          .Butter-Powder          .              .              .             EPS         
Upper-Midwest    .Mideast          .Beverage               .              .              .             EPS         
Upper-Midwest    .Mideast          .Softs                  .              .              .             EPS         
Upper-Midwest    .Mideast          .Cheese                 .              .              .             EPS         
Upper-Midwest    .Mideast          .Butter-Powder          .              .              .             EPS         
Upper-Midwest    .California       .Beverage               .              .              .             EPS         
Upper-Midwest    .California       .Softs                  .              .              .             EPS         
Upper-Midwest    .California       .Cheese                 .              .              .             EPS         
Upper-Midwest    .California       .Butter-Powder          .              .              .             EPS         
Upper-Midwest    .Pacific-Northwest.Beverage               .              .              .             EPS         
Upper-Midwest    .Pacific-Northwest.Softs                  .              .              .             EPS         
Upper-Midwest    .Pacific-Northwest.Cheese                 .              .              .             EPS         
Upper-Midwest    .Pacific-Northwest.Butter-Powder          .              .              .             EPS         
Upper-Midwest    .Southwest        .Beverage               .              .              .             EPS         
Upper-Midwest    .Southwest        .Softs                  .              .              .             EPS         
Upper-Midwest    .Southwest        .Cheese                 .              .              .             EPS         
Upper-Midwest    .Southwest        .Butter-Powder          .              .              .             EPS         
Upper-Midwest    .Arizona          .Beverage               .              .              .             EPS         
Upper-Midwest    .Arizona          .Softs                  .              .              .             EPS         
Upper-Midwest    .Arizona          .Cheese                 .              .              .             EPS         
Upper-Midwest    .Arizona          .Butter-Powder          .              .              .             EPS         
Upper-Midwest    .Unregulated      .Beverage               .              .              .             EPS         
Upper-Midwest    .Unregulated      .Softs                  .              .              .             EPS         
Upper-Midwest    .Unregulated      .Cheese                 .              .              .             EPS         
Upper-Midwest    .Unregulated      .Butter-Powder          .              .              .             EPS         
Central          .Northeast        .Beverage               .              .              .             EPS         
Central          .Northeast        .Softs                  .              .              .             EPS         
Central          .Northeast        .Cheese                 .              .              .             EPS         
Central          .Northeast        .Butter-Powder          .              .              .             EPS         
Central          .Appalachian      .Beverage               .              .              .             EPS         
Central          .Appalachian      .Softs                  .              .              .             EPS         
Central          .Appalachian      .Cheese                 .              .              .             EPS         
Central          .Appalachian      .Butter-Powder          .              .              .             EPS         
Central          .Florida          .Beverage               .              .              .             EPS         
Central          .Florida          .Softs                  .              .              .             EPS         
Central          .Florida          .Cheese                 .              .              .             EPS         
Central          .Florida          .Butter-Powder          .              .              .             EPS         
Central          .Southeast        .Beverage               .              .              .             EPS         
Central          .Southeast        .Softs                  .              .              .             EPS         
Central          .Southeast        .Cheese                 .              .              .             EPS         
Central          .Southeast        .Butter-Powder          .              .              .             EPS         
Central          .Upper-Midwest    .Beverage               .              .              .             EPS         
Central          .Upper-Midwest    .Softs                  .              .              .             EPS         
Central          .Upper-Midwest    .Cheese                 .              .              .             EPS         
Central          .Upper-Midwest    .Butter-Powder          .              .              .             EPS         
Central          .Central          .Beverage               .              .              .             EPS         
Central          .Central          .Softs                  .              .              .             EPS         
Central          .Central          .Cheese                 .              .              .             EPS         
Central          .Central          .Butter-Powder          .              .              .             EPS         
Central          .Mideast          .Beverage               .              .              .             EPS         
Central          .Mideast          .Softs                  .              .              .             EPS         
Central          .Mideast          .Cheese                 .              .              .             EPS         
Central          .Mideast          .Butter-Powder          .              .              .             EPS         
Central          .California       .Beverage               .              .              .             EPS         
Central          .California       .Softs                  .              .              .             EPS         
Central          .California       .Cheese                 .              .              .             EPS         
Central          .California       .Butter-Powder          .              .              .             EPS         
Central          .Pacific-Northwest.Beverage               .              .              .             EPS         
Central          .Pacific-Northwest.Softs                  .              .              .             EPS         
Central          .Pacific-Northwest.Cheese                 .              .              .             EPS         
Central          .Pacific-Northwest.Butter-Powder          .              .              .             EPS         
Central          .Southwest        .Beverage               .              .              .             EPS         
Central          .Southwest        .Softs                  .              .              .             EPS         
Central          .Southwest        .Cheese                 .              .              .             EPS         
Central          .Southwest        .Butter-Powder          .              .              .             EPS         
Central          .Arizona          .Beverage               .              .              .             EPS         
Central          .Arizona          .Softs                  .              .              .             EPS         
Central          .Arizona          .Cheese                 .              .              .             EPS         
Central          .Arizona          .Butter-Powder          .              .              .             EPS         
Central          .Unregulated      .Beverage               .              .              .             EPS         
Central          .Unregulated      .Softs                  .              .              .             EPS         
Central          .Unregulated      .Cheese                 .              .              .             EPS         
Central          .Unregulated      .Butter-Powder          .              .              .             EPS         
Mideast          .Northeast        .Beverage               .              .              .             EPS         
Mideast          .Northeast        .Softs                  .              .              .             EPS         
Mideast          .Northeast        .Cheese                 .              .              .             EPS         
Mideast          .Northeast        .Butter-Powder          .              .              .             EPS         
Mideast          .Appalachian      .Beverage               .              .              .             EPS         
Mideast          .Appalachian      .Softs                  .              .              .             EPS         
Mideast          .Appalachian      .Cheese                 .              .              .             EPS         
Mideast          .Appalachian      .Butter-Powder          .              .              .             EPS         
Mideast          .Florida          .Beverage               .              .              .             EPS         
Mideast          .Florida          .Softs                  .              .              .             EPS         
Mideast          .Florida          .Cheese                 .              .              .             EPS         
Mideast          .Florida          .Butter-Powder          .              .              .             EPS         
Mideast          .Southeast        .Beverage               .              .              .             EPS         
Mideast          .Southeast        .Softs                  .              .              .             EPS         
Mideast          .Southeast        .Cheese                 .              .              .             EPS         
Mideast          .Southeast        .Butter-Powder          .              .              .             EPS         
Mideast          .Upper-Midwest    .Beverage               .              .              .             EPS         
Mideast          .Upper-Midwest    .Softs                  .              .              .             EPS         
Mideast          .Upper-Midwest    .Cheese                 .              .              .             EPS         
Mideast          .Upper-Midwest    .Butter-Powder          .              .              .             EPS         
Mideast          .Central          .Beverage               .              .              .             EPS         
Mideast          .Central          .Softs                  .              .              .             EPS         
Mideast          .Central          .Cheese                 .              .              .             EPS         
Mideast          .Central          .Butter-Powder          .              .              .             EPS         
Mideast          .Mideast          .Beverage               .              .              .             EPS         
Mideast          .Mideast          .Softs                  .              .              .             EPS         
Mideast          .Mideast          .Cheese                 .              .              .             EPS         
Mideast          .Mideast          .Butter-Powder          .              .              .             EPS         
Mideast          .California       .Beverage               .              .              .             EPS         
Mideast          .California       .Softs                  .              .              .             EPS         
Mideast          .California       .Cheese                 .              .              .             EPS         
Mideast          .California       .Butter-Powder          .              .              .             EPS         
Mideast          .Pacific-Northwest.Beverage               .              .              .             EPS         
Mideast          .Pacific-Northwest.Softs                  .              .              .             EPS         
Mideast          .Pacific-Northwest.Cheese                 .              .              .             EPS         
Mideast          .Pacific-Northwest.Butter-Powder          .              .              .             EPS         
Mideast          .Southwest        .Beverage               .              .              .             EPS         
Mideast          .Southwest        .Softs                  .              .              .             EPS         
Mideast          .Southwest        .Cheese                 .              .              .             EPS         
Mideast          .Southwest        .Butter-Powder          .              .              .             EPS         
Mideast          .Arizona          .Beverage               .              .              .             EPS         
Mideast          .Arizona          .Softs                  .              .              .             EPS         
Mideast          .Arizona          .Cheese                 .              .              .             EPS         
Mideast          .Arizona          .Butter-Powder          .              .              .             EPS         
Mideast          .Unregulated      .Beverage               .              .              .             EPS         
Mideast          .Unregulated      .Softs                  .              .              .             EPS         
Mideast          .Unregulated      .Cheese                 .              .              .             EPS         
Mideast          .Unregulated      .Butter-Powder          .              .              .             EPS         
California       .Northeast        .Beverage               .              .              .             EPS         
California       .Northeast        .Softs                  .              .              .             EPS         
California       .Northeast        .Cheese                 .              .              .             EPS         
California       .Northeast        .Butter-Powder          .              .              .             EPS         
California       .Appalachian      .Beverage               .              .              .             EPS         
California       .Appalachian      .Softs                  .              .              .             EPS         
California       .Appalachian      .Cheese                 .              .              .             EPS         
California       .Appalachian      .Butter-Powder          .              .              .             EPS         
California       .Florida          .Beverage               .              .              .             EPS         
California       .Florida          .Softs                  .              .              .             EPS         
California       .Florida          .Cheese                 .              .              .             EPS         
California       .Florida          .Butter-Powder          .              .              .             EPS         
California       .Southeast        .Beverage               .              .              .             EPS         
California       .Southeast        .Softs                  .              .              .             EPS         
California       .Southeast        .Cheese                 .              .              .             EPS         
California       .Southeast        .Butter-Powder          .              .              .             EPS         
California       .Upper-Midwest    .Beverage               .              .              .             EPS         
California       .Upper-Midwest    .Softs                  .              .              .             EPS         
California       .Upper-Midwest    .Cheese                 .              .              .             EPS         
California       .Upper-Midwest    .Butter-Powder          .              .              .             EPS         
California       .Central          .Beverage               .              .              .             EPS         
California       .Central          .Softs                  .              .              .             EPS         
California       .Central          .Cheese                 .              .              .             EPS         
California       .Central          .Butter-Powder          .              .              .             EPS         
California       .Mideast          .Beverage               .              .              .             EPS         
California       .Mideast          .Softs                  .              .              .             EPS         
California       .Mideast          .Cheese                 .              .              .             EPS         
California       .Mideast          .Butter-Powder          .              .              .             EPS         
California       .California       .Beverage               .              .              .             EPS         
California       .California       .Softs                  .              .              .             EPS         
California       .California       .Cheese                 .              .              .             EPS         
California       .California       .Butter-Powder          .              .              .             EPS         
California       .Pacific-Northwest.Beverage               .              .              .             EPS         
California       .Pacific-Northwest.Softs                  .              .              .             EPS         
California       .Pacific-Northwest.Cheese                 .              .              .             EPS         
California       .Pacific-Northwest.Butter-Powder          .              .              .             EPS         
California       .Southwest        .Beverage               .              .              .             EPS         
California       .Southwest        .Softs                  .              .              .             EPS         
California       .Southwest        .Cheese                 .              .              .             EPS         
California       .Southwest        .Butter-Powder          .              .              .             EPS         
California       .Arizona          .Beverage               .              .              .             EPS         
California       .Arizona          .Softs                  .              .              .             EPS         
California       .Arizona          .Cheese                 .              .              .             EPS         
California       .Arizona          .Butter-Powder          .              .              .             EPS         
California       .Unregulated      .Beverage               .              .              .             EPS         
California       .Unregulated      .Softs                  .              .              .             EPS         
California       .Unregulated      .Cheese                 .              .              .             EPS         
California       .Unregulated      .Butter-Powder          .              .              .             EPS         
Pacific-Northwest.Northeast        .Beverage               .              .              .             EPS         
Pacific-Northwest.Northeast        .Softs                  .              .              .             EPS         
Pacific-Northwest.Northeast        .Cheese                 .              .              .             EPS         
Pacific-Northwest.Northeast        .Butter-Powder          .              .              .             EPS         
Pacific-Northwest.Appalachian      .Beverage               .              .              .             EPS         
Pacific-Northwest.Appalachian      .Softs                  .              .              .             EPS         
Pacific-Northwest.Appalachian      .Cheese                 .              .              .             EPS         
Pacific-Northwest.Appalachian      .Butter-Powder          .              .              .             EPS         
Pacific-Northwest.Florida          .Beverage               .              .              .             EPS         
Pacific-Northwest.Florida          .Softs                  .              .              .             EPS         
Pacific-Northwest.Florida          .Cheese                 .              .              .             EPS         
Pacific-Northwest.Florida          .Butter-Powder          .              .              .             EPS         
Pacific-Northwest.Southeast        .Beverage               .              .              .             EPS         
Pacific-Northwest.Southeast        .Softs                  .              .              .             EPS         
Pacific-Northwest.Southeast        .Cheese                 .              .              .             EPS         
Pacific-Northwest.Southeast        .Butter-Powder          .              .              .             EPS         
Pacific-Northwest.Upper-Midwest    .Beverage               .              .              .             EPS         
Pacific-Northwest.Upper-Midwest    .Softs                  .              .              .             EPS         
Pacific-Northwest.Upper-Midwest    .Cheese                 .              .              .             EPS         
Pacific-Northwest.Upper-Midwest    .Butter-Powder          .              .              .             EPS         
Pacific-Northwest.Central          .Beverage               .              .              .             EPS         
Pacific-Northwest.Central          .Softs                  .              .              .             EPS         
Pacific-Northwest.Central          .Cheese                 .              .              .             EPS         
Pacific-Northwest.Central          .Butter-Powder          .              .              .             EPS         
Pacific-Northwest.Mideast          .Beverage               .              .              .             EPS         
Pacific-Northwest.Mideast          .Softs                  .              .              .             EPS         
Pacific-Northwest.Mideast          .Cheese                 .              .              .             EPS         
Pacific-Northwest.Mideast          .Butter-Powder          .              .              .             EPS         
Pacific-Northwest.California       .Beverage               .              .              .             EPS         
Pacific-Northwest.California       .Softs                  .              .              .             EPS         
Pacific-Northwest.California       .Cheese                 .              .              .             EPS         
Pacific-Northwest.California       .Butter-Powder          .              .              .             EPS         
Pacific-Northwest.Pacific-Northwest.Beverage               .              .              .             EPS         
Pacific-Northwest.Pacific-Northwest.Softs                  .              .              .             EPS         
Pacific-Northwest.Pacific-Northwest.Cheese                 .              .              .             EPS         
Pacific-Northwest.Pacific-Northwest.Butter-Powder          .              .              .             EPS         
Pacific-Northwest.Southwest        .Beverage               .              .              .             EPS         
Pacific-Northwest.Southwest        .Softs                  .              .              .             EPS         
Pacific-Northwest.Southwest        .Cheese                 .              .              .             EPS         
Pacific-Northwest.Southwest        .Butter-Powder          .              .              .             EPS         
Pacific-Northwest.Arizona          .Beverage               .              .              .             EPS         
Pacific-Northwest.Arizona          .Softs                  .              .              .             EPS         
Pacific-Northwest.Arizona          .Cheese                 .              .              .             EPS         
Pacific-Northwest.Arizona          .Butter-Powder          .              .              .             EPS         
Pacific-Northwest.Unregulated      .Beverage               .              .              .             EPS         
Pacific-Northwest.Unregulated      .Softs                  .              .              .             EPS         
Pacific-Northwest.Unregulated      .Cheese                 .              .              .             EPS         
Pacific-Northwest.Unregulated      .Butter-Powder          .              .              .             EPS         
Southwest        .Northeast        .Beverage               .              .              .             EPS         
Southwest        .Northeast        .Softs                  .              .              .             EPS         
Southwest        .Northeast        .Cheese                 .              .              .             EPS         
Southwest        .Northeast        .Butter-Powder          .              .              .             EPS         
Southwest        .Appalachian      .Beverage               .              .              .             EPS         
Southwest        .Appalachian      .Softs                  .              .              .             EPS         
Southwest        .Appalachian      .Cheese                 .              .              .             EPS         
Southwest        .Appalachian      .Butter-Powder          .              .              .             EPS         
Southwest        .Florida          .Beverage               .              .              .             EPS         
Southwest        .Florida          .Softs                  .              .              .             EPS         
Southwest        .Florida          .Cheese                 .              .              .             EPS         
Southwest        .Florida          .Butter-Powder          .              .              .             EPS         
Southwest        .Southeast        .Beverage               .              .              .             EPS         
Southwest        .Southeast        .Softs                  .              .              .             EPS         
Southwest        .Southeast        .Cheese                 .              .              .             EPS         
Southwest        .Southeast        .Butter-Powder          .              .              .             EPS         
Southwest        .Upper-Midwest    .Beverage               .              .              .             EPS         
Southwest        .Upper-Midwest    .Softs                  .              .              .             EPS         
Southwest        .Upper-Midwest    .Cheese                 .              .              .             EPS         
Southwest        .Upper-Midwest    .Butter-Powder          .              .              .             EPS         
Southwest        .Central          .Beverage               .              .              .             EPS         
Southwest        .Central          .Softs                  .              .              .             EPS         
Southwest        .Central          .Cheese                 .              .              .             EPS         
Southwest        .Central          .Butter-Powder          .              .              .             EPS         
Southwest        .Mideast          .Beverage               .              .              .             EPS         
Southwest        .Mideast          .Softs                  .              .              .             EPS         
Southwest        .Mideast          .Cheese                 .              .              .             EPS         
Southwest        .Mideast          .Butter-Powder          .              .              .             EPS         
Southwest        .California       .Beverage               .              .              .             EPS         
Southwest        .California       .Softs                  .              .              .             EPS         
Southwest        .California       .Cheese                 .              .              .             EPS         
Southwest        .California       .Butter-Powder          .              .              .             EPS         
Southwest        .Pacific-Northwest.Beverage               .              .              .             EPS         
Southwest        .Pacific-Northwest.Softs                  .              .              .             EPS         
Southwest        .Pacific-Northwest.Cheese                 .              .              .             EPS         
Southwest        .Pacific-Northwest.Butter-Powder          .              .              .             EPS         
Southwest        .Southwest        .Beverage               .              .              .             EPS         
Southwest        .Southwest        .Softs                  .              .              .             EPS         
Southwest        .Southwest        .Cheese                 .              .              .             EPS         
Southwest        .Southwest        .Butter-Powder          .              .              .             EPS         
Southwest        .Arizona          .Beverage               .              .              .             EPS         
Southwest        .Arizona          .Softs                  .              .              .             EPS         
Southwest        .Arizona          .Cheese                 .              .              .             EPS         
Southwest        .Arizona          .Butter-Powder          .              .              .             EPS         
Southwest        .Unregulated      .Beverage               .              .              .             EPS         
Southwest        .Unregulated      .Softs                  .              .              .             EPS         
Southwest        .Unregulated      .Cheese                 .              .              .             EPS         
Southwest        .Unregulated      .Butter-Powder          .              .              .             EPS         
Arizona          .Northeast        .Beverage               .              .              .             EPS         
Arizona          .Northeast        .Softs                  .              .              .             EPS         
Arizona          .Northeast        .Cheese                 .              .              .             EPS         
Arizona          .Northeast        .Butter-Powder          .              .              .             EPS         
Arizona          .Appalachian      .Beverage               .              .              .             EPS         
Arizona          .Appalachian      .Softs                  .              .              .             EPS         
Arizona          .Appalachian      .Cheese                 .              .              .             EPS         
Arizona          .Appalachian      .Butter-Powder          .              .              .             EPS         
Arizona          .Florida          .Beverage               .              .              .             EPS         
Arizona          .Florida          .Softs                  .              .              .             EPS         
Arizona          .Florida          .Cheese                 .              .              .             EPS         
Arizona          .Florida          .Butter-Powder          .              .              .             EPS         
Arizona          .Southeast        .Beverage               .              .              .             EPS         
Arizona          .Southeast        .Softs                  .              .              .             EPS         
Arizona          .Southeast        .Cheese                 .              .              .             EPS         
Arizona          .Southeast        .Butter-Powder          .              .              .             EPS         
Arizona          .Upper-Midwest    .Beverage               .              .              .             EPS         
Arizona          .Upper-Midwest    .Softs                  .              .              .             EPS         
Arizona          .Upper-Midwest    .Cheese                 .              .              .             EPS         
Arizona          .Upper-Midwest    .Butter-Powder          .              .              .             EPS         
Arizona          .Central          .Beverage               .              .              .             EPS         
Arizona          .Central          .Softs                  .              .              .             EPS         
Arizona          .Central          .Cheese                 .              .              .             EPS         
Arizona          .Central          .Butter-Powder          .              .              .             EPS         
Arizona          .Mideast          .Beverage               .              .              .             EPS         
Arizona          .Mideast          .Softs                  .              .              .             EPS         
Arizona          .Mideast          .Cheese                 .              .              .             EPS         
Arizona          .Mideast          .Butter-Powder          .              .              .             EPS         
Arizona          .California       .Beverage               .              .              .             EPS         
Arizona          .California       .Softs                  .              .              .             EPS         
Arizona          .California       .Cheese                 .              .              .             EPS         
Arizona          .California       .Butter-Powder          .              .              .             EPS         
Arizona          .Pacific-Northwest.Beverage               .              .              .             EPS         
Arizona          .Pacific-Northwest.Softs                  .              .              .             EPS         
Arizona          .Pacific-Northwest.Cheese                 .              .              .             EPS         
Arizona          .Pacific-Northwest.Butter-Powder          .              .              .             EPS         
Arizona          .Southwest        .Beverage               .              .              .             EPS         
Arizona          .Southwest        .Softs                  .              .              .             EPS         
Arizona          .Southwest        .Cheese                 .              .              .             EPS         
Arizona          .Southwest        .Butter-Powder          .              .              .             EPS         
Arizona          .Arizona          .Beverage               .              .              .             EPS         
Arizona          .Arizona          .Softs                  .              .              .             EPS         
Arizona          .Arizona          .Cheese                 .              .              .             EPS         
Arizona          .Arizona          .Butter-Powder          .              .              .             EPS         
Arizona          .Unregulated      .Beverage               .              .              .             EPS         
Arizona          .Unregulated      .Softs                  .              .              .             EPS         
Arizona          .Unregulated      .Cheese                 .              .              .             EPS         
Arizona          .Unregulated      .Butter-Powder          .              .              .             EPS         
Unregulated      .Northeast        .Beverage               .              .              .             EPS         
Unregulated      .Northeast        .Softs                  .              .              .             EPS         
Unregulated      .Northeast        .Cheese                 .              .              .             EPS         
Unregulated      .Northeast        .Butter-Powder          .              .              .             EPS         
Unregulated      .Appalachian      .Beverage               .              .              .             EPS         
Unregulated      .Appalachian      .Softs                  .              .              .             EPS         
Unregulated      .Appalachian      .Cheese                 .              .              .             EPS         
Unregulated      .Appalachian      .Butter-Powder          .              .              .             EPS         
Unregulated      .Florida          .Beverage               .              .              .             EPS         
Unregulated      .Florida          .Softs                  .              .              .             EPS         
Unregulated      .Florida          .Cheese                 .              .              .             EPS         
Unregulated      .Florida          .Butter-Powder          .              .              .             EPS         
Unregulated      .Southeast        .Beverage               .              .              .             EPS         
Unregulated      .Southeast        .Softs                  .              .              .             EPS         
Unregulated      .Southeast        .Cheese                 .              .              .             EPS         
Unregulated      .Southeast        .Butter-Powder          .              .              .             EPS         
Unregulated      .Upper-Midwest    .Beverage               .              .              .             EPS         
Unregulated      .Upper-Midwest    .Softs                  .              .              .             EPS         
Unregulated      .Upper-Midwest    .Cheese                 .              .              .             EPS         
Unregulated      .Upper-Midwest    .Butter-Powder          .              .              .             EPS         
Unregulated      .Central          .Beverage               .              .              .             EPS         
Unregulated      .Central          .Softs                  .              .              .             EPS         
Unregulated      .Central          .Cheese                 .              .              .             EPS         
Unregulated      .Central          .Butter-Powder          .              .              .             EPS         
Unregulated      .Mideast          .Beverage               .              .              .             EPS         
Unregulated      .Mideast          .Softs                  .              .              .             EPS         
Unregulated      .Mideast          .Cheese                 .              .              .             EPS         
Unregulated      .Mideast          .Butter-Powder          .              .              .             EPS         
Unregulated      .California       .Beverage               .              .              .             EPS         
Unregulated      .California       .Softs                  .              .              .             EPS         
Unregulated      .California       .Cheese                 .              .              .             EPS         
Unregulated      .California       .Butter-Powder          .              .              .             EPS         
Unregulated      .Pacific-Northwest.Beverage               .              .              .             EPS         
Unregulated      .Pacific-Northwest.Softs                  .              .              .             EPS         
Unregulated      .Pacific-Northwest.Cheese                 .              .              .             EPS         
Unregulated      .Pacific-Northwest.Butter-Powder          .              .              .             EPS         
Unregulated      .Southwest        .Beverage               .              .              .             EPS         
Unregulated      .Southwest        .Softs                  .              .              .             EPS         
Unregulated      .Southwest        .Cheese                 .              .              .             EPS         
Unregulated      .Southwest        .Butter-Powder          .              .              .             EPS         
Unregulated      .Arizona          .Beverage               .              .              .             EPS         
Unregulated      .Arizona          .Softs                  .              .              .             EPS         
Unregulated      .Arizona          .Cheese                 .              .              .             EPS         
Unregulated      .Arizona          .Butter-Powder          .              .              .             EPS         
Unregulated      .Unregulated      .Beverage               .              .              .             EPS         
Unregulated      .Unregulated      .Softs                  .              .              .             EPS         
Unregulated      .Unregulated      .Cheese                 .              .              .             EPS         
Unregulated      .Unregulated      .Butter-Powder          .              .              .             EPS         
ROW              .Northeast        .Beverage               .              .              .             EPS         
ROW              .Northeast        .Softs                  .              .              .             EPS         
ROW              .Northeast        .Cheese                 .              .              .             EPS         
ROW              .Northeast        .Butter-Powder          .              .              .             EPS         
ROW              .Appalachian      .Beverage               .              .              .             EPS         
ROW              .Appalachian      .Softs                  .              .              .             EPS         
ROW              .Appalachian      .Cheese                 .              .              .             EPS         
ROW              .Appalachian      .Butter-Powder          .              .              .             EPS         
ROW              .Florida          .Beverage               .              .              .             EPS         
ROW              .Florida          .Softs                  .              .              .             EPS         
ROW              .Florida          .Cheese                 .              .              .             EPS         
ROW              .Florida          .Butter-Powder          .              .              .             EPS         
ROW              .Southeast        .Beverage               .              .              .             EPS         
ROW              .Southeast        .Softs                  .              .              .             EPS         
ROW              .Southeast        .Cheese                 .              .              .             EPS         
ROW              .Southeast        .Butter-Powder          .              .              .             EPS         
ROW              .Upper-Midwest    .Beverage               .              .              .             EPS         
ROW              .Upper-Midwest    .Softs                  .              .              .             EPS         
ROW              .Upper-Midwest    .Cheese                 .              .              .             EPS         
ROW              .Upper-Midwest    .Butter-Powder          .              .              .             EPS         
ROW              .Central          .Beverage               .              .              .             EPS         
ROW              .Central          .Softs                  .              .              .             EPS         
ROW              .Central          .Cheese                 .              .              .             EPS         
ROW              .Central          .Butter-Powder          .              .              .             EPS         
ROW              .Mideast          .Beverage               .              .              .             EPS         
ROW              .Mideast          .Softs                  .              .              .             EPS         
ROW              .Mideast          .Cheese                 .              .              .             EPS         
ROW              .Mideast          .Butter-Powder          .              .              .             EPS         
ROW              .California       .Beverage               .              .              .             EPS         
ROW              .California       .Softs                  .              .              .             EPS         
ROW              .California       .Cheese                 .              .              .             EPS         
ROW              .California       .Butter-Powder          .              .              .             EPS         
ROW              .Pacific-Northwest.Beverage               .              .              .             EPS         
ROW              .Pacific-Northwest.Softs                  .              .              .             EPS         
ROW              .Pacific-Northwest.Cheese                 .              .              .             EPS         
ROW              .Pacific-Northwest.Butter-Powder          .              .              .             EPS         
ROW              .Southwest        .Beverage               .              .              .             EPS         
ROW              .Southwest        .Softs                  .              .              .             EPS         
ROW              .Southwest        .Cheese                 .              .              .             EPS         
ROW              .Southwest        .Butter-Powder          .              .              .             EPS         
ROW              .Arizona          .Beverage               .              .              .             EPS         
ROW              .Arizona          .Softs                  .              .              .             EPS         
ROW              .Arizona          .Cheese                 .              .              .             EPS         
ROW              .Arizona          .Butter-Powder          .              .              .             EPS         
ROW              .Unregulated      .Beverage               .              .              .             EPS         
ROW              .Unregulated      .Softs                  .              .              .             EPS         
ROW              .Unregulated      .Cheese                 .              .              .             EPS         
ROW              .Unregulated      .Butter-Powder          .              .              .             EPS         

---- EQU EQ2  foreign consumer demand for US regional dairy products

                                       LOWER          LEVEL          UPPER         MARGINAL

Northeast        .Softs                  .              .              .             EPS         
Northeast        .Cheese                 .              .              .             EPS         
Northeast        .Butter-Powder          .              .              .             EPS         
Appalachian      .Softs                  .              .              .             EPS         
Appalachian      .Cheese                 .              .              .             EPS         
Appalachian      .Butter-Powder          .              .              .             EPS         
Florida          .Softs                  .              .              .             EPS         
Florida          .Cheese                 .              .              .             EPS         
Florida          .Butter-Powder          .              .              .             EPS         
Southeast        .Softs                  .              .              .             EPS         
Southeast        .Cheese                 .              .              .             EPS         
Southeast        .Butter-Powder          .              .              .             EPS         
Upper-Midwest    .Softs                  .              .              .             EPS         
Upper-Midwest    .Cheese                 .              .              .             EPS         
Upper-Midwest    .Butter-Powder          .              .              .             EPS         
Central          .Softs                  .              .              .             EPS         
Central          .Cheese                 .              .              .             EPS         
Central          .Butter-Powder          .              .              .             EPS         
Mideast          .Softs                  .              .              .             EPS         
Mideast          .Cheese                 .              .              .             EPS         
Mideast          .Butter-Powder          .              .              .             EPS         
California       .Softs                  .              .              .             EPS         
California       .Cheese                 .              .              .             EPS         
California       .Butter-Powder          .              .              .             EPS         
Pacific-Northwest.Softs                  .              .              .             EPS         
Pacific-Northwest.Cheese                 .              .              .             EPS         
Pacific-Northwest.Butter-Powder          .              .              .             EPS         
Southwest        .Softs                  .              .              .             EPS         
Southwest        .Cheese                 .              .              .             EPS         
Southwest        .Butter-Powder          .              .              .             EPS         
Arizona          .Softs                  .              .              .             EPS         
Arizona          .Cheese                 .              .              .             EPS         
Arizona          .Butter-Powder          .              .              .             EPS         
Unregulated      .Softs                  .              .              .             EPS         
Unregulated      .Cheese                 .              .              .             EPS         
Unregulated      .Butter-Powder          .              .              .             EPS         

---- EQU EQ3  definition of region DOMJ dairy product price index

                         LOWER          LEVEL          UPPER         MARGINAL

Northeast                  .              .              .             EPS         
Appalachian                .              .              .             EPS         
Florida                    .              .              .             EPS         
Southeast                  .              .              .             EPS         
Upper-Midwest              .              .              .             EPS         
Central                    .              .              .             EPS         
Mideast                    .              .              .             EPS         
California                 .              .              .             EPS         
Pacific-Northwest          .              .              .             EPS         
Southwest                  .              .              .             EPS         
Arizona                    .              .              .             EPS         
Unregulated                .              .              .             EPS         

---- EQU EQ4  definition of region DOMJ price index for product N

                                       LOWER          LEVEL          UPPER         MARGINAL

Northeast        .Beverage               .              .              .             EPS         
Northeast        .Softs                  .              .              .             EPS         
Northeast        .Cheese                 .              .              .             EPS         
Northeast        .Butter-Powder          .              .              .             EPS         
Appalachian      .Beverage               .              .              .             EPS         
Appalachian      .Softs                  .              .              .             EPS         
Appalachian      .Cheese                 .              .              .             EPS         
Appalachian      .Butter-Powder          .              .              .             EPS         
Florida          .Beverage               .              .              .             EPS         
Florida          .Softs                  .              .              .             EPS         
Florida          .Cheese                 .              .              .             EPS         
Florida          .Butter-Powder          .              .              .             EPS         
Southeast        .Beverage               .              .              .             EPS         
Southeast        .Softs                  .              .              .             EPS         
Southeast        .Cheese                 .              .              .             EPS         
Southeast        .Butter-Powder          .              .              .             EPS         
Upper-Midwest    .Beverage               .              .              .             EPS         
Upper-Midwest    .Softs                  .              .              .             EPS         
Upper-Midwest    .Cheese                 .              .              .             EPS         
Upper-Midwest    .Butter-Powder          .              .              .             EPS         
Central          .Beverage               .              .              .             EPS         
Central          .Softs                  .              .              .             EPS         
Central          .Cheese                 .              .              .             EPS         
Central          .Butter-Powder          .              .              .             EPS         
Mideast          .Beverage               .              .              .             EPS         
Mideast          .Softs                  .              .              .             EPS         
Mideast          .Cheese                 .              .              .             EPS         
Mideast          .Butter-Powder          .              .              .             EPS         
California       .Beverage               .              .              .             EPS         
California       .Softs                  .              .              .             EPS         
California       .Cheese                 .              .              .             EPS         
California       .Butter-Powder          .              .              .             EPS         
Pacific-Northwest.Beverage               .              .              .             EPS         
Pacific-Northwest.Softs                  .              .              .             EPS         
Pacific-Northwest.Cheese                 .              .              .             EPS         
Pacific-Northwest.Butter-Powder          .              .              .             EPS         
Southwest        .Beverage               .              .              .             EPS         
Southwest        .Softs                  .              .              .             EPS         
Southwest        .Cheese                 .              .              .             EPS         
Southwest        .Butter-Powder          .              .              .             EPS         
Arizona          .Beverage               .              .              .             EPS         
Arizona          .Softs                  .              .              .             EPS         
Arizona          .Cheese                 .              .              .             EPS         
Arizona          .Butter-Powder          .              .              .             EPS         
Unregulated      .Beverage               .              .              .             EPS         
Unregulated      .Softs                  .              .              .             EPS         
Unregulated      .Cheese                 .              .              .             EPS         
Unregulated      .Butter-Powder          .              .              .             EPS         

                           LOWER          LEVEL          UPPER         MARGINAL

---- EQU EQ5                 .              .              .             EPS         

  EQ5  definition of foreign dairy product price index

---- EQU EQ6  definition of foreign price index for product N

                     LOWER          LEVEL          UPPER         MARGINAL

Softs                  .              .              .             EPS         
Cheese                 .              .              .             EPS         
Butter-Powder          .              .              .             EPS         

---- EQU EQ7  dairy product market clearing

                                       LOWER          LEVEL          UPPER         MARGINAL

Northeast        .Beverage               .              .              .             EPS         
Northeast        .Softs                  .              .              .             EPS         
Northeast        .Cheese                 .              .              .             EPS         
Northeast        .Butter-Powder          .              .              .             EPS         
Appalachian      .Beverage               .              .              .             EPS         
Appalachian      .Softs                  .              .              .             EPS         
Appalachian      .Cheese                 .              .              .             EPS         
Appalachian      .Butter-Powder          .              .              .             EPS         
Florida          .Beverage               .              .              .             EPS         
Florida          .Softs                  .              .              .             EPS         
Florida          .Cheese                 .              .              .             EPS         
Florida          .Butter-Powder          .              .              .             EPS         
Southeast        .Beverage               .              .              .             EPS         
Southeast        .Softs                  .              .              .             EPS         
Southeast        .Cheese                 .              .              .             EPS         
Southeast        .Butter-Powder          .              .              .             EPS         
Upper-Midwest    .Beverage               .              .              .             EPS         
Upper-Midwest    .Softs                  .              .              .             EPS         
Upper-Midwest    .Cheese                 .              .              .             EPS         
Upper-Midwest    .Butter-Powder          .              .              .             EPS         
Central          .Beverage               .              .              .             EPS         
Central          .Softs                  .              .              .             EPS         
Central          .Cheese                 .              .              .             EPS         
Central          .Butter-Powder          .              .              .             EPS         
Mideast          .Beverage               .              .              .             EPS         
Mideast          .Softs                  .              .              .             EPS         
Mideast          .Cheese                 .              .              .             EPS         
Mideast          .Butter-Powder          .              .              .             EPS         
California       .Beverage               .              .              .             EPS         
California       .Softs                  .              .              .             EPS         
California       .Cheese                 .              .              .             EPS         
California       .Butter-Powder          .              .              .             EPS         
Pacific-Northwest.Beverage               .              .              .             EPS         
Pacific-Northwest.Softs                  .              .              .             EPS         
Pacific-Northwest.Cheese                 .              .              .             EPS         
Pacific-Northwest.Butter-Powder          .              .              .             EPS         
Southwest        .Beverage               .              .              .             EPS         
Southwest        .Softs                  .              .              .             EPS         
Southwest        .Cheese                 .              .              .             EPS         
Southwest        .Butter-Powder          .              .              .             EPS         
Arizona          .Beverage               .              .              .             EPS         
Arizona          .Softs                  .              .              .             EPS         
Arizona          .Cheese                 .              .              .             EPS         
Arizona          .Butter-Powder          .              .              .             EPS         
Unregulated      .Beverage               .              .              .             EPS         
Unregulated      .Softs                  .              .              .             EPS         
Unregulated      .Cheese                 .              .              .             EPS         
Unregulated      .Butter-Powder          .              .              .             EPS         

---- EQU EQ10EX  EQ10 with exogenous VINDEX (for MODEL COMPDEMAND)

                                       LOWER          LEVEL          UPPER         MARGINAL

Northeast        .Beverage              1.0000         1.0000         1.0000         EPS         
Northeast        .Softs                 1.0000         1.0000         1.0000         EPS         
Northeast        .Cheese                1.0000         1.0000         1.0000         EPS         
Northeast        .Butter-Powder         1.0000         1.0000         1.0000         EPS         
Appalachian      .Beverage              1.0000         1.0000         1.0000         EPS         
Appalachian      .Softs                 1.0000         1.0000         1.0000         EPS         
Appalachian      .Cheese                1.0000         1.0000         1.0000         EPS         
Appalachian      .Butter-Powder         1.0000         1.0000         1.0000         EPS         
Florida          .Beverage              1.0000         1.0000         1.0000         EPS         
Florida          .Softs                 1.0000         1.0000         1.0000         EPS         
Florida          .Cheese                1.0000         1.0000         1.0000         EPS         
Florida          .Butter-Powder         1.0000         1.0000         1.0000         EPS         
Southeast        .Beverage              1.0000         1.0000         1.0000         EPS         
Southeast        .Softs                 1.0000         1.0000         1.0000         EPS         
Southeast        .Cheese                1.0000         1.0000         1.0000         EPS         
Southeast        .Butter-Powder         1.0001         1.0001         1.0001         EPS         
Upper-Midwest    .Beverage              1.0000         1.0000         1.0000         EPS         
Upper-Midwest    .Softs                 1.0000         1.0000         1.0000         EPS         
Upper-Midwest    .Cheese                1.0000         1.0000         1.0000         EPS         
Upper-Midwest    .Butter-Powder         1.0000         1.0000         1.0000         EPS         
Central          .Beverage              1.0000         1.0000         1.0000         EPS         
Central          .Softs                 1.0000         1.0000         1.0000         EPS         
Central          .Cheese                1.0000         1.0000         1.0000         EPS         
Central          .Butter-Powder         1.0000         1.0000         1.0000         EPS         
Mideast          .Beverage              1.0000         1.0000         1.0000         EPS         
Mideast          .Softs                 1.0000         1.0000         1.0000         EPS         
Mideast          .Cheese                1.0000         1.0000         1.0000         EPS         
Mideast          .Butter-Powder         1.0001         1.0001         1.0001         EPS         
California       .Beverage              1.0000         1.0000         1.0000         EPS         
California       .Softs                 1.0000         1.0000         1.0000         EPS         
California       .Cheese                1.0000         1.0000         1.0000         EPS         
California       .Butter-Powder         1.0000         1.0000         1.0000         EPS         
Pacific-Northwest.Beverage              1.0000         1.0000         1.0000         EPS         
Pacific-Northwest.Softs                 1.0000         1.0000         1.0000         EPS         
Pacific-Northwest.Cheese                1.0000         1.0000         1.0000         EPS         
Pacific-Northwest.Butter-Powder         1.0001         1.0001         1.0001         EPS         
Southwest        .Beverage              1.0000         1.0000         1.0000         EPS         
Southwest        .Softs                 1.0000         1.0000         1.0000         EPS         
Southwest        .Cheese                1.0001         1.0001         1.0001         EPS         
Southwest        .Butter-Powder         1.0000         1.0000         1.0000         EPS         
Arizona          .Beverage              1.0000         1.0000         1.0000         EPS         
Arizona          .Softs                 1.0000         1.0000         1.0000         EPS         
Arizona          .Cheese                1.0000         1.0000         1.0000         EPS         
Arizona          .Butter-Powder         1.0000         1.0000         1.0000         EPS         
Unregulated      .Beverage              1.0000         1.0000         1.0000         EPS         
Unregulated      .Softs                 1.0000         1.0000         1.0000         EPS         
Unregulated      .Cheese                1.0000         1.0000         1.0000         EPS         
Unregulated      .Butter-Powder         1.0000         1.0000         1.0000         EPS         

                           LOWER          LEVEL          UPPER         MARGINAL

---- EQU EQ21               1.0000         1.0000         1.0000         1.0000      

  EQ21  objective function

---- VAR C  relative change in region DOMJ demand for product N from origin I

                                                         LOWER          LEVEL          UPPER         MARGINAL

Northeast        .Northeast        .Beverage             -INF            1.0000        +INF             .          
Northeast        .Northeast        .Softs                -INF            1.0000        +INF             .          
Northeast        .Northeast        .Cheese               -INF            1.0000        +INF             .          
Northeast        .Northeast        .Butter-Powder        -INF            1.0000        +INF             .          
Northeast        .Appalachian      .Beverage             -INF            1.0000        +INF             .          
Northeast        .Appalachian      .Softs                -INF            1.0000        +INF             .          
Northeast        .Appalachian      .Cheese               -INF            1.0000        +INF             .          
Northeast        .Appalachian      .Butter-Powder        -INF            1.0000        +INF             .          
Northeast        .Florida          .Beverage             -INF            1.0000        +INF             .          
Northeast        .Florida          .Softs                -INF            1.0000        +INF             .          
Northeast        .Florida          .Cheese               -INF            1.0000        +INF             .          
Northeast        .Florida          .Butter-Powder        -INF            1.0000        +INF             .          
Northeast        .Southeast        .Beverage             -INF            1.0000        +INF             .          
Northeast        .Southeast        .Softs                -INF            1.0000        +INF             .          
Northeast        .Southeast        .Cheese               -INF            1.0000        +INF             .          
Northeast        .Southeast        .Butter-Powder        -INF            1.0000        +INF             .          
Northeast        .Upper-Midwest    .Beverage             -INF            1.0000        +INF             .          
Northeast        .Upper-Midwest    .Softs                -INF            1.0000        +INF             .          
Northeast        .Upper-Midwest    .Cheese               -INF            1.0000        +INF             .          
Northeast        .Upper-Midwest    .Butter-Powder        -INF            1.0000        +INF             .          
Northeast        .Central          .Beverage             -INF            1.0000        +INF             .          
Northeast        .Central          .Softs                -INF            1.0000        +INF             .          
Northeast        .Central          .Cheese               -INF            1.0000        +INF             .          
Northeast        .Central          .Butter-Powder        -INF            1.0000        +INF             .          
Northeast        .Mideast          .Beverage             -INF            1.0000        +INF             .          
Northeast        .Mideast          .Softs                -INF            1.0000        +INF             .          
Northeast        .Mideast          .Cheese               -INF            1.0000        +INF             .          
Northeast        .Mideast          .Butter-Powder        -INF            1.0001        +INF             .          
Northeast        .California       .Beverage             -INF            1.0000        +INF             .          
Northeast        .California       .Softs                -INF            1.0000        +INF             .          
Northeast        .California       .Cheese               -INF            1.0001        +INF             .          
Northeast        .California       .Butter-Powder        -INF            1.0001        +INF             .          
Northeast        .Pacific-Northwest.Beverage             -INF            1.0000        +INF             .          
Northeast        .Pacific-Northwest.Softs                -INF            1.0000        +INF             .          
Northeast        .Pacific-Northwest.Cheese               -INF            1.0001        +INF             .          
Northeast        .Pacific-Northwest.Butter-Powder        -INF            1.0002        +INF             .          
Northeast        .Southwest        .Beverage             -INF            1.0000        +INF             .          
Northeast        .Southwest        .Softs                -INF            1.0000        +INF             .          
Northeast        .Southwest        .Cheese               -INF            1.0001        +INF             .          
Northeast        .Southwest        .Butter-Powder        -INF            1.0001        +INF             .          
Northeast        .Arizona          .Beverage             -INF            1.0000        +INF             .          
Northeast        .Arizona          .Softs                -INF            1.0000        +INF             .          
Northeast        .Arizona          .Cheese               -INF            1.0001        +INF             .          
Northeast        .Arizona          .Butter-Powder        -INF            1.0000        +INF             .          
Northeast        .Unregulated      .Beverage             -INF            1.0000        +INF             .          
Northeast        .Unregulated      .Softs                -INF            1.0000        +INF             .          
Northeast        .Unregulated      .Cheese               -INF            1.0001        +INF             .          
Northeast        .Unregulated      .Butter-Powder        -INF            1.0002        +INF             .          
Appalachian      .Northeast        .Beverage             -INF            1.0000        +INF             .          
Appalachian      .Northeast        .Softs                -INF            1.0000        +INF             .          
Appalachian      .Northeast        .Cheese               -INF            1.0000        +INF             .          
Appalachian      .Northeast        .Butter-Powder        -INF            1.0001        +INF             .          
Appalachian      .Appalachian      .Beverage             -INF            1.0000        +INF             .          
Appalachian      .Appalachian      .Softs                -INF            1.0000        +INF             .          
Appalachian      .Appalachian      .Cheese               -INF            1.0000        +INF             .          
Appalachian      .Appalachian      .Butter-Powder        -INF            1.0001        +INF             .          
Appalachian      .Florida          .Beverage             -INF            1.0000        +INF             .          
Appalachian      .Florida          .Softs                -INF            1.0000        +INF             .          
Appalachian      .Florida          .Cheese               -INF            1.0000        +INF             .          
Appalachian      .Florida          .Butter-Powder        -INF            1.0001        +INF             .          
Appalachian      .Southeast        .Beverage             -INF            1.0000        +INF             .          
Appalachian      .Southeast        .Softs                -INF            1.0000        +INF             .          
Appalachian      .Southeast        .Cheese               -INF            1.0001        +INF             .          
Appalachian      .Southeast        .Butter-Powder        -INF            1.0001        +INF             .          
Appalachian      .Upper-Midwest    .Beverage             -INF            1.0000        +INF             .          
Appalachian      .Upper-Midwest    .Softs                -INF            1.0000        +INF             .          
Appalachian      .Upper-Midwest    .Cheese               -INF            1.0001        +INF             .          
Appalachian      .Upper-Midwest    .Butter-Powder        -INF            1.0001        +INF             .          
Appalachian      .Central          .Beverage             -INF            1.0000        +INF             .          
Appalachian      .Central          .Softs                -INF            1.0000        +INF             .          
Appalachian      .Central          .Cheese               -INF            1.0000        +INF             .          
Appalachian      .Central          .Butter-Powder        -INF            1.0001        +INF             .          
Appalachian      .Mideast          .Beverage             -INF            1.0000        +INF             .          
Appalachian      .Mideast          .Softs                -INF            1.0000        +INF             .          
Appalachian      .Mideast          .Cheese               -INF            1.0000        +INF             .          
Appalachian      .Mideast          .Butter-Powder        -INF            1.0002        +INF             .          
Appalachian      .California       .Beverage             -INF            1.0000        +INF             .          
Appalachian      .California       .Softs                -INF            1.0000        +INF             .          
Appalachian      .California       .Cheese               -INF            1.0001        +INF             .          
Appalachian      .California       .Butter-Powder        -INF            1.0002        +INF             .          
Appalachian      .Pacific-Northwest.Beverage             -INF            1.0000        +INF             .          
Appalachian      .Pacific-Northwest.Softs                -INF            1.0000        +INF             .          
Appalachian      .Pacific-Northwest.Cheese               -INF            1.0001        +INF             .          
Appalachian      .Pacific-Northwest.Butter-Powder        -INF            1.0003        +INF             .          
Appalachian      .Southwest        .Beverage             -INF            1.0000        +INF             .          
Appalachian      .Southwest        .Softs                -INF            1.0000        +INF             .          
Appalachian      .Southwest        .Cheese               -INF            1.0001        +INF             .          
Appalachian      .Southwest        .Butter-Powder        -INF            1.0002        +INF             .          
Appalachian      .Arizona          .Beverage             -INF            1.0000        +INF             .          
Appalachian      .Arizona          .Softs                -INF            1.0000        +INF             .          
Appalachian      .Arizona          .Cheese               -INF            1.0001        +INF             .          
Appalachian      .Arizona          .Butter-Powder        -INF            1.0001        +INF             .          
Appalachian      .Unregulated      .Beverage             -INF            1.0000        +INF             .          
Appalachian      .Unregulated      .Softs                -INF            1.0000        +INF             .          
Appalachian      .Unregulated      .Cheese               -INF            1.0001        +INF             .          
Appalachian      .Unregulated      .Butter-Powder        -INF            1.0002        +INF             .          
Florida          .Northeast        .Beverage             -INF            1.0000        +INF             .          
Florida          .Northeast        .Softs                -INF            1.0000        +INF             .          
Florida          .Northeast        .Cheese               -INF            1.0001        +INF             .          
Florida          .Northeast        .Butter-Powder        -INF            1.0000        +INF             .          
Florida          .Appalachian      .Beverage             -INF            1.0000        +INF             .          
Florida          .Appalachian      .Softs                -INF            1.0000        +INF             .          
Florida          .Appalachian      .Cheese               -INF            1.0001        +INF             .          
Florida          .Appalachian      .Butter-Powder        -INF            1.0000        +INF             .          
Florida          .Florida          .Beverage             -INF            1.0000        +INF             .          
Florida          .Florida          .Softs                -INF            1.0000        +INF             .          
Florida          .Florida          .Cheese               -INF            1.0001        +INF             .          
Florida          .Florida          .Butter-Powder        -INF            1.0000        +INF             .          
Florida          .Southeast        .Beverage             -INF            1.0000        +INF             .          
Florida          .Southeast        .Softs                -INF            1.0000        +INF             .          
Florida          .Southeast        .Cheese               -INF            1.0001        +INF             .          
Florida          .Southeast        .Butter-Powder        -INF            1.0001        +INF             .          
Florida          .Upper-Midwest    .Beverage             -INF            1.0000        +INF             .          
Florida          .Upper-Midwest    .Softs                -INF            1.0000        +INF             .          
Florida          .Upper-Midwest    .Cheese               -INF            1.0001        +INF             .          
Florida          .Upper-Midwest    .Butter-Powder        -INF            1.0001        +INF             .          
Florida          .Central          .Beverage             -INF            1.0000        +INF             .          
Florida          .Central          .Softs                -INF            1.0000        +INF             .          
Florida          .Central          .Cheese               -INF            1.0001        +INF             .          
Florida          .Central          .Butter-Powder        -INF            1.0001        +INF             .          
Florida          .Mideast          .Beverage             -INF            1.0000        +INF             .          
Florida          .Mideast          .Softs                -INF            1.0000        +INF             .          
Florida          .Mideast          .Cheese               -INF            1.0001        +INF             .          
Florida          .Mideast          .Butter-Powder        -INF            1.0001        +INF             .          
Florida          .California       .Beverage             -INF            1.0000        +INF             .          
Florida          .California       .Softs                -INF            1.0000        +INF             .          
Florida          .California       .Cheese               -INF            1.0001        +INF             .          
Florida          .California       .Butter-Powder        -INF            1.0002        +INF             .          
Florida          .Pacific-Northwest.Beverage             -INF            1.0000        +INF             .          
Florida          .Pacific-Northwest.Softs                -INF            1.0000        +INF             .          
Florida          .Pacific-Northwest.Cheese               -INF            1.0001        +INF             .          
Florida          .Pacific-Northwest.Butter-Powder        -INF            1.0002        +INF             .          
Florida          .Southwest        .Beverage             -INF            1.0000        +INF             .          
Florida          .Southwest        .Softs                -INF            1.0000        +INF             .          
Florida          .Southwest        .Cheese               -INF            1.0001        +INF             .          
Florida          .Southwest        .Butter-Powder        -INF            1.0001        +INF             .          
Florida          .Arizona          .Beverage             -INF            1.0000        +INF             .          
Florida          .Arizona          .Softs                -INF            1.0000        +INF             .          
Florida          .Arizona          .Cheese               -INF            1.0001        +INF             .          
Florida          .Arizona          .Butter-Powder        -INF            1.0001        +INF             .          
Florida          .Unregulated      .Beverage             -INF            1.0000        +INF             .          
Florida          .Unregulated      .Softs                -INF            1.0000        +INF             .          
Florida          .Unregulated      .Cheese               -INF            1.0001        +INF             .          
Florida          .Unregulated      .Butter-Powder        -INF            1.0002        +INF             .          
Southeast        .Northeast        .Beverage             -INF            1.0000        +INF             .          
Southeast        .Northeast        .Softs                -INF            0.9999        +INF             .          
Southeast        .Northeast        .Cheese               -INF            0.9999        +INF             .          
Southeast        .Northeast        .Butter-Powder        -INF            0.9997        +INF             .          
Southeast        .Appalachian      .Beverage             -INF            1.0000        +INF             .          
Southeast        .Appalachian      .Softs                -INF            0.9999        +INF             .          
Southeast        .Appalachian      .Cheese               -INF            1.0000        +INF             .          
Southeast        .Appalachian      .Butter-Powder        -INF            0.9997        +INF             .          
Southeast        .Florida          .Beverage             -INF            1.0000        +INF             .          
Southeast        .Florida          .Softs                -INF            0.9999        +INF             .          
Southeast        .Florida          .Cheese               -INF            1.0000        +INF             .          
Southeast        .Florida          .Butter-Powder        -INF            0.9997        +INF             .          
Southeast        .Southeast        .Beverage             -INF            1.0000        +INF             .          
Southeast        .Southeast        .Softs                -INF            0.9999        +INF             .          
Southeast        .Southeast        .Cheese               -INF            1.0000        +INF             .          
Southeast        .Southeast        .Butter-Powder        -INF            0.9998        +INF             .          
Southeast        .Upper-Midwest    .Beverage             -INF            1.0000        +INF             .          
Southeast        .Upper-Midwest    .Softs                -INF            0.9999        +INF             .          
Southeast        .Upper-Midwest    .Cheese               -INF            1.0000        +INF             .          
Southeast        .Upper-Midwest    .Butter-Powder        -INF            0.9998        +INF             .          
Southeast        .Central          .Beverage             -INF            1.0000        +INF             .          
Southeast        .Central          .Softs                -INF            0.9999        +INF             .          
Southeast        .Central          .Cheese               -INF            1.0000        +INF             .          
Southeast        .Central          .Butter-Powder        -INF            0.9998        +INF             .          
Southeast        .Mideast          .Beverage             -INF            1.0000        +INF             .          
Southeast        .Mideast          .Softs                -INF            0.9999        +INF             .          
Southeast        .Mideast          .Cheese               -INF            1.0000        +INF             .          
Southeast        .Mideast          .Butter-Powder        -INF            0.9998        +INF             .          
Southeast        .California       .Beverage             -INF            1.0000        +INF             .          
Southeast        .California       .Softs                -INF            0.9999        +INF             .          
Southeast        .California       .Cheese               -INF            1.0000        +INF             .          
Southeast        .California       .Butter-Powder        -INF            0.9999        +INF             .          
Southeast        .Pacific-Northwest.Beverage             -INF            1.0000        +INF             .          
Southeast        .Pacific-Northwest.Softs                -INF            0.9999        +INF             .          
Southeast        .Pacific-Northwest.Cheese               -INF            1.0000        +INF             .          
Southeast        .Pacific-Northwest.Butter-Powder        -INF            0.9999        +INF             .          
Southeast        .Southwest        .Beverage             -INF            1.0000        +INF             .          
Southeast        .Southwest        .Softs                -INF            0.9999        +INF             .          
Southeast        .Southwest        .Cheese               -INF            1.0000        +INF             .          
Southeast        .Southwest        .Butter-Powder        -INF            0.9998        +INF             .          
Southeast        .Arizona          .Beverage             -INF            1.0000        +INF             .          
Southeast        .Arizona          .Softs                -INF            0.9999        +INF             .          
Southeast        .Arizona          .Cheese               -INF            1.0000        +INF             .          
Southeast        .Arizona          .Butter-Powder        -INF            0.9998        +INF             .          
Southeast        .Unregulated      .Beverage             -INF            1.0000        +INF             .          
Southeast        .Unregulated      .Softs                -INF            0.9999        +INF             .          
Southeast        .Unregulated      .Cheese               -INF            1.0000        +INF             .          
Southeast        .Unregulated      .Butter-Powder        -INF            0.9999        +INF             .          
Upper-Midwest    .Northeast        .Beverage             -INF            1.0000        +INF             .          
Upper-Midwest    .Northeast        .Softs                -INF            1.0000        +INF             .          
Upper-Midwest    .Northeast        .Cheese               -INF            1.0000        +INF             .          
Upper-Midwest    .Northeast        .Butter-Powder        -INF            1.0000        +INF             .          
Upper-Midwest    .Appalachian      .Beverage             -INF            1.0000        +INF             .          
Upper-Midwest    .Appalachian      .Softs                -INF            1.0000        +INF             .          
Upper-Midwest    .Appalachian      .Cheese               -INF            1.0000        +INF             .          
Upper-Midwest    .Appalachian      .Butter-Powder        -INF            1.0000        +INF             .          
Upper-Midwest    .Florida          .Beverage             -INF            1.0000        +INF             .          
Upper-Midwest    .Florida          .Softs                -INF            1.0000        +INF             .          
Upper-Midwest    .Florida          .Cheese               -INF            1.0000        +INF             .          
Upper-Midwest    .Florida          .Butter-Powder        -INF            1.0000        +INF             .          
Upper-Midwest    .Southeast        .Beverage             -INF            1.0000        +INF             .          
Upper-Midwest    .Southeast        .Softs                -INF            1.0000        +INF             .          
Upper-Midwest    .Southeast        .Cheese               -INF            1.0000        +INF             .          
Upper-Midwest    .Southeast        .Butter-Powder        -INF            1.0001        +INF             .          
Upper-Midwest    .Upper-Midwest    .Beverage             -INF            1.0000        +INF             .          
Upper-Midwest    .Upper-Midwest    .Softs                -INF            1.0000        +INF             .          
Upper-Midwest    .Upper-Midwest    .Cheese               -INF            1.0000        +INF             .          
Upper-Midwest    .Upper-Midwest    .Butter-Powder        -INF            1.0000        +INF             .          
Upper-Midwest    .Central          .Beverage             -INF            1.0000        +INF             .          
Upper-Midwest    .Central          .Softs                -INF            1.0000        +INF             .          
Upper-Midwest    .Central          .Cheese               -INF            1.0000        +INF             .          
Upper-Midwest    .Central          .Butter-Powder        -INF            1.0000        +INF             .          
Upper-Midwest    .Mideast          .Beverage             -INF            1.0000        +INF             .          
Upper-Midwest    .Mideast          .Softs                -INF            1.0000        +INF             .          
Upper-Midwest    .Mideast          .Cheese               -INF            1.0000        +INF             .          
Upper-Midwest    .Mideast          .Butter-Powder        -INF            1.0001        +INF             .          
Upper-Midwest    .California       .Beverage             -INF            1.0000        +INF             .          
Upper-Midwest    .California       .Softs                -INF            1.0000        +INF             .          
Upper-Midwest    .California       .Cheese               -INF            1.0000        +INF             .          
Upper-Midwest    .California       .Butter-Powder        -INF            1.0001        +INF             .          
Upper-Midwest    .Pacific-Northwest.Beverage             -INF            1.0000        +INF             .          
Upper-Midwest    .Pacific-Northwest.Softs                -INF            1.0000        +INF             .          
Upper-Midwest    .Pacific-Northwest.Cheese               -INF            1.0000        +INF             .          
Upper-Midwest    .Pacific-Northwest.Butter-Powder        -INF            1.0002        +INF             .          
Upper-Midwest    .Southwest        .Beverage             -INF            1.0000        +INF             .          
Upper-Midwest    .Southwest        .Softs                -INF            1.0000        +INF             .          
Upper-Midwest    .Southwest        .Cheese               -INF            1.0000        +INF             .          
Upper-Midwest    .Southwest        .Butter-Powder        -INF            1.0001        +INF             .          
Upper-Midwest    .Arizona          .Beverage             -INF            1.0000        +INF             .          
Upper-Midwest    .Arizona          .Softs                -INF            1.0000        +INF             .          
Upper-Midwest    .Arizona          .Cheese               -INF            1.0000        +INF             .          
Upper-Midwest    .Arizona          .Butter-Powder        -INF            1.0000        +INF             .          
Upper-Midwest    .Unregulated      .Beverage             -INF            1.0000        +INF             .          
Upper-Midwest    .Unregulated      .Softs                -INF            1.0000        +INF             .          
Upper-Midwest    .Unregulated      .Cheese               -INF            1.0000        +INF             .          
Upper-Midwest    .Unregulated      .Butter-Powder        -INF            1.0002        +INF             .          
Central          .Northeast        .Beverage             -INF            1.0000        +INF             .          
Central          .Northeast        .Softs                -INF            1.0000        +INF             .          
Central          .Northeast        .Cheese               -INF            1.0000        +INF             .          
Central          .Northeast        .Butter-Powder        -INF            1.0000        +INF             .          
Central          .Appalachian      .Beverage             -INF            1.0000        +INF             .          
Central          .Appalachian      .Softs                -INF            1.0000        +INF             .          
Central          .Appalachian      .Cheese               -INF            1.0000        +INF             .          
Central          .Appalachian      .Butter-Powder        -INF            0.9999        +INF             .          
Central          .Florida          .Beverage             -INF            1.0000        +INF             .          
Central          .Florida          .Softs                -INF            1.0000        +INF             .          
Central          .Florida          .Cheese               -INF            1.0000        +INF             .          
Central          .Florida          .Butter-Powder        -INF            1.0000        +INF             .          
Central          .Southeast        .Beverage             -INF            1.0000        +INF             .          
Central          .Southeast        .Softs                -INF            1.0000        +INF             .          
Central          .Southeast        .Cheese               -INF            1.0000        +INF             .          
Central          .Southeast        .Butter-Powder        -INF            1.0000        +INF             .          
Central          .Upper-Midwest    .Beverage             -INF            1.0000        +INF             .          
Central          .Upper-Midwest    .Softs                -INF            1.0000        +INF             .          
Central          .Upper-Midwest    .Cheese               -INF            1.0000        +INF             .          
Central          .Upper-Midwest    .Butter-Powder        -INF            1.0000        +INF             .          
Central          .Central          .Beverage             -INF            1.0000        +INF             .          
Central          .Central          .Softs                -INF            1.0000        +INF             .          
Central          .Central          .Cheese               -INF            1.0000        +INF             .          
Central          .Central          .Butter-Powder        -INF            1.0000        +INF             .          
Central          .Mideast          .Beverage             -INF            1.0000        +INF             .          
Central          .Mideast          .Softs                -INF            1.0000        +INF             .          
Central          .Mideast          .Cheese               -INF            1.0000        +INF             .          
Central          .Mideast          .Butter-Powder        -INF            1.0000        +INF             .          
Central          .California       .Beverage             -INF            1.0000        +INF             .          
Central          .California       .Softs                -INF            1.0000        +INF             .          
Central          .California       .Cheese               -INF            1.0000        +INF             .          
Central          .California       .Butter-Powder        -INF            1.0001        +INF             .          
Central          .Pacific-Northwest.Beverage             -INF            1.0000        +INF             .          
Central          .Pacific-Northwest.Softs                -INF            1.0000        +INF             .          
Central          .Pacific-Northwest.Cheese               -INF            1.0000        +INF             .          
Central          .Pacific-Northwest.Butter-Powder        -INF            1.0002        +INF             .          
Central          .Southwest        .Beverage             -INF            1.0000        +INF             .          
Central          .Southwest        .Softs                -INF            1.0000        +INF             .          
Central          .Southwest        .Cheese               -INF            1.0000        +INF             .          
Central          .Southwest        .Butter-Powder        -INF            1.0000        +INF             .          
Central          .Arizona          .Beverage             -INF            1.0000        +INF             .          
Central          .Arizona          .Softs                -INF            1.0000        +INF             .          
Central          .Arizona          .Cheese               -INF            1.0000        +INF             .          
Central          .Arizona          .Butter-Powder        -INF            1.0000        +INF             .          
Central          .Unregulated      .Beverage             -INF            1.0000        +INF             .          
Central          .Unregulated      .Softs                -INF            1.0000        +INF             .          
Central          .Unregulated      .Cheese               -INF            1.0000        +INF             .          
Central          .Unregulated      .Butter-Powder        -INF            1.0001        +INF             .          
Mideast          .Northeast        .Beverage             -INF            1.0000        +INF             .          
Mideast          .Northeast        .Softs                -INF            1.0000        +INF             .          
Mideast          .Northeast        .Cheese               -INF            1.0000        +INF             .          
Mideast          .Northeast        .Butter-Powder        -INF            0.9996        +INF             .          
Mideast          .Appalachian      .Beverage             -INF            1.0000        +INF             .          
Mideast          .Appalachian      .Softs                -INF            1.0000        +INF             .          
Mideast          .Appalachian      .Cheese               -INF            1.0000        +INF             .          
Mideast          .Appalachian      .Butter-Powder        -INF            0.9996        +INF             .          
Mideast          .Florida          .Beverage             -INF            1.0000        +INF             .          
Mideast          .Florida          .Softs                -INF            1.0000        +INF             .          
Mideast          .Florida          .Cheese               -INF            1.0000        +INF             .          
Mideast          .Florida          .Butter-Powder        -INF            0.9996        +INF             .          
Mideast          .Southeast        .Beverage             -INF            1.0000        +INF             .          
Mideast          .Southeast        .Softs                -INF            1.0000        +INF             .          
Mideast          .Southeast        .Cheese               -INF            1.0000        +INF             .          
Mideast          .Southeast        .Butter-Powder        -INF            0.9997        +INF             .          
Mideast          .Upper-Midwest    .Beverage             -INF            1.0000        +INF             .          
Mideast          .Upper-Midwest    .Softs                -INF            1.0000        +INF             .          
Mideast          .Upper-Midwest    .Cheese               -INF            1.0000        +INF             .          
Mideast          .Upper-Midwest    .Butter-Powder        -INF            0.9997        +INF             .          
Mideast          .Central          .Beverage             -INF            1.0000        +INF             .          
Mideast          .Central          .Softs                -INF            1.0000        +INF             .          
Mideast          .Central          .Cheese               -INF            1.0000        +INF             .          
Mideast          .Central          .Butter-Powder        -INF            0.9997        +INF             .          
Mideast          .Mideast          .Beverage             -INF            1.0000        +INF             .          
Mideast          .Mideast          .Softs                -INF            1.0000        +INF             .          
Mideast          .Mideast          .Cheese               -INF            1.0000        +INF             .          
Mideast          .Mideast          .Butter-Powder        -INF            0.9997        +INF             .          
Mideast          .California       .Beverage             -INF            1.0000        +INF             .          
Mideast          .California       .Softs                -INF            1.0000        +INF             .          
Mideast          .California       .Cheese               -INF            1.0000        +INF             .          
Mideast          .California       .Butter-Powder        -INF            0.9997        +INF             .          
Mideast          .Pacific-Northwest.Beverage             -INF            1.0000        +INF             .          
Mideast          .Pacific-Northwest.Softs                -INF            1.0000        +INF             .          
Mideast          .Pacific-Northwest.Cheese               -INF            1.0000        +INF             .          
Mideast          .Pacific-Northwest.Butter-Powder        -INF            0.9998        +INF             .          
Mideast          .Southwest        .Beverage             -INF            1.0000        +INF             .          
Mideast          .Southwest        .Softs                -INF            1.0000        +INF             .          
Mideast          .Southwest        .Cheese               -INF            1.0000        +INF             .          
Mideast          .Southwest        .Butter-Powder        -INF            0.9997        +INF             .          
Mideast          .Arizona          .Beverage             -INF            1.0000        +INF             .          
Mideast          .Arizona          .Softs                -INF            1.0000        +INF             .          
Mideast          .Arizona          .Cheese               -INF            1.0000        +INF             .          
Mideast          .Arizona          .Butter-Powder        -INF            0.9997        +INF             .          
Mideast          .Unregulated      .Beverage             -INF            1.0000        +INF             .          
Mideast          .Unregulated      .Softs                -INF            1.0000        +INF             .          
Mideast          .Unregulated      .Cheese               -INF            1.0000        +INF             .          
Mideast          .Unregulated      .Butter-Powder        -INF            0.9998        +INF             .          
California       .Northeast        .Beverage             -INF            1.0000        +INF             .          
California       .Northeast        .Softs                -INF            1.0000        +INF             .          
California       .Northeast        .Cheese               -INF            0.9999        +INF             .          
California       .Northeast        .Butter-Powder        -INF            0.9998        +INF             .          
California       .Appalachian      .Beverage             -INF            1.0000        +INF             .          
California       .Appalachian      .Softs                -INF            1.0000        +INF             .          
California       .Appalachian      .Cheese               -INF            1.0000        +INF             .          
California       .Appalachian      .Butter-Powder        -INF            0.9998        +INF             .          
California       .Florida          .Beverage             -INF            1.0000        +INF             .          
California       .Florida          .Softs                -INF            1.0000        +INF             .          
California       .Florida          .Cheese               -INF            1.0000        +INF             .          
California       .Florida          .Butter-Powder        -INF            0.9998        +INF             .          
California       .Southeast        .Beverage             -INF            1.0000        +INF             .          
California       .Southeast        .Softs                -INF            1.0000        +INF             .          
California       .Southeast        .Cheese               -INF            1.0000        +INF             .          
California       .Southeast        .Butter-Powder        -INF            0.9999        +INF             .          
California       .Upper-Midwest    .Beverage             -INF            1.0000        +INF             .          
California       .Upper-Midwest    .Softs                -INF            1.0000        +INF             .          
California       .Upper-Midwest    .Cheese               -INF            1.0000        +INF             .          
California       .Upper-Midwest    .Butter-Powder        -INF            0.9999        +INF             .          
California       .Central          .Beverage             -INF            1.0000        +INF             .          
California       .Central          .Softs                -INF            1.0000        +INF             .          
California       .Central          .Cheese               -INF            1.0000        +INF             .          
California       .Central          .Butter-Powder        -INF            0.9999        +INF             .          
California       .Mideast          .Beverage             -INF            1.0000        +INF             .          
California       .Mideast          .Softs                -INF            1.0000        +INF             .          
California       .Mideast          .Cheese               -INF            1.0000        +INF             .          
California       .Mideast          .Butter-Powder        -INF            0.9999        +INF             .          
California       .California       .Beverage             -INF            1.0000        +INF             .          
California       .California       .Softs                -INF            1.0000        +INF             .          
California       .California       .Cheese               -INF            1.0000        +INF             .          
California       .California       .Butter-Powder        -INF            1.0000        +INF             .          
California       .Pacific-Northwest.Beverage             -INF            1.0000        +INF             .          
California       .Pacific-Northwest.Softs                -INF            1.0000        +INF             .          
California       .Pacific-Northwest.Cheese               -INF            1.0000        +INF             .          
California       .Pacific-Northwest.Butter-Powder        -INF            1.0000        +INF             .          
California       .Southwest        .Beverage             -INF            1.0000        +INF             .          
California       .Southwest        .Softs                -INF            1.0000        +INF             .          
California       .Southwest        .Cheese               -INF            1.0000        +INF             .          
California       .Southwest        .Butter-Powder        -INF            0.9999        +INF             .          
California       .Arizona          .Beverage             -INF            1.0000        +INF             .          
California       .Arizona          .Softs                -INF            1.0000        +INF             .          
California       .Arizona          .Cheese               -INF            1.0000        +INF             .          
California       .Arizona          .Butter-Powder        -INF            0.9999        +INF             .          
California       .Unregulated      .Beverage             -INF            1.0000        +INF             .          
California       .Unregulated      .Softs                -INF            1.0000        +INF             .          
California       .Unregulated      .Cheese               -INF            1.0000        +INF             .          
California       .Unregulated      .Butter-Powder        -INF            1.0000        +INF             .          
Pacific-Northwest.Northeast        .Beverage             -INF            1.0000        +INF             .          
Pacific-Northwest.Northeast        .Softs                -INF            1.0000        +INF             .          
Pacific-Northwest.Northeast        .Cheese               -INF            0.9999        +INF             .          
Pacific-Northwest.Northeast        .Butter-Powder        -INF            0.9997        +INF             .          
Pacific-Northwest.Appalachian      .Beverage             -INF            1.0000        +INF             .          
Pacific-Northwest.Appalachian      .Softs                -INF            1.0000        +INF             .          
Pacific-Northwest.Appalachian      .Cheese               -INF            1.0000        +INF             .          
Pacific-Northwest.Appalachian      .Butter-Powder        -INF            0.9997        +INF             .          
Pacific-Northwest.Florida          .Beverage             -INF            1.0000        +INF             .          
Pacific-Northwest.Florida          .Softs                -INF            1.0000        +INF             .          
Pacific-Northwest.Florida          .Cheese               -INF            1.0000        +INF             .          
Pacific-Northwest.Florida          .Butter-Powder        -INF            0.9997        +INF             .          
Pacific-Northwest.Southeast        .Beverage             -INF            1.0000        +INF             .          
Pacific-Northwest.Southeast        .Softs                -INF            1.0000        +INF             .          
Pacific-Northwest.Southeast        .Cheese               -INF            1.0000        +INF             .          
Pacific-Northwest.Southeast        .Butter-Powder        -INF            0.9997        +INF             .          
Pacific-Northwest.Upper-Midwest    .Beverage             -INF            1.0000        +INF             .          
Pacific-Northwest.Upper-Midwest    .Softs                -INF            1.0000        +INF             .          
Pacific-Northwest.Upper-Midwest    .Cheese               -INF            1.0000        +INF             .          
Pacific-Northwest.Upper-Midwest    .Butter-Powder        -INF            0.9997        +INF             .          
Pacific-Northwest.Central          .Beverage             -INF            1.0000        +INF             .          
Pacific-Northwest.Central          .Softs                -INF            1.0000        +INF             .          
Pacific-Northwest.Central          .Cheese               -INF            1.0000        +INF             .          
Pacific-Northwest.Central          .Butter-Powder        -INF            0.9997        +INF             .          
Pacific-Northwest.Mideast          .Beverage             -INF            1.0000        +INF             .          
Pacific-Northwest.Mideast          .Softs                -INF            1.0000        +INF             .          
Pacific-Northwest.Mideast          .Cheese               -INF            1.0000        +INF             .          
Pacific-Northwest.Mideast          .Butter-Powder        -INF            0.9998        +INF             .          
Pacific-Northwest.California       .Beverage             -INF            1.0000        +INF             .          
Pacific-Northwest.California       .Softs                -INF            1.0000        +INF             .          
Pacific-Northwest.California       .Cheese               -INF            1.0000        +INF             .          
Pacific-Northwest.California       .Butter-Powder        -INF            0.9998        +INF             .          
Pacific-Northwest.Pacific-Northwest.Beverage             -INF            1.0000        +INF             .          
Pacific-Northwest.Pacific-Northwest.Softs                -INF            1.0000        +INF             .          
Pacific-Northwest.Pacific-Northwest.Cheese               -INF            1.0000        +INF             .          
Pacific-Northwest.Pacific-Northwest.Butter-Powder        -INF            0.9999        +INF             .          
Pacific-Northwest.Southwest        .Beverage             -INF            1.0000        +INF             .          
Pacific-Northwest.Southwest        .Softs                -INF            1.0000        +INF             .          
Pacific-Northwest.Southwest        .Cheese               -INF            1.0000        +INF             .          
Pacific-Northwest.Southwest        .Butter-Powder        -INF            0.9998        +INF             .          
Pacific-Northwest.Arizona          .Beverage             -INF            1.0000        +INF             .          
Pacific-Northwest.Arizona          .Softs                -INF            1.0000        +INF             .          
Pacific-Northwest.Arizona          .Cheese               -INF            1.0000        +INF             .          
Pacific-Northwest.Arizona          .Butter-Powder        -INF            0.9997        +INF             .          
Pacific-Northwest.Unregulated      .Beverage             -INF            1.0000        +INF             .          
Pacific-Northwest.Unregulated      .Softs                -INF            1.0000        +INF             .          
Pacific-Northwest.Unregulated      .Cheese               -INF            1.0000        +INF             .          
Pacific-Northwest.Unregulated      .Butter-Powder        -INF            0.9999        +INF             .          
Southwest        .Northeast        .Beverage             -INF            1.0000        +INF             .          
Southwest        .Northeast        .Softs                -INF            1.0000        +INF             .          
Southwest        .Northeast        .Cheese               -INF            0.9998        +INF             .          
Southwest        .Northeast        .Butter-Powder        -INF            0.9999        +INF             .          
Southwest        .Appalachian      .Beverage             -INF            1.0000        +INF             .          
Southwest        .Appalachian      .Softs                -INF            1.0000        +INF             .          
Southwest        .Appalachian      .Cheese               -INF            0.9999        +INF             .          
Southwest        .Appalachian      .Butter-Powder        -INF            0.9999        +INF             .          
Southwest        .Florida          .Beverage             -INF            1.0000        +INF             .          
Southwest        .Florida          .Softs                -INF            1.0000        +INF             .          
Southwest        .Florida          .Cheese               -INF            0.9999        +INF             .          
Southwest        .Florida          .Butter-Powder        -INF            0.9999        +INF             .          
Southwest        .Southeast        .Beverage             -INF            1.0000        +INF             .          
Southwest        .Southeast        .Softs                -INF            1.0000        +INF             .          
Southwest        .Southeast        .Cheese               -INF            0.9999        +INF             .          
Southwest        .Southeast        .Butter-Powder        -INF            0.9999        +INF             .          
Southwest        .Upper-Midwest    .Beverage             -INF            1.0000        +INF             .          
Southwest        .Upper-Midwest    .Softs                -INF            1.0000        +INF             .          
Southwest        .Upper-Midwest    .Cheese               -INF            0.9999        +INF             .          
Southwest        .Upper-Midwest    .Butter-Powder        -INF            0.9999        +INF             .          
Southwest        .Central          .Beverage             -INF            1.0000        +INF             .          
Southwest        .Central          .Softs                -INF            1.0000        +INF             .          
Southwest        .Central          .Cheese               -INF            0.9999        +INF             .          
Southwest        .Central          .Butter-Powder        -INF            0.9999        +INF             .          
Southwest        .Mideast          .Beverage             -INF            1.0000        +INF             .          
Southwest        .Mideast          .Softs                -INF            1.0000        +INF             .          
Southwest        .Mideast          .Cheese               -INF            0.9999        +INF             .          
Southwest        .Mideast          .Butter-Powder        -INF            1.0000        +INF             .          
Southwest        .California       .Beverage             -INF            1.0000        +INF             .          
Southwest        .California       .Softs                -INF            1.0000        +INF             .          
Southwest        .California       .Cheese               -INF            0.9999        +INF             .          
Southwest        .California       .Butter-Powder        -INF            1.0000        +INF             .          
Southwest        .Pacific-Northwest.Beverage             -INF            1.0000        +INF             .          
Southwest        .Pacific-Northwest.Softs                -INF            1.0000        +INF             .          
Southwest        .Pacific-Northwest.Cheese               -INF            0.9999        +INF             .          
Southwest        .Pacific-Northwest.Butter-Powder        -INF            1.0001        +INF             .          
Southwest        .Southwest        .Beverage             -INF            1.0000        +INF             .          
Southwest        .Southwest        .Softs                -INF            1.0000        +INF             .          
Southwest        .Southwest        .Cheese               -INF            0.9999        +INF             .          
Southwest        .Southwest        .Butter-Powder        -INF            1.0000        +INF             .          
Southwest        .Arizona          .Beverage             -INF            1.0000        +INF             .          
Southwest        .Arizona          .Softs                -INF            1.0000        +INF             .          
Southwest        .Arizona          .Cheese               -INF            0.9999        +INF             .          
Southwest        .Arizona          .Butter-Powder        -INF            0.9999        +INF             .          
Southwest        .Unregulated      .Beverage             -INF            1.0000        +INF             .          
Southwest        .Unregulated      .Softs                -INF            1.0000        +INF             .          
Southwest        .Unregulated      .Cheese               -INF            0.9999        +INF             .          
Southwest        .Unregulated      .Butter-Powder        -INF            1.0000        +INF             .          
Arizona          .Northeast        .Beverage             -INF            1.0000        +INF             .          
Arizona          .Northeast        .Softs                -INF            0.9999        +INF             .          
Arizona          .Northeast        .Cheese               -INF            0.9999        +INF             .          
Arizona          .Northeast        .Butter-Powder        -INF            1.0000        +INF             .          
Arizona          .Appalachian      .Beverage             -INF            1.0000        +INF             .          
Arizona          .Appalachian      .Softs                -INF            0.9999        +INF             .          
Arizona          .Appalachian      .Cheese               -INF            0.9999        +INF             .          
Arizona          .Appalachian      .Butter-Powder        -INF            0.9999        +INF             .          
Arizona          .Florida          .Beverage             -INF            1.0000        +INF             .          
Arizona          .Florida          .Softs                -INF            0.9999        +INF             .          
Arizona          .Florida          .Cheese               -INF            0.9999        +INF             .          
Arizona          .Florida          .Butter-Powder        -INF            1.0000        +INF             .          
Arizona          .Southeast        .Beverage             -INF            1.0000        +INF             .          
Arizona          .Southeast        .Softs                -INF            0.9999        +INF             .          
Arizona          .Southeast        .Cheese               -INF            0.9999        +INF             .          
Arizona          .Southeast        .Butter-Powder        -INF            1.0000        +INF             .          
Arizona          .Upper-Midwest    .Beverage             -INF            1.0000        +INF             .          
Arizona          .Upper-Midwest    .Softs                -INF            0.9999        +INF             .          
Arizona          .Upper-Midwest    .Cheese               -INF            0.9999        +INF             .          
Arizona          .Upper-Midwest    .Butter-Powder        -INF            1.0000        +INF             .          
Arizona          .Central          .Beverage             -INF            1.0000        +INF             .          
Arizona          .Central          .Softs                -INF            0.9999        +INF             .          
Arizona          .Central          .Cheese               -INF            0.9999        +INF             .          
Arizona          .Central          .Butter-Powder        -INF            1.0000        +INF             .          
Arizona          .Mideast          .Beverage             -INF            1.0000        +INF             .          
Arizona          .Mideast          .Softs                -INF            0.9999        +INF             .          
Arizona          .Mideast          .Cheese               -INF            0.9999        +INF             .          
Arizona          .Mideast          .Butter-Powder        -INF            1.0000        +INF             .          
Arizona          .California       .Beverage             -INF            1.0000        +INF             .          
Arizona          .California       .Softs                -INF            0.9999        +INF             .          
Arizona          .California       .Cheese               -INF            0.9999        +INF             .          
Arizona          .California       .Butter-Powder        -INF            1.0001        +INF             .          
Arizona          .Pacific-Northwest.Beverage             -INF            1.0000        +INF             .          
Arizona          .Pacific-Northwest.Softs                -INF            0.9999        +INF             .          
Arizona          .Pacific-Northwest.Cheese               -INF            0.9999        +INF             .          
Arizona          .Pacific-Northwest.Butter-Powder        -INF            1.0002        +INF             .          
Arizona          .Southwest        .Beverage             -INF            1.0000        +INF             .          
Arizona          .Southwest        .Softs                -INF            0.9999        +INF             .          
Arizona          .Southwest        .Cheese               -INF            1.0000        +INF             .          
Arizona          .Southwest        .Butter-Powder        -INF            1.0000        +INF             .          
Arizona          .Arizona          .Beverage             -INF            1.0000        +INF             .          
Arizona          .Arizona          .Softs                -INF            0.9999        +INF             .          
Arizona          .Arizona          .Cheese               -INF            1.0000        +INF             .          
Arizona          .Arizona          .Butter-Powder        -INF            1.0000        +INF             .          
Arizona          .Unregulated      .Beverage             -INF            1.0000        +INF             .          
Arizona          .Unregulated      .Softs                -INF            0.9999        +INF             .          
Arizona          .Unregulated      .Cheese               -INF            0.9999        +INF             .          
Arizona          .Unregulated      .Butter-Powder        -INF            1.0001        +INF             .          
Unregulated      .Northeast        .Beverage             -INF            1.0000        +INF             .          
Unregulated      .Northeast        .Softs                -INF            1.0000        +INF             .          
Unregulated      .Northeast        .Cheese               -INF            0.9999        +INF             .          
Unregulated      .Northeast        .Butter-Powder        -INF            0.9998        +INF             .          
Unregulated      .Appalachian      .Beverage             -INF            1.0000        +INF             .          
Unregulated      .Appalachian      .Softs                -INF            1.0000        +INF             .          
Unregulated      .Appalachian      .Cheese               -INF            1.0000        +INF             .          
Unregulated      .Appalachian      .Butter-Powder        -INF            0.9998        +INF             .          
Unregulated      .Florida          .Beverage             -INF            1.0000        +INF             .          
Unregulated      .Florida          .Softs                -INF            1.0000        +INF             .          
Unregulated      .Florida          .Cheese               -INF            1.0000        +INF             .          
Unregulated      .Florida          .Butter-Powder        -INF            0.9998        +INF             .          
Unregulated      .Southeast        .Beverage             -INF            1.0000        +INF             .          
Unregulated      .Southeast        .Softs                -INF            1.0000        +INF             .          
Unregulated      .Southeast        .Cheese               -INF            1.0000        +INF             .          
Unregulated      .Southeast        .Butter-Powder        -INF            0.9998        +INF             .          
Unregulated      .Upper-Midwest    .Beverage             -INF            1.0000        +INF             .          
Unregulated      .Upper-Midwest    .Softs                -INF            1.0000        +INF             .          
Unregulated      .Upper-Midwest    .Cheese               -INF            1.0000        +INF             .          
Unregulated      .Upper-Midwest    .Butter-Powder        -INF            0.9998        +INF             .          
Unregulated      .Central          .Beverage             -INF            1.0000        +INF             .          
Unregulated      .Central          .Softs                -INF            1.0000        +INF             .          
Unregulated      .Central          .Cheese               -INF            1.0000        +INF             .          
Unregulated      .Central          .Butter-Powder        -INF            0.9998        +INF             .          
Unregulated      .Mideast          .Beverage             -INF            1.0000        +INF             .          
Unregulated      .Mideast          .Softs                -INF            1.0000        +INF             .          
Unregulated      .Mideast          .Cheese               -INF            1.0000        +INF             .          
Unregulated      .Mideast          .Butter-Powder        -INF            0.9999        +INF             .          
Unregulated      .California       .Beverage             -INF            1.0000        +INF             .          
Unregulated      .California       .Softs                -INF            1.0000        +INF             .          
Unregulated      .California       .Cheese               -INF            1.0000        +INF             .          
Unregulated      .California       .Butter-Powder        -INF            0.9999        +INF             .          
Unregulated      .Pacific-Northwest.Beverage             -INF            1.0000        +INF             .          
Unregulated      .Pacific-Northwest.Softs                -INF            1.0000        +INF             .          
Unregulated      .Pacific-Northwest.Cheese               -INF            1.0000        +INF             .          
Unregulated      .Pacific-Northwest.Butter-Powder        -INF            1.0000        +INF             .          
Unregulated      .Southwest        .Beverage             -INF            1.0000        +INF             .          
Unregulated      .Southwest        .Softs                -INF            1.0000        +INF             .          
Unregulated      .Southwest        .Cheese               -INF            1.0000        +INF             .          
Unregulated      .Southwest        .Butter-Powder        -INF            0.9999        +INF             .          
Unregulated      .Arizona          .Beverage             -INF            1.0000        +INF             .          
Unregulated      .Arizona          .Softs                -INF            1.0000        +INF             .          
Unregulated      .Arizona          .Cheese               -INF            1.0000        +INF             .          
Unregulated      .Arizona          .Butter-Powder        -INF            0.9998        +INF             .          
Unregulated      .Unregulated      .Beverage             -INF            1.0000        +INF             .          
Unregulated      .Unregulated      .Softs                -INF            1.0000        +INF             .          
Unregulated      .Unregulated      .Cheese               -INF            1.0000        +INF             .          
Unregulated      .Unregulated      .Butter-Powder        -INF            1.0000        +INF             .          
ROW              .Northeast        .Beverage             -INF            1.0000        +INF             .          
ROW              .Northeast        .Softs                -INF            1.0000        +INF             .          
ROW              .Northeast        .Cheese               -INF            1.0001        +INF             .          
ROW              .Northeast        .Butter-Powder        -INF            1.0001        +INF             .          
ROW              .Appalachian      .Beverage             -INF            1.0000        +INF             .          
ROW              .Appalachian      .Softs                -INF            1.0000        +INF             .          
ROW              .Appalachian      .Cheese               -INF            1.0001        +INF             .          
ROW              .Appalachian      .Butter-Powder        -INF            1.0001        +INF             .          
ROW              .Florida          .Beverage             -INF            1.0000        +INF             .          
ROW              .Florida          .Softs                -INF            1.0000        +INF             .          
ROW              .Florida          .Cheese               -INF            1.0001        +INF             .          
ROW              .Florida          .Butter-Powder        -INF            1.0001        +INF             .          
ROW              .Southeast        .Beverage             -INF            1.0000        +INF             .          
ROW              .Southeast        .Softs                -INF            1.0001        +INF             .          
ROW              .Southeast        .Cheese               -INF            1.0001        +INF             .          
ROW              .Southeast        .Butter-Powder        -INF            1.0002        +INF             .          
ROW              .Upper-Midwest    .Beverage             -INF            1.0000        +INF             .          
ROW              .Upper-Midwest    .Softs                -INF            1.0000        +INF             .          
ROW              .Upper-Midwest    .Cheese               -INF            1.0001        +INF             .          
ROW              .Upper-Midwest    .Butter-Powder        -INF            1.0002        +INF             .          
ROW              .Central          .Beverage             -INF            1.0000        +INF             .          
ROW              .Central          .Softs                -INF            1.0000        +INF             .          
ROW              .Central          .Cheese               -INF            1.0001        +INF             .          
ROW              .Central          .Butter-Powder        -INF            1.0002        +INF             .          
ROW              .Mideast          .Beverage             -INF            1.0000        +INF             .          
ROW              .Mideast          .Softs                -INF            1.0000        +INF             .          
ROW              .Mideast          .Cheese               -INF            1.0001        +INF             .          
ROW              .Mideast          .Butter-Powder        -INF            1.0002        +INF             .          
ROW              .California       .Beverage             -INF            1.0000        +INF             .          
ROW              .California       .Softs                -INF            1.0000        +INF             .          
ROW              .California       .Cheese               -INF            1.0001        +INF             .          
ROW              .California       .Butter-Powder        -INF            1.0002        +INF             .          
ROW              .Pacific-Northwest.Beverage             -INF            1.0000        +INF             .          
ROW              .Pacific-Northwest.Softs                -INF            1.0000        +INF             .          
ROW              .Pacific-Northwest.Cheese               -INF            1.0001        +INF             .          
ROW              .Pacific-Northwest.Butter-Powder        -INF            1.0003        +INF             .          
ROW              .Southwest        .Beverage             -INF            1.0000        +INF             .          
ROW              .Southwest        .Softs                -INF            1.0000        +INF             .          
ROW              .Southwest        .Cheese               -INF            1.0001        +INF             .          
ROW              .Southwest        .Butter-Powder        -INF            1.0002        +INF             .          
ROW              .Arizona          .Beverage             -INF            1.0000        +INF             .          
ROW              .Arizona          .Softs                -INF            1.0001        +INF             .          
ROW              .Arizona          .Cheese               -INF            1.0001        +INF             .          
ROW              .Arizona          .Butter-Powder        -INF            1.0002        +INF             .          
ROW              .Unregulated      .Beverage             -INF            1.0000        +INF             .          
ROW              .Unregulated      .Softs                -INF            1.0000        +INF             .          
ROW              .Unregulated      .Cheese               -INF            1.0001        +INF             .          
ROW              .Unregulated      .Butter-Powder        -INF            1.0003        +INF             .          

---- VAR C0  relative change in foreign demand for product N from origin DOMI

                                       LOWER          LEVEL          UPPER         MARGINAL

Northeast        .Softs                -INF            0.9973        +INF             .          
Northeast        .Cheese               -INF            0.9974        +INF             .          
Northeast        .Butter-Powder        -INF            0.9974        +INF             .          
Appalachian      .Softs                -INF            0.9972        +INF             .          
Appalachian      .Cheese               -INF            0.9974        +INF             .          
Appalachian      .Butter-Powder        -INF            0.9975        +INF             .          
Florida          .Softs                -INF            0.9972        +INF             .          
Florida          .Cheese               -INF            0.9974        +INF             .          
Florida          .Butter-Powder        -INF            0.9975        +INF             .          
Southeast        .Softs                -INF            0.9971        +INF             .          
Southeast        .Cheese               -INF            0.9972        +INF             .          
Southeast        .Butter-Powder        -INF            0.9970        +INF             .          
Upper-Midwest    .Softs                -INF            0.9973        +INF             .          
Upper-Midwest    .Cheese               -INF            0.9973        +INF             .          
Upper-Midwest    .Butter-Powder        -INF            0.9974        +INF             .          
Central          .Softs                -INF            0.9973        +INF             .          
Central          .Cheese               -INF            0.9973        +INF             .          
Central          .Butter-Powder        -INF            0.9973        +INF             .          
Mideast          .Softs                -INF            0.9973        +INF             .          
Mideast          .Cheese               -INF            0.9973        +INF             .          
Mideast          .Butter-Powder        -INF            0.9969        +INF             .          
California       .Softs                -INF            0.9973        +INF             .          
California       .Cheese               -INF            0.9972        +INF             .          
California       .Butter-Powder        -INF            0.9972        +INF             .          
Pacific-Northwest.Softs                -INF            0.9973        +INF             .          
Pacific-Northwest.Cheese               -INF            0.9972        +INF             .          
Pacific-Northwest.Butter-Powder        -INF            0.9970        +INF             .          
Southwest        .Softs                -INF            0.9973        +INF             .          
Southwest        .Cheese               -INF            0.9970        +INF             .          
Southwest        .Butter-Powder        -INF            0.9973        +INF             .          
Arizona          .Softs                -INF            0.9971        +INF             .          
Arizona          .Cheese               -INF            0.9971        +INF             .          
Arizona          .Butter-Powder        -INF            0.9974        +INF             .          
Unregulated      .Softs                -INF            0.9973        +INF             .          
Unregulated      .Cheese               -INF            0.9972        +INF             .          
Unregulated      .Butter-Powder        -INF            0.9971        +INF             .          

---- VAR PINDEX1  relative change in dairy product price index in region DOMJ

                         LOWER          LEVEL          UPPER         MARGINAL

Northeast                  .             1.0000        +INF             .          
Appalachian                .             1.0000        +INF             .          
Florida                    .             1.0000        +INF             .          
Southeast                  .             1.0000        +INF             .          
Upper-Midwest              .             1.0000        +INF             .          
Central                    .             1.0000        +INF             .          
Mideast                    .             1.0000        +INF             .          
California                 .             1.0000        +INF             .          
Pacific-Northwest          .             1.0000        +INF             .          
Southwest                  .             1.0000        +INF             .          
Arizona                    .             1.0000        +INF             .          
Unregulated                .             1.0000        +INF             .          

---- VAR PINDEX2  relative change in price of product N in region DOMJ

                                       LOWER          LEVEL          UPPER         MARGINAL

Northeast        .Beverage               .             1.0000        +INF             .          
Northeast        .Softs                  .             1.0000        +INF             .          
Northeast        .Cheese                 .             1.0000        +INF             .          
Northeast        .Butter-Powder          .             1.0000        +INF             .          
Appalachian      .Beverage               .             1.0000        +INF             .          
Appalachian      .Softs                  .             1.0000        +INF             .          
Appalachian      .Cheese                 .             1.0000        +INF             .          
Appalachian      .Butter-Powder          .             1.0000        +INF             .          
Florida          .Beverage               .             1.0000        +INF             .          
Florida          .Softs                  .             1.0000        +INF             .          
Florida          .Cheese                 .             1.0000        +INF             .          
Florida          .Butter-Powder          .             1.0000        +INF             .          
Southeast        .Beverage               .             1.0000        +INF             .          
Southeast        .Softs                  .             1.0000        +INF             .          
Southeast        .Cheese                 .             1.0000        +INF             .          
Southeast        .Butter-Powder          .             1.0000        +INF             .          
Upper-Midwest    .Beverage               .             1.0000        +INF             .          
Upper-Midwest    .Softs                  .             1.0000        +INF             .          
Upper-Midwest    .Cheese                 .             1.0000        +INF             .          
Upper-Midwest    .Butter-Powder          .             1.0000        +INF             .          
Central          .Beverage               .             1.0000        +INF             .          
Central          .Softs                  .             1.0000        +INF             .          
Central          .Cheese                 .             1.0000        +INF             .          
Central          .Butter-Powder          .             1.0000        +INF             .          
Mideast          .Beverage               .             1.0000        +INF             .          
Mideast          .Softs                  .             1.0000        +INF             .          
Mideast          .Cheese                 .             1.0000        +INF             .          
Mideast          .Butter-Powder          .             1.0000        +INF             .          
California       .Beverage               .             1.0000        +INF             .          
California       .Softs                  .             1.0000        +INF             .          
California       .Cheese                 .             1.0000        +INF             .          
California       .Butter-Powder          .             1.0000        +INF             .          
Pacific-Northwest.Beverage               .             1.0000        +INF             .          
Pacific-Northwest.Softs                  .             1.0000        +INF             .          
Pacific-Northwest.Cheese                 .             1.0000        +INF             .          
Pacific-Northwest.Butter-Powder          .             1.0001        +INF             .          
Southwest        .Beverage               .             1.0000        +INF             .          
Southwest        .Softs                  .             1.0000        +INF             .          
Southwest        .Cheese                 .             1.0000        +INF             .          
Southwest        .Butter-Powder          .             1.0000        +INF             .          
Arizona          .Beverage               .             1.0000        +INF             .          
Arizona          .Softs                  .             1.0000        +INF             .          
Arizona          .Cheese                 .             1.0000        +INF             .          
Arizona          .Butter-Powder          .             1.0000        +INF             .          
Unregulated      .Beverage               .             1.0000        +INF             .          
Unregulated      .Softs                  .             1.0000        +INF             .          
Unregulated      .Cheese                 .             1.0000        +INF             .          
Unregulated      .Butter-Powder          .             1.0000        +INF             .          

                           LOWER          LEVEL          UPPER         MARGINAL

---- VAR PINDEX10            .             1.0000        +INF             .          

  PINDEX10  relative change in foreign price index for dairy products

---- VAR PINDEX20  relative change in foreign price of product SUBN

                     LOWER          LEVEL          UPPER         MARGINAL

Softs                  .             1.0000        +INF             .          
Cheese                 .             1.0000        +INF             .          
Butter-Powder          .             1.0000        +INF             .          

---- VAR Q  relative change in production of product N in region DOMI

                                       LOWER          LEVEL          UPPER         MARGINAL

Northeast        .Beverage             -INF            1.0000        +INF             .          
Northeast        .Softs                -INF            1.0000        +INF             .          
Northeast        .Cheese               -INF            1.0000        +INF             .          
Northeast        .Butter-Powder        -INF            1.0000        +INF             .          
Appalachian      .Beverage             -INF            1.0000        +INF             .          
Appalachian      .Softs                -INF            0.9999        +INF             .          
Appalachian      .Cheese               -INF            0.9999        +INF             .          
Appalachian      .Butter-Powder        -INF            1.0001        +INF             .          
Florida          .Beverage             -INF            1.0000        +INF             .          
Florida          .Softs                -INF            0.9998        +INF             .          
Florida          .Cheese               -INF            0.9995        +INF             .          
Florida          .Butter-Powder        -INF            0.9987        +INF             .          
Southeast        .Beverage             -INF            1.0000        +INF             .          
Southeast        .Softs                -INF            0.9998        +INF             .          
Southeast        .Cheese               -INF            0.9998        +INF             .          
Southeast        .Butter-Powder        -INF            0.9997        +INF             .          
Upper-Midwest    .Beverage             -INF            1.0000        +INF             .          
Upper-Midwest    .Softs                -INF            1.0000        +INF             .          
Upper-Midwest    .Cheese               -INF            0.9999        +INF             .          
Upper-Midwest    .Butter-Powder        -INF            0.9999        +INF             .          
Central          .Beverage             -INF            1.0000        +INF             .          
Central          .Softs                -INF            1.0000        +INF             .          
Central          .Cheese               -INF            0.9999        +INF             .          
Central          .Butter-Powder        -INF            0.9998        +INF             .          
Mideast          .Beverage             -INF            1.0000        +INF             .          
Mideast          .Softs                -INF            1.0000        +INF             .          
Mideast          .Cheese               -INF            1.0000        +INF             .          
Mideast          .Butter-Powder        -INF            0.9996        +INF             .          
California       .Beverage             -INF            1.0000        +INF             .          
California       .Softs                -INF            1.0000        +INF             .          
California       .Cheese               -INF            0.9997        +INF             .          
California       .Butter-Powder        -INF            0.9995        +INF             .          
Pacific-Northwest.Beverage             -INF            1.0000        +INF             .          
Pacific-Northwest.Softs                -INF            0.9999        +INF             .          
Pacific-Northwest.Cheese               -INF            0.9998        +INF             .          
Pacific-Northwest.Butter-Powder        -INF            0.9990        +INF             .          
Southwest        .Beverage             -INF            1.0000        +INF             .          
Southwest        .Softs                -INF            1.0000        +INF             .          
Southwest        .Cheese               -INF            0.9997        +INF             .          
Southwest        .Butter-Powder        -INF            0.9995        +INF             .          
Arizona          .Beverage             -INF            1.0000        +INF             .          
Arizona          .Softs                -INF            0.9998        +INF             .          
Arizona          .Cheese               -INF            0.9999        +INF             .          
Arizona          .Butter-Powder        -INF            0.9999        +INF             .          
Unregulated      .Beverage             -INF            1.0000        +INF             .          
Unregulated      .Softs                -INF            1.0000        +INF             .          
Unregulated      .Cheese               -INF            0.9999        +INF             .          
Unregulated      .Butter-Powder        -INF            0.9997        +INF             .          

---- VAR P  relative change in producer price of product N in region I

                                       LOWER          LEVEL          UPPER         MARGINAL

Northeast        .Beverage               .             1.0000        +INF             .          
Northeast        .Softs                  .             1.0000        +INF             .          
Northeast        .Cheese                 .             1.0000        +INF             .          
Northeast        .Butter-Powder          .             1.0000        +INF             .          
Appalachian      .Beverage               .             1.0000        +INF             .          
Appalachian      .Softs                  .             1.0000        +INF             .          
Appalachian      .Cheese                 .             1.0000        +INF             .          
Appalachian      .Butter-Powder          .             1.0000        +INF             .          
Florida          .Beverage               .             1.0000        +INF             .          
Florida          .Softs                  .             1.0000        +INF             .          
Florida          .Cheese                 .             1.0000        +INF             .          
Florida          .Butter-Powder          .             1.0000        +INF             .          
Southeast        .Beverage               .             1.0000        +INF             .          
Southeast        .Softs                  .             1.0000        +INF             .          
Southeast        .Cheese                 .             1.0000        +INF             .          
Southeast        .Butter-Powder          .             1.0001        +INF             .          
Upper-Midwest    .Beverage               .             1.0000        +INF             .          
Upper-Midwest    .Softs                  .             1.0000        +INF             .          
Upper-Midwest    .Cheese                 .             1.0000        +INF             .          
Upper-Midwest    .Butter-Powder          .             1.0000        +INF             .          
Central          .Beverage               .             1.0000        +INF             .          
Central          .Softs                  .             1.0000        +INF             .          
Central          .Cheese                 .             1.0000        +INF             .          
Central          .Butter-Powder          .             1.0000        +INF             .          
Mideast          .Beverage               .             1.0000        +INF             .          
Mideast          .Softs                  .             1.0000        +INF             .          
Mideast          .Cheese                 .             1.0000        +INF             .          
Mideast          .Butter-Powder          .             1.0001        +INF             .          
California       .Beverage               .             1.0000        +INF             .          
California       .Softs                  .             1.0000        +INF             .          
California       .Cheese                 .             1.0000        +INF             .          
California       .Butter-Powder          .             1.0000        +INF             .          
Pacific-Northwest.Beverage               .             1.0000        +INF             .          
Pacific-Northwest.Softs                  .             1.0000        +INF             .          
Pacific-Northwest.Cheese                 .             1.0000        +INF             .          
Pacific-Northwest.Butter-Powder          .             1.0001        +INF             .          
Southwest        .Beverage               .             1.0000        +INF             .          
Southwest        .Softs                  .             1.0000        +INF             .          
Southwest        .Cheese                 .             1.0001        +INF             .          
Southwest        .Butter-Powder          .             1.0000        +INF             .          
Arizona          .Beverage               .             1.0000        +INF             .          
Arizona          .Softs                  .             1.0000        +INF             .          
Arizona          .Cheese                 .             1.0000        +INF             .          
Arizona          .Butter-Powder          .             1.0000        +INF             .          
Unregulated      .Beverage               .             1.0000        +INF             .          
Unregulated      .Softs                  .             1.0000        +INF             .          
Unregulated      .Cheese                 .             1.0000        +INF             .          
Unregulated      .Butter-Powder          .             1.0000        +INF             .          
ROW              .Beverage              1.0000         1.0000         1.0000         EPS         
ROW              .Softs                 1.0000         1.0000         1.0000         EPS         
ROW              .Cheese                1.0000         1.0000         1.0000         EPS         
ROW              .Butter-Powder         1.0000         1.0000         1.0000         EPS         

                           LOWER          LEVEL          UPPER         MARGINAL

---- VAR OBJ               -INF            1.0000        +INF             .          

  OBJ  constant objective variable for optimization algorithm


**** REPORT SUMMARY :        0     NONOPT
                             0 INFEASIBLE
                             0  UNBOUNDED
                             0     ERRORS
GAMS 54.2.1  d9889eb3 Jul 13, 2026          DAX-DAC arm 64bit/macOS - 08/12/26 09:47:57 Page 15
GAMS CODE FOR "THE GEOGRAPHIC FOOTPRINT OF U.S. DAIRY POLICY," QUANTITATIVE ECONOMICS
E x e c u t i o n


----   1832 PARAMETER ELASCOMPUSEBEVTOT    =  -0.10601198  aggregate elasticity of component demand for use in beverage products
            PARAMETER ELASCOMPUSEMANTOT    =  -0.30205707  aggregate elasticity of component demand for use in other dairy products
            PARAMETER SHAREBEV             =   0.19439165  share of component value used in beverage products
            PARAMETER SHAREMANFOR          =   0.03609021  share of foreign in value of consumption of non-beverage dairy products
            PARAMETER ELASCOMPUSEMANTOT100 =  -1.64865419  aggregate elasticity of component demand for use in other dairy products when EPSILON0=100
            PARAMETER PSI                  =   0.17825952  milk share of domestic dairy product dollar


EXECUTION TIME       =        0.097 SECONDS      5 MB  54.2.1 d9889eb3 DAX-DAC


USER: MUD-20 User License, Laurie Warren             G260106+0003Ac-GEN
      University of California, Davis, Agricultural           DC14975-3
      License for teaching and research at degree granting institutions


**** FILE SUMMARY

Input      /Users/pierre/Dropbox/MMO analysis/Replication Package/GAMS CODE/FMMO_Model_QE.gms
Output     /Users/pierre/Dropbox/MMO analysis/Replication Package/GAMS CODE/FMMO_Model_QE.lst
